6 3
1 12
2 7
5 9
9 13
10 18
15 20

0 0 0 0 0 0 0 0 0 30000 
0 0 0 0 0 0 0 0 10 29991 
0 0 0 0 0 0 0 0 20 29982 
0 0 0 0 0 0 0 0 30 29973 
0 0 0 0 0 0 0 0 40 29964 
0 0 0 0 0 0 0 0 50 29955 
0 0 0 0 0 0 0 0 60 29946 
0 0 0 0 0 0 0 0 70 29937 
0 0 0 0 0 0 0 0 80 29928 
0 0 0 0 0 0 0 0 90 29919 
0 0 0 0 0 0 0 0 100 29910 
0 0 0 0 0 0 0 0 110 29901 
0 0 0 0 0 0 0 0 120 29892 
0 0 0 0 0 0 0 0 130 29883 
0 0 0 0 0 0 0 0 140 29874 
0 0 0 0 0 0 0 0 150 29865 
0 0 0 0 0 0 0 0 160 29856 
0 0 0 0 0 0 0 0 170 29847 
0 0 0 0 0 0 0 0 180 29838 
0 0 0 0 0 0 0 0 190 29829 
0 0 0 0 0 0 0 0 200 29820 
0 0 0 0 0 0 0 0 210 29811 
0 0 0 0 0 0 0 0 220 29802 
0 0 0 0 0 0 0 0 230 29793 
0 0 0 0 0 0 0 0 240 29784 
0 0 0 0 0 0 0 0 250 29775 
0 0 0 0 0 0 0 0 260 29766 
0 0 0 0 0 0 0 0 270 29757 
0 0 0 0 0 0 0 0 280 29748 
0 0 0 0 0 0 0 0 290 29739 
0 0 0 0 0 0 0 0 300 29730 
0 0 0 0 0 0 0 0 310 29721 
0 0 0 0 0 0 0 0 320 29712 
0 0 0 0 0 0 0 0 330 29703 
0 0 0 0 0 0 0 0 340 29694 
0 0 0 0 0 0 0 0 350 29685 
0 0 0 0 0 0 0 0 360 29676 
0 0 0 0 0 0 0 0 370 29667 
0 0 0 0 0 0 0 0 380 29658 
0 0 0 0 0 0 0 0 390 29649 
0 0 0 0 0 0 0 0 400 29640 
0 0 0 0 0 0 0 0 410 29631 
0 0 0 0 0 0 0 0 420 29622 
0 0 0 0 0 0 0 0 430 29613 
0 0 0 0 0 0 0 0 440 29604 
0 0 0 0 0 0 0 0 450 29595 
0 0 0 0 0 0 0 0 460 29586 
0 0 0 0 0 0 0 0 470 29577 
0 0 0 0 0 0 0 0 480 29568 
0 0 0 0 0 0 0 0 490 29559 
0 0 0 0 0 0 0 0 500 29550 
0 0 0 0 0 0 0 0 510 29541 
0 0 0 0 0 0 0 0 520 29532 
0 0 0 0 0 0 0 0 530 29523 
0 0 0 0 0 0 0 0 540 29514 
0 0 0 0 0 0 0 0 550 29505 
0 0 0 0 0 0 0 0 560 29496 
0 0 0 0 0 0 0 0 570 29487 
0 0 0 0 0 0 0 0 580 29478 
0 0 0 0 0 0 0 0 590 29469 
0 0 0 0 0 0 0 0 600 29460 
0 0 0 0 0 0 0 0 610 29451 
0 0 0 0 0 0 0 0 620 29442 
0 0 0 0 0 0 0 0 630 29433 
0 0 0 0 0 0 0 0 640 29424 
0 0 0 0 0 0 0 0 650 29415 
0 0 0 0 0 0 0 0 660 29406 
0 0 0 0 0 0 0 0 670 29397 
0 0 0 0 0 0 0 0 680 29388 
0 0 0 0 0 0 0 0 690 29379 
0 0 0 0 0 0 0 0 700 29370 
0 0 0 0 0 0 0 0 710 29361 
0 0 0 0 0 0 0 0 720 29352 
0 0 0 0 0 0 0 0 730 29343 
0 0 0 0 0 0 0 0 740 29334 
0 0 0 0 0 0 0 0 750 29325 
0 0 0 0 0 0 0 0 760 29316 
0 0 0 0 0 0 0 0 770 29307 
0 0 0 0 0 0 0 0 780 29298 
0 0 0 0 0 0 0 0 790 29289 
0 0 0 0 0 0 0 0 800 29280 
0 0 0 0 0 0 0 0 810 29271 
0 0 0 0 0 0 0 0 820 29262 
0 0 0 0 0 0 0 0 830 29253 
0 0 0 0 0 0 0 0 840 29244 
0 0 0 0 0 0 0 0 850 29235 
0 0 0 0 0 0 0 0 860 29226 
0 0 0 0 0 0 0 0 870 29217 
0 0 0 0 0 0 0 0 880 29208 
0 0 0 0 0 0 0 0 890 29199 
0 0 0 0 0 0 0 0 900 29190 
0 0 0 0 0 0 0 0 910 29181 
0 0 0 0 0 0 0 0 920 29172 
0 0 0 0 0 0 0 0 930 29163 
0 0 0 0 0 0 0 0 940 29154 
0 0 0 0 0 0 0 0 950 29145 
0 0 0 0 0 0 0 0 960 29136 
0 0 0 0 0 0 0 0 970 29127 
0 0 0 0 0 0 0 0 980 29118 
0 0 0 0 0 0 0 0 990 29109 
0 0 0 0 0 0 0 0 1000 29100 
0 0 0 0 0 0 0 0 1010 29091 
0 0 0 0 0 0 0 0 1020 29082 
0 0 0 0 0 0 0 0 1030 29073 
0 0 0 0 0 0 0 0 1040 29064 
0 0 0 0 0 0 0 0 1050 29055 
0 0 0 0 0 0 0 0 1060 29046 
0 0 0 0 0 0 0 0 1070 29037 
0 0 0 0 0 0 0 0 1080 29028 
0 0 0 0 0 0 0 0 1090 29019 
0 0 0 0 0 0 0 0 1100 29010 
0 0 0 0 0 0 0 0 1110 29001 
0 0 0 0 0 0 0 0 1120 28992 
0 0 0 0 0 0 0 0 1130 28983 
0 0 0 0 0 0 0 0 1140 28974 
0 0 0 0 0 0 0 0 1150 28965 
0 0 0 0 0 0 0 0 1160 28956 
0 0 0 0 0 0 0 0 1170 28947 
0 0 0 0 0 0 0 0 1180 28938 
0 0 0 0 0 0 0 0 1190 28929 
0 0 0 0 0 0 0 0 1200 28920 
0 0 0 0 0 0 0 0 1210 28911 
0 0 0 0 0 0 0 0 1220 28902 
0 0 0 0 0 0 0 0 1230 28893 
0 0 0 0 0 0 0 0 1240 28884 
0 0 0 0 0 0 0 0 1250 28875 
0 0 0 0 0 0 0 0 1260 28866 
0 0 0 0 0 0 0 0 1270 28857 
0 0 0 0 0 0 0 0 1280 28848 
0 0 0 0 0 0 0 0 1290 28839 
0 0 0 0 0 0 0 0 1300 28830 
0 0 0 0 0 0 0 0 1310 28821 
0 0 0 0 0 0 0 0 1320 28812 
0 0 0 0 0 0 0 0 1330 28803 
0 0 0 0 0 0 0 0 1340 28794 
0 0 0 0 0 0 0 0 1350 28785 
0 0 0 0 0 0 0 0 1360 28776 
0 0 0 0 0 0 0 0 1370 28767 
0 0 0 0 0 0 0 0 1380 28758 
0 0 0 0 0 0 0 0 1390 28749 
0 0 0 0 0 0 0 0 1400 28740 
0 0 0 0 0 0 0 0 1410 28731 
0 0 0 0 0 0 0 0 1420 28722 
0 0 0 0 0 0 0 0 1430 28713 
0 0 0 0 0 0 0 0 1440 28704 
0 0 0 0 0 0 0 0 1450 28695 
0 0 0 0 0 0 0 0 1460 28686 
0 0 0 0 0 0 0 0 1470 28677 
0 0 0 0 0 0 0 0 1480 28668 
0 0 0 0 0 0 0 0 1490 28659 
0 0 0 0 0 0 0 0 1500 28650 
0 0 0 0 0 0 0 0 1510 28641 
0 0 0 0 0 0 0 0 1520 28632 
0 0 0 0 0 0 0 0 1530 28623 
0 0 0 0 0 0 0 0 1540 28614 
0 0 0 0 0 0 0 0 1550 28605 
0 0 0 0 0 0 0 0 1560 28596 
0 0 0 0 0 0 0 0 1570 28587 
0 0 0 0 0 0 0 0 1580 28578 
0 0 0 0 0 0 0 0 1590 28569 
0 0 0 0 0 0 0 0 1600 28560 
0 0 0 0 0 0 0 0 1610 28551 
0 0 0 0 0 0 0 0 1620 28542 
0 0 0 0 0 0 0 0 1630 28533 
0 0 0 0 0 0 0 0 1640 28524 
0 0 0 0 0 0 0 0 1650 28515 
0 0 0 0 0 0 0 0 1660 28506 
0 0 0 0 0 0 0 0 1670 28497 
0 0 0 0 0 0 0 0 1680 28488 
0 0 0 0 0 0 0 0 1690 28479 
0 0 0 0 0 0 0 0 1700 28470 
0 0 0 0 0 0 0 0 1710 28461 
0 0 0 0 0 0 0 0 1720 28452 
0 0 0 0 0 0 0 0 1730 28443 
0 0 0 0 0 0 0 0 1740 28434 
0 0 0 0 0 0 0 0 1750 28425 
0 0 0 0 0 0 0 0 1760 28416 
0 0 0 0 0 0 0 0 1770 28407 
0 0 0 0 0 0 0 0 1780 28398 
0 0 0 0 0 0 0 0 1790 28389 
0 0 0 0 0 0 0 0 1800 28380 
0 0 0 0 0 0 0 0 1810 28371 
0 0 0 0 0 0 0 0 1820 28362 
0 0 0 0 0 0 0 0 1830 28353 
0 0 0 0 0 0 0 0 1840 28344 
0 0 0 0 0 0 0 0 1850 28335 
0 0 0 0 0 0 0 0 1860 28326 
0 0 0 0 0 0 0 0 1870 28317 
0 0 0 0 0 0 0 0 1880 28308 
0 0 0 0 0 0 0 0 1890 28299 
0 0 0 0 0 0 0 0 1900 28290 
0 0 0 0 0 0 0 0 1910 28281 
0 0 0 0 0 0 0 0 1920 28272 
0 0 0 0 0 0 0 0 1930 28263 
0 0 0 0 0 0 0 0 1940 28254 
0 0 0 0 0 0 0 0 1950 28245 
0 0 0 0 0 0 0 0 1960 28236 
0 0 0 0 0 0 0 0 1970 28227 
0 0 0 0 0 0 0 0 1980 28218 
0 0 0 0 0 0 0 0 1990 28209 
0 0 0 0 0 0 0 0 2000 28200 
0 0 0 0 0 0 0 0 2010 28191 
0 0 0 0 0 0 0 0 2020 28182 
0 0 0 0 0 0 0 0 2030 28173 
0 0 0 0 0 0 0 0 2040 28164 
0 0 0 0 0 0 0 0 2050 28155 
0 0 0 0 0 0 0 0 2060 28146 
0 0 0 0 0 0 0 0 2070 28137 
0 0 0 0 0 0 0 0 2080 28128 
0 0 0 0 0 0 0 0 2090 28119 
0 0 0 0 0 0 0 0 2100 28110 
0 0 0 0 0 0 0 0 2110 28101 
0 0 0 0 0 0 0 0 2120 28092 
0 0 0 0 0 0 0 0 2130 28083 
0 0 0 0 0 0 0 0 2140 28074 
0 0 0 0 0 0 0 0 2150 28065 
0 0 0 0 0 0 0 0 2160 28056 
0 0 0 0 0 0 0 0 2170 28047 
0 0 0 0 0 0 0 0 2180 28038 
0 0 0 0 0 0 0 0 2190 28029 
0 0 0 0 0 0 0 0 2200 28020 
0 0 0 0 0 0 0 0 2210 28011 
0 0 0 0 0 0 0 0 2220 28002 
0 0 0 0 0 0 0 0 2230 27993 
0 0 0 0 0 0 0 0 2240 27984 
0 0 0 0 0 0 0 0 2250 27975 
0 0 0 0 0 0 0 0 2260 27966 
0 0 0 0 0 0 0 0 2270 27957 
0 0 0 0 0 0 0 0 2280 27948 
0 0 0 0 0 0 0 0 2290 27939 
0 0 0 0 0 0 0 0 2300 27930 
0 0 0 0 0 0 0 0 2310 27921 
0 0 0 0 0 0 0 0 2320 27912 
0 0 0 0 0 0 0 0 2330 27903 
0 0 0 0 0 0 0 0 2340 27894 
0 0 0 0 0 0 0 0 2350 27885 
0 0 0 0 0 0 0 0 2360 27876 
0 0 0 0 0 0 0 0 2370 27867 
0 0 0 0 0 0 0 0 2380 27858 
0 0 0 0 0 0 0 0 2390 27849 
0 0 0 0 0 0 0 0 2400 27840 
0 0 0 0 0 0 0 0 2410 27831 
0 0 0 0 0 0 0 0 2420 27822 
0 0 0 0 0 0 0 0 2430 27813 
0 0 0 0 0 0 0 0 2440 27804 
0 0 0 0 0 0 0 0 2450 27795 
0 0 0 0 0 0 0 0 2460 27786 
0 0 0 0 0 0 0 0 2470 27777 
0 0 0 0 0 0 0 0 2480 27768 
0 0 0 0 0 0 0 0 2490 27759 
0 0 0 0 0 0 0 0 2500 27750 
0 0 0 0 0 0 0 0 2510 27741 
0 0 0 0 0 0 0 0 2520 27732 
0 0 0 0 0 0 0 0 2530 27723 
0 0 0 0 0 0 0 0 2540 27714 
0 0 0 0 0 0 0 0 2550 27705 
0 0 0 0 0 0 0 0 2560 27696 
0 0 0 0 0 0 0 0 2570 27687 
0 0 0 0 0 0 0 0 2580 27678 
0 0 0 0 0 0 0 0 2590 27669 
0 0 0 0 0 0 0 0 2600 27660 
0 0 0 0 0 0 0 0 2610 27651 
0 0 0 0 0 0 0 0 2620 27642 
0 0 0 0 0 0 0 0 2630 27633 
0 0 0 0 0 0 0 0 2640 27624 
0 0 0 0 0 0 0 0 2650 27615 
0 0 0 0 0 0 0 0 2660 27606 
0 0 0 0 0 0 0 0 2670 27597 
0 0 0 0 0 0 0 0 2680 27588 
0 0 0 0 0 0 0 0 2690 27579 
0 0 0 0 0 0 0 0 2700 27570 
0 0 0 0 0 0 0 0 2710 27561 
0 0 0 0 0 0 0 0 2720 27552 
0 0 0 0 0 0 0 0 2730 27543 
0 0 0 0 0 0 0 0 2740 27534 
0 0 0 0 0 0 0 0 2750 27525 
0 0 0 0 0 0 0 0 2760 27516 
0 0 0 0 0 0 0 0 2770 27507 
0 0 0 0 0 0 0 0 2780 27498 
0 0 0 0 0 0 0 0 2790 27489 
0 0 0 0 0 0 0 0 2800 27480 
0 0 0 0 0 0 0 0 2810 27471 
0 0 0 0 0 0 0 0 2820 27462 
0 0 0 0 0 0 0 0 2830 27453 
0 0 0 0 0 0 0 0 2840 27444 
0 0 0 0 0 0 0 0 2850 27435 
0 0 0 0 0 0 0 0 2860 27426 
0 0 0 0 0 0 0 0 2870 27417 
0 0 0 0 0 0 0 0 2880 27408 
0 0 0 0 0 0 0 0 2890 27399 
0 0 0 0 0 0 0 0 2900 27390 
0 0 0 0 0 0 0 0 2910 27381 
0 0 0 0 0 0 0 0 2920 27372 
0 0 0 0 0 0 0 0 2930 27363 
0 0 0 0 0 0 0 0 2940 27354 
0 0 0 0 0 0 0 0 2950 27345 
0 0 0 0 0 0 0 0 2960 27336 
0 0 0 0 0 0 0 0 2970 27327 
0 0 0 0 0 0 0 0 2980 27318 
0 0 0 0 0 0 0 0 2990 27309 
0 0 0 0 0 0 0 0 3000 27300 
0 0 0 0 0 0 0 0 3010 27291 
0 0 0 0 0 0 0 0 3020 27282 
0 0 0 0 0 0 0 0 3030 27273 
0 0 0 0 0 0 0 0 3040 27264 
0 0 0 0 0 0 0 0 3050 27255 
0 0 0 0 0 0 0 0 3060 27246 
0 0 0 0 0 0 0 0 3070 27237 
0 0 0 0 0 0 0 0 3080 27228 
0 0 0 0 0 0 0 0 3090 27219 
0 0 0 0 0 0 0 0 3100 27210 
0 0 0 0 0 0 0 0 3110 27201 
0 0 0 0 0 0 0 0 3120 27192 
0 0 0 0 0 0 0 0 3130 27183 
0 0 0 0 0 0 0 0 3140 27174 
0 0 0 0 0 0 0 0 3150 27165 
0 0 0 0 0 0 0 0 3160 27156 
0 0 0 0 0 0 0 0 3170 27147 
0 0 0 0 0 0 0 0 3180 27138 
0 0 0 0 0 0 0 0 3190 27129 
0 0 0 0 0 0 0 0 3200 27120 
0 0 0 0 0 0 0 0 3210 27111 
0 0 0 0 0 0 0 0 3220 27102 
0 0 0 0 0 0 0 0 3230 27093 
0 0 0 0 0 0 0 0 3240 27084 
0 0 0 0 0 0 0 0 3250 27075 
0 0 0 0 0 0 0 0 3260 27066 
0 0 0 0 0 0 0 0 3270 27057 
0 0 0 0 0 0 0 0 3280 27048 
0 0 0 0 0 0 0 0 3290 27039 
0 0 0 0 0 0 0 0 3300 27030 
0 0 0 0 0 0 0 0 3310 27021 
0 0 0 0 0 0 0 0 3320 27012 
0 0 0 0 0 0 0 0 3330 27003 
0 0 0 0 0 0 0 0 3340 26994 
0 0 0 0 0 0 0 0 3350 26985 
0 0 0 0 0 0 0 0 3360 26976 
0 0 0 0 0 0 0 0 3370 26967 
0 0 0 0 0 0 0 0 3380 26958 
0 0 0 0 0 0 0 0 3390 26949 
0 0 0 0 0 0 0 0 3400 26940 
0 0 0 0 0 0 0 0 3410 26931 
0 0 0 0 0 0 0 0 3420 26922 
0 0 0 0 0 0 0 0 3430 26913 
0 0 0 0 0 0 0 0 3440 26904 
0 0 0 0 0 0 0 0 3450 26895 
0 0 0 0 0 0 0 0 3460 26886 
0 0 0 0 0 0 0 0 3470 26877 
0 0 0 0 0 0 0 0 3480 26868 
0 0 0 0 0 0 0 0 3490 26859 
0 0 0 0 0 0 0 0 3500 26850 
0 0 0 0 0 0 0 0 3510 26841 
0 0 0 0 0 0 0 0 3520 26832 
0 0 0 0 0 0 0 0 3530 26823 
0 0 0 0 0 0 0 0 3540 26814 
0 0 0 0 0 0 0 0 3550 26805 
0 0 0 0 0 0 0 0 3560 26796 
0 0 0 0 0 0 0 0 3570 26787 
0 0 0 0 0 0 0 0 3580 26778 
0 0 0 0 0 0 0 0 3590 26769 
0 0 0 0 0 0 0 0 3600 26760 
0 0 0 0 0 0 0 0 3610 26751 
0 0 0 0 0 0 0 0 3620 26742 
0 0 0 0 0 0 0 0 3630 26733 
0 0 0 0 0 0 0 0 3640 26724 
0 0 0 0 0 0 0 0 3650 26715 
0 0 0 0 0 0 0 0 3660 26706 
0 0 0 0 0 0 0 0 3670 26697 
0 0 0 0 0 0 0 0 3680 26688 
0 0 0 0 0 0 0 0 3690 26679 
0 0 0 0 0 0 0 0 3700 26670 
0 0 0 0 0 0 0 0 3710 26661 
0 0 0 0 0 0 0 0 3720 26652 
0 0 0 0 0 0 0 0 3730 26643 
0 0 0 0 0 0 0 0 3740 26634 
0 0 0 0 0 0 0 0 3750 26625 
0 0 0 0 0 0 0 0 3760 26616 
0 0 0 0 0 0 0 0 3770 26607 
0 0 0 0 0 0 0 0 3780 26598 
0 0 0 0 0 0 0 0 3790 26589 
0 0 0 0 0 0 0 0 3800 26580 
0 0 0 0 0 0 0 0 3810 26571 
0 0 0 0 0 0 0 0 3820 26562 
0 0 0 0 0 0 0 0 3830 26553 
0 0 0 0 0 0 0 0 3840 26544 
0 0 0 0 0 0 0 0 3850 26535 
0 0 0 0 0 0 0 0 3860 26526 
0 0 0 0 0 0 0 0 3870 26517 
0 0 0 0 0 0 0 0 3880 26508 
0 0 0 0 0 0 0 0 3890 26499 
0 0 0 0 0 0 0 0 3900 26490 
0 0 0 0 0 0 0 0 3910 26481 
0 0 0 0 0 0 0 0 3920 26472 
0 0 0 0 0 0 0 0 3930 26463 
0 0 0 0 0 0 0 0 3940 26454 
0 0 0 0 0 0 0 0 3950 26445 
0 0 0 0 0 0 0 0 3960 26436 
0 0 0 0 0 0 0 0 3970 26427 
0 0 0 0 0 0 0 0 3980 26418 
0 0 0 0 0 0 0 0 3990 26409 
0 0 0 0 0 0 0 0 4000 26400 
0 0 0 0 0 0 0 0 4010 26391 
0 0 0 0 0 0 0 0 4020 26382 
0 0 0 0 0 0 0 0 4030 26373 
0 0 0 0 0 0 0 0 4040 26364 
0 0 0 0 0 0 0 0 4050 26355 
0 0 0 0 0 0 0 0 4060 26346 
0 0 0 0 0 0 0 0 4070 26337 
0 0 0 0 0 0 0 0 4080 26328 
0 0 0 0 0 0 0 0 4090 26319 
0 0 0 0 0 0 0 0 4100 26310 
0 0 0 0 0 0 0 0 4110 26301 
0 0 0 0 0 0 0 0 4120 26292 
0 0 0 0 0 0 0 0 4130 26283 
0 0 0 0 0 0 0 0 4140 26274 
0 0 0 0 0 0 0 0 4150 26265 
0 0 0 0 0 0 0 0 4160 26256 
0 0 0 0 0 0 0 0 4170 26247 
0 0 0 0 0 0 0 0 4180 26238 
0 0 0 0 0 0 0 0 4190 26229 
0 0 0 0 0 0 0 0 4200 26220 
0 0 0 0 0 0 0 0 4210 26211 
0 0 0 0 0 0 0 0 4220 26202 
0 0 0 0 0 0 0 0 4230 26193 
0 0 0 0 0 0 0 0 4240 26184 
0 0 0 0 0 0 0 0 4250 26175 
0 0 0 0 0 0 0 0 4260 26166 
0 0 0 0 0 0 0 0 4270 26157 
0 0 0 0 0 0 0 0 4280 26148 
0 0 0 0 0 0 0 0 4290 26139 
0 0 0 0 0 0 0 0 4300 26130 
0 0 0 0 0 0 0 0 4310 26121 
0 0 0 0 0 0 0 0 4320 26112 
0 0 0 0 0 0 0 0 4330 26103 
0 0 0 0 0 0 0 0 4340 26094 
0 0 0 0 0 0 0 0 4350 26085 
0 0 0 0 0 0 0 0 4360 26076 
0 0 0 0 0 0 0 0 4370 26067 
0 0 0 0 0 0 0 0 4380 26058 
0 0 0 0 0 0 0 0 4390 26049 
0 0 0 0 0 0 0 0 4400 26040 
0 0 0 0 0 0 0 0 4410 26031 
0 0 0 0 0 0 0 0 4420 26022 
0 0 0 0 0 0 0 0 4430 26013 
0 0 0 0 0 0 0 0 4440 26004 
0 0 0 0 0 0 0 0 4450 25995 
0 0 0 0 0 0 0 0 4460 25986 
0 0 0 0 0 0 0 0 4470 25977 
0 0 0 0 0 0 0 0 4480 25968 
0 0 0 0 0 0 0 0 4490 25959 
0 0 0 0 0 0 0 0 4500 25950 
0 0 0 0 0 0 0 0 4510 25941 
0 0 0 0 0 0 0 0 4520 25932 
0 0 0 0 0 0 0 0 4530 25923 
0 0 0 0 0 0 0 0 4540 25914 
0 0 0 0 0 0 0 0 4550 25905 
0 0 0 0 0 0 0 0 4560 25896 
0 0 0 0 0 0 0 0 4570 25887 
0 0 0 0 0 0 0 0 4580 25878 
0 0 0 0 0 0 0 0 4590 25869 
0 0 0 0 0 0 0 0 4600 25860 
0 0 0 0 0 0 0 0 4610 25851 
0 0 0 0 0 0 0 0 4620 25842 
0 0 0 0 0 0 0 0 4630 25833 
0 0 0 0 0 0 0 0 4640 25824 
0 0 0 0 0 0 0 0 4650 25815 
0 0 0 0 0 0 0 0 4660 25806 
0 0 0 0 0 0 0 0 4670 25797 
0 0 0 0 0 0 0 0 4680 25788 
0 0 0 0 0 0 0 0 4690 25779 
0 0 0 0 0 0 0 0 4700 25770 
0 0 0 0 0 0 0 0 4710 25761 
0 0 0 0 0 0 0 0 4720 25752 
0 0 0 0 0 0 0 0 4730 25743 
0 0 0 0 0 0 0 0 4740 25734 
0 0 0 0 0 0 0 0 4750 25725 
0 0 0 0 0 0 0 0 4760 25716 
0 0 0 0 0 0 0 0 4770 25707 
0 0 0 0 0 0 0 0 4780 25698 
0 0 0 0 0 0 0 0 4790 25689 
0 0 0 0 0 0 0 0 4800 25680 
0 0 0 0 0 0 0 0 4810 25671 
0 0 0 0 0 0 0 0 4820 25662 
0 0 0 0 0 0 0 0 4830 25653 
0 0 0 0 0 0 0 0 4840 25644 
0 0 0 0 0 0 0 0 4850 25635 
0 0 0 0 0 0 0 0 4860 25626 
0 0 0 0 0 0 0 0 4870 25617 
0 0 0 0 0 0 0 0 4880 25608 
0 0 0 0 0 0 0 0 4890 25599 
0 0 0 0 0 0 0 0 4900 25590 
0 0 0 0 0 0 0 0 4910 25581 
0 0 0 0 0 0 0 0 4920 25572 
0 0 0 0 0 0 0 0 4930 25563 
0 0 0 0 0 0 0 0 4940 25554 
0 0 0 0 0 0 0 0 4950 25545 
0 0 0 0 0 0 0 0 4960 25536 
0 0 0 0 0 0 0 0 4970 25527 
0 0 0 0 0 0 0 0 4980 25518 
0 0 0 0 0 0 0 0 4990 25509 
0 0 0 0 0 0 0 0 5000 25500 
0 0 0 0 0 0 0 0 5010 25491 
0 0 0 0 0 0 0 0 5020 25482 
0 0 0 0 0 0 0 0 5030 25473 
0 0 0 0 0 0 0 0 5040 25464 
0 0 0 0 0 0 0 0 5050 25455 
0 0 0 0 0 0 0 0 5060 25446 
0 0 0 0 0 0 0 0 5070 25437 
0 0 0 0 0 0 0 0 5080 25428 
0 0 0 0 0 0 0 0 5090 25419 
0 0 0 0 0 0 0 0 5100 25410 
0 0 0 0 0 0 0 0 5110 25401 
0 0 0 0 0 0 0 0 5120 25392 
0 0 0 0 0 0 0 0 5130 25383 
0 0 0 0 0 0 0 0 5140 25374 
0 0 0 0 0 0 0 0 5150 25365 
0 0 0 0 0 0 0 0 5160 25356 
0 0 0 0 0 0 0 0 5170 25347 
0 0 0 0 0 0 0 0 5180 25338 
0 0 0 0 0 0 0 0 5190 25329 
0 0 0 0 0 0 0 0 5200 25320 
0 0 0 0 0 0 0 0 5210 25311 
0 0 0 0 0 0 0 0 5220 25302 
0 0 0 0 0 0 0 0 5230 25293 
0 0 0 0 0 0 0 0 5240 25284 
0 0 0 0 0 0 0 0 5250 25275 
0 0 0 0 0 0 0 0 5260 25266 
0 0 0 0 0 0 0 0 5270 25257 
0 0 0 0 0 0 0 0 5280 25248 
0 0 0 0 0 0 0 0 5290 25239 
0 0 0 0 0 0 0 0 5300 25230 
0 0 0 0 0 0 0 0 5310 25221 
0 0 0 0 0 0 0 0 5320 25212 
0 0 0 0 0 0 0 0 5330 25203 
0 0 0 0 0 0 0 0 5340 25194 
0 0 0 0 0 0 0 0 5350 25185 
0 0 0 0 0 0 0 0 5360 25176 
0 0 0 0 0 0 0 0 5370 25167 
0 0 0 0 0 0 0 0 5380 25158 
0 0 0 0 0 0 0 0 5390 25149 
0 0 0 0 0 0 0 0 5400 25140 
0 0 0 0 0 0 0 0 5410 25131 
0 0 0 0 0 0 0 0 5420 25122 
0 0 0 0 0 0 0 0 5430 25113 
0 0 0 0 0 0 0 0 5440 25104 
0 0 0 0 0 0 0 0 5450 25095 
0 0 0 0 0 0 0 0 5460 25086 
0 0 0 0 0 0 0 0 5470 25077 
0 0 0 0 0 0 0 0 5480 25068 
0 0 0 0 0 0 0 0 5490 25059 
0 0 0 0 0 0 0 0 5500 25050 
0 0 0 0 0 0 0 0 5510 25041 
0 0 0 0 0 0 0 0 5520 25032 
0 0 0 0 0 0 0 0 5530 25023 
0 0 0 0 0 0 0 0 5540 25014 
0 0 0 0 0 0 0 0 5550 25005 
0 0 0 0 0 0 0 0 5560 24996 
0 0 0 0 0 0 0 0 5570 24987 
0 0 0 0 0 0 0 0 5580 24978 
0 0 0 0 0 0 0 0 5590 24969 
0 0 0 0 0 0 0 0 5600 24960 
0 0 0 0 0 0 0 0 5610 24951 
0 0 0 0 0 0 0 0 5620 24942 
0 0 0 0 0 0 0 0 5630 24933 
0 0 0 0 0 0 0 0 5640 24924 
0 0 0 0 0 0 0 0 5650 24915 
0 0 0 0 0 0 0 0 5660 24906 
0 0 0 0 0 0 0 0 5670 24897 
0 0 0 0 0 0 0 0 5680 24888 
0 0 0 0 0 0 0 0 5690 24879 
0 0 0 0 0 0 0 0 5700 24870 
0 0 0 0 0 0 0 0 5710 24861 
0 0 0 0 0 0 0 0 5720 24852 
0 0 0 0 0 0 0 0 5730 24843 
0 0 0 0 0 0 0 0 5740 24834 
0 0 0 0 0 0 0 0 5750 24825 
0 0 0 0 0 0 0 0 5760 24816 
0 0 0 0 0 0 0 0 5770 24807 
0 0 0 0 0 0 0 0 5780 24798 
0 0 0 0 0 0 0 0 5790 24789 
0 0 0 0 0 0 0 0 5800 24780 
0 0 0 0 0 0 0 0 5810 24771 
0 0 0 0 0 0 0 0 5820 24762 
0 0 0 0 0 0 0 0 5830 24753 
0 0 0 0 0 0 0 0 5840 24744 
0 0 0 0 0 0 0 0 5850 24735 
0 0 0 0 0 0 0 0 5860 24726 
0 0 0 0 0 0 0 0 5870 24717 
0 0 0 0 0 0 0 0 5880 24708 
0 0 0 0 0 0 0 0 5890 24699 
0 0 0 0 0 0 0 0 5900 24690 
0 0 0 0 0 0 0 0 5910 24681 
0 0 0 0 0 0 0 0 5920 24672 
0 0 0 0 0 0 0 0 5930 24663 
0 0 0 0 0 0 0 0 5940 24654 
0 0 0 0 0 0 0 0 5950 24645 
0 0 0 0 0 0 0 0 5960 24636 
0 0 0 0 0 0 0 0 5970 24627 
0 0 0 0 0 0 0 0 5980 24618 
0 0 0 0 0 0 0 0 5990 24609 
0 0 0 0 0 0 0 0 6000 24600 
0 0 0 0 0 0 0 0 6010 24591 
0 0 0 0 0 0 0 0 6020 24582 
0 0 0 0 0 0 0 0 6030 24573 
0 0 0 0 0 0 0 0 6040 24564 
0 0 0 0 0 0 0 0 6050 24555 
0 0 0 0 0 0 0 0 6060 24546 
0 0 0 0 0 0 0 0 6070 24537 
0 0 0 0 0 0 0 0 6080 24528 
0 0 0 0 0 0 0 0 6090 24519 
0 0 0 0 0 0 0 0 6100 24510 
0 0 0 0 0 0 0 0 6110 24501 
0 0 0 0 0 0 0 0 6120 24492 
0 0 0 0 0 0 0 0 6130 24483 
0 0 0 0 0 0 0 0 6140 24474 
0 0 0 0 0 0 0 0 6150 24465 
0 0 0 0 0 0 0 0 6160 24456 
0 0 0 0 0 0 0 0 6170 24447 
0 0 0 0 0 0 0 0 6180 24438 
0 0 0 0 0 0 0 0 6190 24429 
0 0 0 0 0 0 0 0 6200 24420 
0 0 0 0 0 0 0 0 6210 24411 
0 0 0 0 0 0 0 0 6220 24402 
0 0 0 0 0 0 0 0 6230 24393 
0 0 0 0 0 0 0 0 6240 24384 
0 0 0 0 0 0 0 0 6250 24375 
0 0 0 0 0 0 0 0 6260 24366 
0 0 0 0 0 0 0 0 6270 24357 
0 0 0 0 0 0 0 0 6280 24348 
0 0 0 0 0 0 0 0 6290 24339 
0 0 0 0 0 0 0 0 6300 24330 
0 0 0 0 0 0 0 0 6310 24321 
0 0 0 0 0 0 0 0 6320 24312 
0 0 0 0 0 0 0 0 6330 24303 
0 0 0 0 0 0 0 0 6340 24294 
0 0 0 0 0 0 0 0 6350 24285 
0 0 0 0 0 0 0 0 6360 24276 
0 0 0 0 0 0 0 0 6370 24267 
0 0 0 0 0 0 0 0 6380 24258 
0 0 0 0 0 0 0 0 6390 24249 
0 0 0 0 0 0 0 0 6400 24240 
0 0 0 0 0 0 0 0 6410 24231 
0 0 0 0 0 0 0 0 6420 24222 
0 0 0 0 0 0 0 0 6430 24213 
0 0 0 0 0 0 0 0 6440 24204 
0 0 0 0 0 0 0 0 6450 24195 
0 0 0 0 0 0 0 0 6460 24186 
0 0 0 0 0 0 0 0 6470 24177 
0 0 0 0 0 0 0 0 6480 24168 
0 0 0 0 0 0 0 0 6490 24159 
0 0 0 0 0 0 0 0 6500 24150 
0 0 0 0 0 0 0 0 6510 24141 
0 0 0 0 0 0 0 0 6520 24132 
0 0 0 0 0 0 0 0 6530 24123 
0 0 0 0 0 0 0 0 6540 24114 
0 0 0 0 0 0 0 0 6550 24105 
0 0 0 0 0 0 0 0 6560 24096 
0 0 0 0 0 0 0 0 6570 24087 
0 0 0 0 0 0 0 0 6580 24078 
0 0 0 0 0 0 0 0 6590 24069 
0 0 0 0 0 0 0 0 6600 24060 
0 0 0 0 0 0 0 0 6610 24051 
0 0 0 0 0 0 0 0 6620 24042 
0 0 0 0 0 0 0 0 6630 24033 
0 0 0 0 0 0 0 0 6640 24024 
0 0 0 0 0 0 0 0 6650 24015 
0 0 0 0 0 0 0 0 6660 24006 
0 0 0 0 0 0 0 0 6670 23997 
0 0 0 0 0 0 0 0 6680 23988 
0 0 0 0 0 0 0 0 6690 23979 
0 0 0 0 0 0 0 0 6700 23970 
0 0 0 0 0 0 0 0 6710 23961 
0 0 0 0 0 0 0 0 6720 23952 
0 0 0 0 0 0 0 0 6730 23943 
0 0 0 0 0 0 0 0 6740 23934 
0 0 0 0 0 0 0 0 6750 23925 
0 0 0 0 0 0 0 0 6760 23916 
0 0 0 0 0 0 0 0 6770 23907 
0 0 0 0 0 0 0 0 6780 23898 
0 0 0 0 0 0 0 0 6790 23889 
0 0 0 0 0 0 0 0 6800 23880 
0 0 0 0 0 0 0 0 6810 23871 
0 0 0 0 0 0 0 0 6820 23862 
0 0 0 0 0 0 0 0 6830 23853 
0 0 0 0 0 0 0 0 6840 23844 
0 0 0 0 0 0 0 0 6850 23835 
0 0 0 0 0 0 0 0 6860 23826 
0 0 0 0 0 0 0 0 6870 23817 
0 0 0 0 0 0 0 0 6880 23808 
0 0 0 0 0 0 0 0 6890 23799 
0 0 0 0 0 0 0 0 6900 23790 
0 0 0 0 0 0 0 0 6910 23781 
0 0 0 0 0 0 0 0 6920 23772 
0 0 0 0 0 0 0 0 6930 23763 
0 0 0 0 0 0 0 0 6940 23754 
0 0 0 0 0 0 0 0 6950 23745 
0 0 0 0 0 0 0 0 6960 23736 
0 0 0 0 0 0 0 0 6970 23727 
0 0 0 0 0 0 0 0 6980 23718 
0 0 0 0 0 0 0 0 6990 23709 
0 0 0 0 0 0 0 0 7000 23700 
0 0 0 0 0 0 0 0 7010 23691 
0 0 0 0 0 0 0 0 7020 23682 
0 0 0 0 0 0 0 0 7030 23673 
0 0 0 0 0 0 0 0 7040 23664 
0 0 0 0 0 0 0 0 7050 23655 
0 0 0 0 0 0 0 0 7060 23646 
0 0 0 0 0 0 0 0 7070 23637 
0 0 0 0 0 0 0 0 7080 23628 
0 0 0 0 0 0 0 0 7090 23619 
0 0 0 0 0 0 0 0 7100 23610 
0 0 0 0 0 0 0 0 7110 23601 
0 0 0 0 0 0 0 0 7120 23592 
0 0 0 0 0 0 0 0 7130 23583 
0 0 0 0 0 0 0 0 7140 23574 
0 0 0 0 0 0 0 0 7150 23565 
0 0 0 0 0 0 0 0 7160 23556 
0 0 0 0 0 0 0 0 7170 23547 
0 0 0 0 0 0 0 0 7180 23538 
0 0 0 0 0 0 0 0 7190 23529 
0 0 0 0 0 0 0 0 7200 23520 
0 0 0 0 0 0 0 0 7210 23511 
0 0 0 0 0 0 0 0 7220 23502 
0 0 0 0 0 0 0 0 7230 23493 
0 0 0 0 0 0 0 0 7240 23484 
0 0 0 0 0 0 0 0 7250 23475 
0 0 0 0 0 0 0 0 7260 23466 
0 0 0 0 0 0 0 0 7270 23457 
0 0 0 0 0 0 0 0 7280 23448 
0 0 0 0 0 0 0 0 7290 23439 
0 0 0 0 0 0 0 0 7300 23430 
0 0 0 0 0 0 0 0 7310 23421 
0 0 0 0 0 0 0 0 7320 23412 
0 0 0 0 0 0 0 0 7330 23403 
0 0 0 0 0 0 0 0 7340 23394 
0 0 0 0 0 0 0 0 7350 23385 
0 0 0 0 0 0 0 0 7360 23376 
0 0 0 0 0 0 0 0 7370 23367 
0 0 0 0 0 0 0 0 7380 23358 
0 0 0 0 0 0 0 0 7390 23349 
0 0 0 0 0 0 0 0 7400 23340 
0 0 0 0 0 0 0 0 7410 23331 
0 0 0 0 0 0 0 0 7420 23322 
0 0 0 0 0 0 0 0 7430 23313 
0 0 0 0 0 0 0 0 7440 23304 
0 0 0 0 0 0 0 0 7450 23295 
0 0 0 0 0 0 0 0 7460 23286 
0 0 0 0 0 0 0 0 7470 23277 
0 0 0 0 0 0 0 0 7480 23268 
0 0 0 0 0 0 0 0 7490 23259 
0 0 0 0 0 0 0 0 7500 23250 
0 0 0 0 0 0 0 0 7510 23241 
0 0 0 0 0 0 0 0 7520 23232 
0 0 0 0 0 0 0 0 7530 23223 
0 0 0 0 0 0 0 0 7540 23214 
0 0 0 0 0 0 0 0 7550 23205 
0 0 0 0 0 0 0 0 7560 23196 
0 0 0 0 0 0 0 0 7570 23187 
0 0 0 0 0 0 0 0 7580 23178 
0 0 0 0 0 0 0 0 7590 23169 
0 0 0 0 0 0 0 0 7600 23160 
0 0 0 0 0 0 0 0 7610 23151 
0 0 0 0 0 0 0 0 7620 23142 
0 0 0 0 0 0 0 0 7630 23133 
0 0 0 0 0 0 0 0 7640 23124 
0 0 0 0 0 0 0 0 7650 23115 
0 0 0 0 0 0 0 0 7660 23106 
0 0 0 0 0 0 0 0 7670 23097 
0 0 0 0 0 0 0 0 7680 23088 
0 0 0 0 0 0 0 0 7690 23079 
0 0 0 0 0 0 0 0 7700 23070 
0 0 0 0 0 0 0 0 7710 23061 
0 0 0 0 0 0 0 0 7720 23052 
0 0 0 0 0 0 0 0 7730 23043 
0 0 0 0 0 0 0 0 7740 23034 
0 0 0 0 0 0 0 0 7750 23025 
0 0 0 0 0 0 0 0 7760 23016 
0 0 0 0 0 0 0 0 7770 23007 
0 0 0 0 0 0 0 0 7780 22998 
0 0 0 0 0 0 0 0 7790 22989 
0 0 0 0 0 0 0 0 7800 22980 
0 0 0 0 0 0 0 0 7810 22971 
0 0 0 0 0 0 0 0 7820 22962 
0 0 0 0 0 0 0 0 7830 22953 
0 0 0 0 0 0 0 0 7840 22944 
0 0 0 0 0 0 0 0 7850 22935 
0 0 0 0 0 0 0 0 7860 22926 
0 0 0 0 0 0 0 0 7870 22917 
0 0 0 0 0 0 0 0 7880 22908 
0 0 0 0 0 0 0 0 7890 22899 
0 0 0 0 0 0 0 0 7900 22890 
0 0 0 0 0 0 0 0 7910 22881 
0 0 0 0 0 0 0 0 7920 22872 
0 0 0 0 0 0 0 0 7930 22863 
0 0 0 0 0 0 0 0 7940 22854 
0 0 0 0 0 0 0 0 7950 22845 
0 0 0 0 0 0 0 0 7960 22836 
0 0 0 0 0 0 0 0 7970 22827 
0 0 0 0 0 0 0 0 7980 22818 
0 0 0 0 0 0 0 0 7990 22809 
0 0 0 0 0 0 0 0 8000 22800 
0 0 0 0 0 0 0 0 8010 22791 
0 0 0 0 0 0 0 0 8020 22782 
0 0 0 0 0 0 0 0 8030 22773 
0 0 0 0 0 0 0 0 8040 22764 
0 0 0 0 0 0 0 0 8050 22755 
0 0 0 0 0 0 0 0 8060 22746 
0 0 0 0 0 0 0 0 8070 22737 
0 0 0 0 0 0 0 0 8080 22728 
0 0 0 0 0 0 0 0 8090 22719 
0 0 0 0 0 0 0 0 8100 22710 
0 0 0 0 0 0 0 0 8110 22701 
0 0 0 0 0 0 0 0 8120 22692 
0 0 0 0 0 0 0 0 8130 22683 
0 0 0 0 0 0 0 0 8140 22674 
0 0 0 0 0 0 0 0 8150 22665 
0 0 0 0 0 0 0 0 8160 22656 
0 0 0 0 0 0 0 0 8170 22647 
0 0 0 0 0 0 0 0 8180 22638 
0 0 0 0 0 0 0 0 8190 22629 
0 0 0 0 0 0 0 0 8200 22620 
0 0 0 0 0 0 0 0 8210 22611 
0 0 0 0 0 0 0 0 8220 22602 
0 0 0 0 0 0 0 0 8230 22593 
0 0 0 0 0 0 0 0 8240 22584 
0 0 0 0 0 0 0 0 8250 22575 
0 0 0 0 0 0 0 0 8260 22566 
0 0 0 0 0 0 0 0 8270 22557 
0 0 0 0 0 0 0 0 8280 22548 
0 0 0 0 0 0 0 0 8290 22539 
0 0 0 0 0 0 0 0 8300 22530 
0 0 0 0 0 0 0 0 8310 22521 
0 0 0 0 0 0 0 0 8320 22512 
0 0 0 0 0 0 0 0 8330 22503 
0 0 0 0 0 0 0 0 8340 22494 
0 0 0 0 0 0 0 0 8350 22485 
0 0 0 0 0 0 0 0 8360 22476 
0 0 0 0 0 0 0 0 8370 22467 
0 0 0 0 0 0 0 0 8380 22458 
0 0 0 0 0 0 0 0 8390 22449 
0 0 0 0 0 0 0 0 8400 22440 
0 0 0 0 0 0 0 0 8410 22431 
0 0 0 0 0 0 0 0 8420 22422 
0 0 0 0 0 0 0 0 8430 22413 
0 0 0 0 0 0 0 0 8440 22404 
0 0 0 0 0 0 0 0 8450 22395 
0 0 0 0 0 0 0 0 8460 22386 
0 0 0 0 0 0 0 0 8470 22377 
0 0 0 0 0 0 0 0 8480 22368 
0 0 0 0 0 0 0 0 8490 22359 
0 0 0 0 0 0 0 0 8500 22350 
0 0 0 0 0 0 0 0 8510 22341 
0 0 0 0 0 0 0 0 8520 22332 
0 0 0 0 0 0 0 0 8530 22323 
0 0 0 0 0 0 0 0 8540 22314 
0 0 0 0 0 0 0 0 8550 22305 
0 0 0 0 0 0 0 0 8560 22296 
0 0 0 0 0 0 0 0 8570 22287 
0 0 0 0 0 0 0 0 8580 22278 
0 0 0 0 0 0 0 0 8590 22269 
0 0 0 0 0 0 0 0 8600 22260 
0 0 0 0 0 0 0 0 8610 22251 
0 0 0 0 0 0 0 0 8620 22242 
0 0 0 0 0 0 0 0 8630 22233 
0 0 0 0 0 0 0 0 8640 22224 
0 0 0 0 0 0 0 0 8650 22215 
0 0 0 0 0 0 0 0 8660 22206 
0 0 0 0 0 0 0 0 8670 22197 
0 0 0 0 0 0 0 0 8680 22188 
0 0 0 0 0 0 0 0 8690 22179 
0 0 0 0 0 0 0 0 8700 22170 
0 0 0 0 0 0 0 0 8710 22161 
0 0 0 0 0 0 0 0 8720 22152 
0 0 0 0 0 0 0 0 8730 22143 
0 0 0 0 0 0 0 0 8740 22134 
0 0 0 0 0 0 0 0 8750 22125 
0 0 0 0 0 0 0 0 8760 22116 
0 0 0 0 0 0 0 0 8770 22107 
0 0 0 0 0 0 0 0 8780 22098 
0 0 0 0 0 0 0 0 8790 22089 
0 0 0 0 0 0 0 0 8800 22080 
0 0 0 0 0 0 0 0 8810 22071 
0 0 0 0 0 0 0 0 8820 22062 
0 0 0 0 0 0 0 0 8830 22053 
0 0 0 0 0 0 0 0 8840 22044 
0 0 0 0 0 0 0 0 8850 22035 
0 0 0 0 0 0 0 0 8860 22026 
0 0 0 0 0 0 0 0 8870 22017 
0 0 0 0 0 0 0 0 8880 22008 
0 0 0 0 0 0 0 0 8890 21999 
0 0 0 0 0 0 0 0 8900 21990 
0 0 0 0 0 0 0 0 8910 21981 
0 0 0 0 0 0 0 0 8920 21972 
0 0 0 0 0 0 0 0 8930 21963 
0 0 0 0 0 0 0 0 8940 21954 
0 0 0 0 0 0 0 0 8950 21945 
0 0 0 0 0 0 0 0 8960 21936 
0 0 0 0 0 0 0 0 8970 21927 
0 0 0 0 0 0 0 0 8980 21918 
0 0 0 0 0 0 0 0 8990 21909 
0 0 0 0 0 0 0 0 9000 21900 
0 0 0 0 0 0 0 0 9010 21891 
0 0 0 0 0 0 0 0 9020 21882 
0 0 0 0 0 0 0 0 9030 21873 
0 0 0 0 0 0 0 0 9040 21864 
0 0 0 0 0 0 0 0 9050 21855 
0 0 0 0 0 0 0 0 9060 21846 
0 0 0 0 0 0 0 0 9070 21837 
0 0 0 0 0 0 0 0 9080 21828 
0 0 0 0 0 0 0 0 9090 21819 
0 0 0 0 0 0 0 0 9100 21810 
0 0 0 0 0 0 0 0 9110 21801 
0 0 0 0 0 0 0 0 9120 21792 
0 0 0 0 0 0 0 0 9130 21783 
0 0 0 0 0 0 0 0 9140 21774 
0 0 0 0 0 0 0 0 9150 21765 
0 0 0 0 0 0 0 0 9160 21756 
0 0 0 0 0 0 0 0 9170 21747 
0 0 0 0 0 0 0 0 9180 21738 
0 0 0 0 0 0 0 0 9190 21729 
0 0 0 0 0 0 0 0 9200 21720 
0 0 0 0 0 0 0 0 9210 21711 
0 0 0 0 0 0 0 0 9220 21702 
0 0 0 0 0 0 0 0 9230 21693 
0 0 0 0 0 0 0 0 9240 21684 
0 0 0 0 0 0 0 0 9250 21675 
0 0 0 0 0 0 0 0 9260 21666 
0 0 0 0 0 0 0 0 9270 21657 
0 0 0 0 0 0 0 0 9280 21648 
0 0 0 0 0 0 0 0 9290 21639 
0 0 0 0 0 0 0 0 9300 21630 
0 0 0 0 0 0 0 0 9310 21621 
0 0 0 0 0 0 0 0 9320 21612 
0 0 0 0 0 0 0 0 9330 21603 
0 0 0 0 0 0 0 0 9340 21594 
0 0 0 0 0 0 0 0 9350 21585 
0 0 0 0 0 0 0 0 9360 21576 
0 0 0 0 0 0 0 0 9370 21567 
0 0 0 0 0 0 0 0 9380 21558 
0 0 0 0 0 0 0 0 9390 21549 
0 0 0 0 0 0 0 0 9400 21540 
0 0 0 0 0 0 0 0 9410 21531 
0 0 0 0 0 0 0 0 9420 21522 
0 0 0 0 0 0 0 0 9430 21513 
0 0 0 0 0 0 0 0 9440 21504 
0 0 0 0 0 0 0 0 9450 21495 
0 0 0 0 0 0 0 0 9460 21486 
0 0 0 0 0 0 0 0 9470 21477 
0 0 0 0 0 0 0 0 9480 21468 
0 0 0 0 0 0 0 0 9490 21459 
0 0 0 0 0 0 0 0 9500 21450 
0 0 0 0 0 0 0 0 9510 21441 
0 0 0 0 0 0 0 0 9520 21432 
0 0 0 0 0 0 0 0 9530 21423 
0 0 0 0 0 0 0 0 9540 21414 
0 0 0 0 0 0 0 0 9550 21405 
0 0 0 0 0 0 0 0 9560 21396 
0 0 0 0 0 0 0 0 9570 21387 
0 0 0 0 0 0 0 0 9580 21378 
0 0 0 0 0 0 0 0 9590 21369 
0 0 0 0 0 0 0 0 9600 21360 
0 0 0 0 0 0 0 0 9610 21351 
0 0 0 0 0 0 0 0 9620 21342 
0 0 0 0 0 0 0 0 9630 21333 
0 0 0 0 0 0 0 0 9640 21324 
0 0 0 0 0 0 0 0 9650 21315 
0 0 0 0 0 0 0 0 9660 21306 
0 0 0 0 0 0 0 0 9670 21297 
0 0 0 0 0 0 0 0 9680 21288 
0 0 0 0 0 0 0 0 9690 21279 
0 0 0 0 0 0 0 0 9700 21270 
0 0 0 0 0 0 0 0 9710 21261 
0 0 0 0 0 0 0 0 9720 21252 
0 0 0 0 0 0 0 0 9730 21243 
0 0 0 0 0 0 0 0 9740 21234 
0 0 0 0 0 0 0 0 9750 21225 
0 0 0 0 0 0 0 0 9760 21216 
0 0 0 0 0 0 0 0 9770 21207 
0 0 0 0 0 0 0 0 9780 21198 
0 0 0 0 0 0 0 0 9790 21189 
0 0 0 0 0 0 0 0 9800 21180 
0 0 0 0 0 0 0 0 9810 21171 
0 0 0 0 0 0 0 0 9820 21162 
0 0 0 0 0 0 0 0 9830 21153 
0 0 0 0 0 0 0 0 9840 21144 
0 0 0 0 0 0 0 0 9850 21135 
0 0 0 0 0 0 0 0 9860 21126 
0 0 0 0 0 0 0 0 9870 21117 
0 0 0 0 0 0 0 0 9880 21108 
0 0 0 0 0 0 0 0 9890 21099 
0 0 0 0 0 0 0 0 9900 21090 
0 0 0 0 0 0 0 0 9910 21081 
0 0 0 0 0 0 0 0 9920 21072 
0 0 0 0 0 0 0 0 9930 21063 
0 0 0 0 0 0 0 0 9940 21054 
0 0 0 0 0 0 0 0 9950 21045 
0 0 0 0 0 0 0 0 9960 21036 
0 0 0 0 0 0 0 0 9970 21027 
0 0 0 0 0 0 0 0 9980 21018 
0 0 0 0 0 0 0 0 9990 21009 
0 0 0 0 0 0 0 0 10000 21000 
0 0 0 0 0 0 0 0 10010 20991 
0 0 0 0 0 0 0 0 10020 20982 
0 0 0 0 0 0 0 0 10030 20973 
0 0 0 0 0 0 0 0 10040 20964 
0 0 0 0 0 0 0 0 10050 20955 
0 0 0 0 0 0 0 0 10060 20946 
0 0 0 0 0 0 0 0 10070 20937 
0 0 0 0 0 0 0 0 10080 20928 
0 0 0 0 0 0 0 0 10090 20919 
0 0 0 0 0 0 0 0 10100 20910 
0 0 0 0 0 0 0 0 10110 20901 
0 0 0 0 0 0 0 0 10120 20892 
0 0 0 0 0 0 0 0 10130 20883 
0 0 0 0 0 0 0 0 10140 20874 
0 0 0 0 0 0 0 0 10150 20865 
0 0 0 0 0 0 0 0 10160 20856 
0 0 0 0 0 0 0 0 10170 20847 
0 0 0 0 0 0 0 0 10180 20838 
0 0 0 0 0 0 0 0 10190 20829 
0 0 0 0 0 0 0 0 10200 20820 
0 0 0 0 0 0 0 0 10210 20811 
0 0 0 0 0 0 0 0 10220 20802 
0 0 0 0 0 0 0 0 10230 20793 
0 0 0 0 0 0 0 0 10240 20784 
0 0 0 0 0 0 0 0 10250 20775 
0 0 0 0 0 0 0 0 10260 20766 
0 0 0 0 0 0 0 0 10270 20757 
0 0 0 0 0 0 0 0 10280 20748 
0 0 0 0 0 0 0 0 10290 20739 
0 0 0 0 0 0 0 0 10300 20730 
0 0 0 0 0 0 0 0 10310 20721 
0 0 0 0 0 0 0 0 10320 20712 
0 0 0 0 0 0 0 0 10330 20703 
0 0 0 0 0 0 0 0 10340 20694 
0 0 0 0 0 0 0 0 10350 20685 
0 0 0 0 0 0 0 0 10360 20676 
0 0 0 0 0 0 0 0 10370 20667 
0 0 0 0 0 0 0 0 10380 20658 
0 0 0 0 0 0 0 0 10390 20649 
0 0 0 0 0 0 0 0 10400 20640 
0 0 0 0 0 0 0 0 10410 20631 
0 0 0 0 0 0 0 0 10420 20622 
0 0 0 0 0 0 0 0 10430 20613 
0 0 0 0 0 0 0 0 10440 20604 
0 0 0 0 0 0 0 0 10450 20595 
0 0 0 0 0 0 0 0 10460 20586 
0 0 0 0 0 0 0 0 10470 20577 
0 0 0 0 0 0 0 0 10480 20568 
0 0 0 0 0 0 0 0 10490 20559 
0 0 0 0 0 0 0 0 10500 20550 
0 0 0 0 0 0 0 0 10510 20541 
0 0 0 0 0 0 0 0 10520 20532 
0 0 0 0 0 0 0 0 10530 20523 
0 0 0 0 0 0 0 0 10540 20514 
0 0 0 0 0 0 0 0 10550 20505 
0 0 0 0 0 0 0 0 10560 20496 
0 0 0 0 0 0 0 0 10570 20487 
0 0 0 0 0 0 0 0 10580 20478 
0 0 0 0 0 0 0 0 10590 20469 
0 0 0 0 0 0 0 0 10600 20460 
0 0 0 0 0 0 0 0 10610 20451 
0 0 0 0 0 0 0 0 10620 20442 
0 0 0 0 0 0 0 0 10630 20433 
0 0 0 0 0 0 0 0 10640 20424 
0 0 0 0 0 0 0 0 10650 20415 
0 0 0 0 0 0 0 0 10660 20406 
0 0 0 0 0 0 0 0 10670 20397 
0 0 0 0 0 0 0 0 10680 20388 
0 0 0 0 0 0 0 0 10690 20379 
0 0 0 0 0 0 0 0 10700 20370 
0 0 0 0 0 0 0 0 10710 20361 
0 0 0 0 0 0 0 0 10720 20352 
0 0 0 0 0 0 0 0 10730 20343 
0 0 0 0 0 0 0 0 10740 20334 
0 0 0 0 0 0 0 0 10750 20325 
0 0 0 0 0 0 0 0 10760 20316 
0 0 0 0 0 0 0 0 10770 20307 
0 0 0 0 0 0 0 0 10780 20298 
0 0 0 0 0 0 0 0 10790 20289 
0 0 0 0 0 0 0 0 10800 20280 
0 0 0 0 0 0 0 0 10810 20271 
0 0 0 0 0 0 0 0 10820 20262 
0 0 0 0 0 0 0 0 10830 20253 
0 0 0 0 0 0 0 0 10840 20244 
0 0 0 0 0 0 0 0 10850 20235 
0 0 0 0 0 0 0 0 10860 20226 
0 0 0 0 0 0 0 0 10870 20217 
0 0 0 0 0 0 0 0 10880 20208 
0 0 0 0 0 0 0 0 10890 20199 
0 0 0 0 0 0 0 0 10900 20190 
0 0 0 0 0 0 0 0 10910 20181 
0 0 0 0 0 0 0 0 10920 20172 
0 0 0 0 0 0 0 0 10930 20163 
0 0 0 0 0 0 0 0 10940 20154 
0 0 0 0 0 0 0 0 10950 20145 
0 0 0 0 0 0 0 0 10960 20136 
0 0 0 0 0 0 0 0 10970 20127 
0 0 0 0 0 0 0 0 10980 20118 
0 0 0 0 0 0 0 0 10990 20109 
0 0 0 0 0 0 0 0 11000 20100 
0 0 0 0 0 0 0 0 11010 20091 
0 0 0 0 0 0 0 0 11020 20082 
0 0 0 0 0 0 0 0 11030 20073 
0 0 0 0 0 0 0 0 11040 20064 
0 0 0 0 0 0 0 0 11050 20055 
0 0 0 0 0 0 0 0 11060 20046 
0 0 0 0 0 0 0 0 11070 20037 
0 0 0 0 0 0 0 0 11080 20028 
0 0 0 0 0 0 0 0 11090 20019 
0 0 0 0 0 0 0 0 11100 20010 
0 0 0 0 0 0 0 0 11110 20001 
0 0 0 0 0 0 0 0 11120 19992 
0 0 0 0 0 0 0 0 11130 19983 
0 0 0 0 0 0 0 0 11140 19974 
0 0 0 0 0 0 0 0 11150 19965 
0 0 0 0 0 0 0 0 11160 19956 
0 0 0 0 0 0 0 0 11170 19947 
0 0 0 0 0 0 0 0 11180 19938 
0 0 0 0 0 0 0 0 11190 19929 
0 0 0 0 0 0 0 0 11200 19920 
0 0 0 0 0 0 0 0 11210 19911 
0 0 0 0 0 0 0 0 11220 19902 
0 0 0 0 0 0 0 0 11230 19893 
0 0 0 0 0 0 0 0 11240 19884 
0 0 0 0 0 0 0 0 11250 19875 
0 0 0 0 0 0 0 0 11260 19866 
0 0 0 0 0 0 0 0 11270 19857 
0 0 0 0 0 0 0 0 11280 19848 
0 0 0 0 0 0 0 0 11290 19839 
0 0 0 0 0 0 0 0 11300 19830 
0 0 0 0 0 0 0 0 11310 19821 
0 0 0 0 0 0 0 0 11320 19812 
0 0 0 0 0 0 0 0 11330 19803 
0 0 0 0 0 0 0 0 11340 19794 
0 0 0 0 0 0 0 0 11350 19785 
0 0 0 0 0 0 0 0 11360 19776 
0 0 0 0 0 0 0 0 11370 19767 
0 0 0 0 0 0 0 0 11380 19758 
0 0 0 0 0 0 0 0 11390 19749 
0 0 0 0 0 0 0 0 11400 19740 
0 0 0 0 0 0 0 0 11410 19731 
0 0 0 0 0 0 0 0 11420 19722 
0 0 0 0 0 0 0 0 11430 19713 
0 0 0 0 0 0 0 0 11440 19704 
0 0 0 0 0 0 0 0 11450 19695 
0 0 0 0 0 0 0 0 11460 19686 
0 0 0 0 0 0 0 0 11470 19677 
0 0 0 0 0 0 0 0 11480 19668 
0 0 0 0 0 0 0 0 11490 19659 
0 0 0 0 0 0 0 0 11500 19650 
0 0 0 0 0 0 0 0 11510 19641 
0 0 0 0 0 0 0 0 11520 19632 
0 0 0 0 0 0 0 0 11530 19623 
0 0 0 0 0 0 0 0 11540 19614 
0 0 0 0 0 0 0 0 11550 19605 
0 0 0 0 0 0 0 0 11560 19596 
0 0 0 0 0 0 0 0 11570 19587 
0 0 0 0 0 0 0 0 11580 19578 
0 0 0 0 0 0 0 0 11590 19569 
0 0 0 0 0 0 0 0 11600 19560 
0 0 0 0 0 0 0 0 11610 19551 
0 0 0 0 0 0 0 0 11620 19542 
0 0 0 0 0 0 0 0 11630 19533 
0 0 0 0 0 0 0 0 11640 19524 
0 0 0 0 0 0 0 0 11650 19515 
0 0 0 0 0 0 0 0 11660 19506 
0 0 0 0 0 0 0 0 11670 19497 
0 0 0 0 0 0 0 0 11680 19488 
0 0 0 0 0 0 0 0 11690 19479 
0 0 0 0 0 0 0 0 11700 19470 
0 0 0 0 0 0 0 0 11710 19461 
0 0 0 0 0 0 0 0 11720 19452 
0 0 0 0 0 0 0 0 11730 19443 
0 0 0 0 0 0 0 0 11740 19434 
0 0 0 0 0 0 0 0 11750 19425 
0 0 0 0 0 0 0 0 11760 19416 
0 0 0 0 0 0 0 0 11770 19407 
0 0 0 0 0 0 0 0 11780 19398 
0 0 0 0 0 0 0 0 11790 19389 
0 0 0 0 0 0 0 0 11800 19380 
0 0 0 0 0 0 0 0 11810 19371 
0 0 0 0 0 0 0 0 11820 19362 
0 0 0 0 0 0 0 0 11830 19353 
0 0 0 0 0 0 0 0 11840 19344 
0 0 0 0 0 0 0 0 11850 19335 
0 0 0 0 0 0 0 0 11860 19326 
0 0 0 0 0 0 0 0 11870 19317 
0 0 0 0 0 0 0 0 11880 19308 
0 0 0 0 0 0 0 0 11890 19299 
0 0 0 0 0 0 0 0 11900 19290 
0 0 0 0 0 0 0 0 11910 19281 
0 0 0 0 0 0 0 0 11920 19272 
0 0 0 0 0 0 0 0 11930 19263 
0 0 0 0 0 0 0 0 11940 19254 
0 0 0 0 0 0 0 0 11950 19245 
0 0 0 0 0 0 0 0 11960 19236 
0 0 0 0 0 0 0 0 11970 19227 
0 0 0 0 0 0 0 0 11980 19218 
0 0 0 0 0 0 0 0 11990 19209 
0 0 0 0 0 0 0 0 12000 19200 
0 0 0 0 0 0 0 0 12010 19191 
0 0 0 0 0 0 0 0 12020 19182 
0 0 0 0 0 0 0 0 12030 19173 
0 0 0 0 0 0 0 0 12040 19164 
0 0 0 0 0 0 0 0 12050 19155 
0 0 0 0 0 0 0 0 12060 19146 
0 0 0 0 0 0 0 0 12070 19137 
0 0 0 0 0 0 0 0 12080 19128 
0 0 0 0 0 0 0 0 12090 19119 
0 0 0 0 0 0 0 0 12100 19110 
0 0 0 0 0 0 0 0 12110 19101 
0 0 0 0 0 0 0 0 12120 19092 
0 0 0 0 0 0 0 0 12130 19083 
0 0 0 0 0 0 0 0 12140 19074 
0 0 0 0 0 0 0 0 12150 19065 
0 0 0 0 0 0 0 0 12160 19056 
0 0 0 0 0 0 0 0 12170 19047 
0 0 0 0 0 0 0 0 12180 19038 
0 0 0 0 0 0 0 0 12190 19029 
0 0 0 0 0 0 0 0 12200 19020 
0 0 0 0 0 0 0 0 12210 19011 
0 0 0 0 0 0 0 0 12220 19002 
0 0 0 0 0 0 0 0 12230 18993 
0 0 0 0 0 0 0 0 12240 18984 
0 0 0 0 0 0 0 0 12250 18975 
0 0 0 0 0 0 0 0 12260 18966 
0 0 0 0 0 0 0 0 12270 18957 
0 0 0 0 0 0 0 0 12280 18948 
0 0 0 0 0 0 0 0 12290 18939 
0 0 0 0 0 0 0 0 12300 18930 
0 0 0 0 0 0 0 0 12310 18921 
0 0 0 0 0 0 0 0 12320 18912 
0 0 0 0 0 0 0 0 12330 18903 
0 0 0 0 0 0 0 0 12340 18894 
0 0 0 0 0 0 0 0 12350 18885 
0 0 0 0 0 0 0 0 12360 18876 
0 0 0 0 0 0 0 0 12370 18867 
0 0 0 0 0 0 0 0 12380 18858 
0 0 0 0 0 0 0 0 12390 18849 
0 0 0 0 0 0 0 0 12400 18840 
0 0 0 0 0 0 0 0 12410 18831 
0 0 0 0 0 0 0 0 12420 18822 
0 0 0 0 0 0 0 0 12430 18813 
0 0 0 0 0 0 0 0 12440 18804 
0 0 0 0 0 0 0 0 12450 18795 
0 0 0 0 0 0 0 0 12460 18786 
0 0 0 0 0 0 0 0 12470 18777 
0 0 0 0 0 0 0 0 12480 18768 
0 0 0 0 0 0 0 0 12490 18759 
0 0 0 0 0 0 0 0 12500 18750 
0 0 0 0 0 0 0 0 12510 18741 
0 0 0 0 0 0 0 0 12520 18732 
0 0 0 0 0 0 0 0 12530 18723 
0 0 0 0 0 0 0 0 12540 18714 
0 0 0 0 0 0 0 0 12550 18705 
0 0 0 0 0 0 0 0 12560 18696 
0 0 0 0 0 0 0 0 12570 18687 
0 0 0 0 0 0 0 0 12580 18678 
0 0 0 0 0 0 0 0 12590 18669 
0 0 0 0 0 0 0 0 12600 18660 
0 0 0 0 0 0 0 0 12610 18651 
0 0 0 0 0 0 0 0 12620 18642 
0 0 0 0 0 0 0 0 12630 18633 
0 0 0 0 0 0 0 0 12640 18624 
0 0 0 0 0 0 0 0 12650 18615 
0 0 0 0 0 0 0 0 12660 18606 
0 0 0 0 0 0 0 0 12670 18597 
0 0 0 0 0 0 0 0 12680 18588 
0 0 0 0 0 0 0 0 12690 18579 
0 0 0 0 0 0 0 0 12700 18570 
0 0 0 0 0 0 0 0 12710 18561 
0 0 0 0 0 0 0 0 12720 18552 
0 0 0 0 0 0 0 0 12730 18543 
0 0 0 0 0 0 0 0 12740 18534 
0 0 0 0 0 0 0 0 12750 18525 
0 0 0 0 0 0 0 0 12760 18516 
0 0 0 0 0 0 0 0 12770 18507 
0 0 0 0 0 0 0 0 12780 18498 
0 0 0 0 0 0 0 0 12790 18489 
0 0 0 0 0 0 0 0 12800 18480 
0 0 0 0 0 0 0 0 12810 18471 
0 0 0 0 0 0 0 0 12820 18462 
0 0 0 0 0 0 0 0 12830 18453 
0 0 0 0 0 0 0 0 12840 18444 
0 0 0 0 0 0 0 0 12850 18435 
0 0 0 0 0 0 0 0 12860 18426 
0 0 0 0 0 0 0 0 12870 18417 
0 0 0 0 0 0 0 0 12880 18408 
0 0 0 0 0 0 0 0 12890 18399 
0 0 0 0 0 0 0 0 12900 18390 
0 0 0 0 0 0 0 0 12910 18381 
0 0 0 0 0 0 0 0 12920 18372 
0 0 0 0 0 0 0 0 12930 18363 
0 0 0 0 0 0 0 0 12940 18354 
0 0 0 0 0 0 0 0 12950 18345 
0 0 0 0 0 0 0 0 12960 18336 
0 0 0 0 0 0 0 0 12970 18327 
0 0 0 0 0 0 0 0 12980 18318 
0 0 0 0 0 0 0 0 12990 18309 
0 0 0 0 0 0 0 0 13000 18300 
0 0 0 0 0 0 0 0 13010 18291 
0 0 0 0 0 0 0 0 13020 18282 
0 0 0 0 0 0 0 0 13030 18273 
0 0 0 0 0 0 0 0 13040 18264 
0 0 0 0 0 0 0 0 13050 18255 
0 0 0 0 0 0 0 0 13060 18246 
0 0 0 0 0 0 0 0 13070 18237 
0 0 0 0 0 0 0 0 13080 18228 
0 0 0 0 0 0 0 0 13090 18219 
0 0 0 0 0 0 0 0 13100 18210 
0 0 0 0 0 0 0 0 13110 18201 
0 0 0 0 0 0 0 0 13120 18192 
0 0 0 0 0 0 0 0 13130 18183 
0 0 0 0 0 0 0 0 13140 18174 
0 0 0 0 0 0 0 0 13150 18165 
0 0 0 0 0 0 0 0 13160 18156 
0 0 0 0 0 0 0 0 13170 18147 
0 0 0 0 0 0 0 0 13180 18138 
0 0 0 0 0 0 0 0 13190 18129 
0 0 0 0 0 0 0 0 13200 18120 
0 0 0 0 0 0 0 0 13210 18111 
0 0 0 0 0 0 0 0 13220 18102 
0 0 0 0 0 0 0 0 13230 18093 
0 0 0 0 0 0 0 0 13240 18084 
0 0 0 0 0 0 0 0 13250 18075 
0 0 0 0 0 0 0 0 13260 18066 
0 0 0 0 0 0 0 0 13270 18057 
0 0 0 0 0 0 0 0 13280 18048 
0 0 0 0 0 0 0 0 13290 18039 
0 0 0 0 0 0 0 0 13300 18030 
0 0 0 0 0 0 0 0 13310 18021 
0 0 0 0 0 0 0 0 13320 18012 
0 0 0 0 0 0 0 0 13330 18003 
0 0 0 0 0 0 0 0 13340 17994 
0 0 0 0 0 0 0 0 13350 17985 
0 0 0 0 0 0 0 0 13360 17976 
0 0 0 0 0 0 0 0 13370 17967 
0 0 0 0 0 0 0 0 13380 17958 
0 0 0 0 0 0 0 0 13390 17949 
0 0 0 0 0 0 0 0 13400 17940 
0 0 0 0 0 0 0 0 13410 17931 
0 0 0 0 0 0 0 0 13420 17922 
0 0 0 0 0 0 0 0 13430 17913 
0 0 0 0 0 0 0 0 13440 17904 
0 0 0 0 0 0 0 0 13450 17895 
0 0 0 0 0 0 0 0 13460 17886 
0 0 0 0 0 0 0 0 13470 17877 
0 0 0 0 0 0 0 0 13480 17868 
0 0 0 0 0 0 0 0 13490 17859 
0 0 0 0 0 0 0 0 13500 17850 
0 0 0 0 0 0 0 0 13510 17841 
0 0 0 0 0 0 0 0 13520 17832 
0 0 0 0 0 0 0 0 13530 17823 
0 0 0 0 0 0 0 0 13540 17814 
0 0 0 0 0 0 0 0 13550 17805 
0 0 0 0 0 0 0 0 13560 17796 
0 0 0 0 0 0 0 0 13570 17787 
0 0 0 0 0 0 0 0 13580 17778 
0 0 0 0 0 0 0 0 13590 17769 
0 0 0 0 0 0 0 0 13600 17760 
0 0 0 0 0 0 0 0 13610 17751 
0 0 0 0 0 0 0 0 13620 17742 
0 0 0 0 0 0 0 0 13630 17733 
0 0 0 0 0 0 0 0 13640 17724 
0 0 0 0 0 0 0 0 13650 17715 
0 0 0 0 0 0 0 0 13660 17706 
0 0 0 0 0 0 0 0 13670 17697 
0 0 0 0 0 0 0 0 13680 17688 
0 0 0 0 0 0 0 0 13690 17679 
0 0 0 0 0 0 0 0 13700 17670 
0 0 0 0 0 0 0 0 13710 17661 
0 0 0 0 0 0 0 0 13720 17652 
0 0 0 0 0 0 0 0 13730 17643 
0 0 0 0 0 0 0 0 13740 17634 
0 0 0 0 0 0 0 0 13750 17625 
0 0 0 0 0 0 0 0 13760 17616 
0 0 0 0 0 0 0 0 13770 17607 
0 0 0 0 0 0 0 0 13780 17598 
0 0 0 0 0 0 0 0 13790 17589 
0 0 0 0 0 0 0 0 13800 17580 
0 0 0 0 0 0 0 0 13810 17571 
0 0 0 0 0 0 0 0 13820 17562 
0 0 0 0 0 0 0 0 13830 17553 
0 0 0 0 0 0 0 0 13840 17544 
0 0 0 0 0 0 0 0 13850 17535 
0 0 0 0 0 0 0 0 13860 17526 
0 0 0 0 0 0 0 0 13870 17517 
0 0 0 0 0 0 0 0 13880 17508 
0 0 0 0 0 0 0 0 13890 17499 
0 0 0 0 0 0 0 0 13900 17490 
0 0 0 0 0 0 0 0 13910 17481 
0 0 0 0 0 0 0 0 13920 17472 
0 0 0 0 0 0 0 0 13930 17463 
0 0 0 0 0 0 0 0 13940 17454 
0 0 0 0 0 0 0 0 13950 17445 
0 0 0 0 0 0 0 0 13960 17436 
0 0 0 0 0 0 0 0 13970 17427 
0 0 0 0 0 0 0 0 13980 17418 
0 0 0 0 0 0 0 0 13990 17409 
0 0 0 0 0 0 0 0 14000 17400 
0 0 0 0 0 0 0 0 14010 17391 
0 0 0 0 0 0 0 0 14020 17382 
0 0 0 0 0 0 0 0 14030 17373 
0 0 0 0 0 0 0 0 14040 17364 
0 0 0 0 0 0 0 0 14050 17355 
0 0 0 0 0 0 0 0 14060 17346 
0 0 0 0 0 0 0 0 14070 17337 
0 0 0 0 0 0 0 0 14080 17328 
0 0 0 0 0 0 0 0 14090 17319 
0 0 0 0 0 0 0 0 14100 17310 
0 0 0 0 0 0 0 0 14110 17301 
0 0 0 0 0 0 0 0 14120 17292 
0 0 0 0 0 0 0 0 14130 17283 
0 0 0 0 0 0 0 0 14140 17274 
0 0 0 0 0 0 0 0 14150 17265 
0 0 0 0 0 0 0 0 14160 17256 
0 0 0 0 0 0 0 0 14170 17247 
0 0 0 0 0 0 0 0 14180 17238 
0 0 0 0 0 0 0 0 14190 17229 
0 0 0 0 0 0 0 0 14200 17220 
0 0 0 0 0 0 0 0 14210 17211 
0 0 0 0 0 0 0 0 14220 17202 
0 0 0 0 0 0 0 0 14230 17193 
0 0 0 0 0 0 0 0 14240 17184 
0 0 0 0 0 0 0 0 14250 17175 
0 0 0 0 0 0 0 0 14260 17166 
0 0 0 0 0 0 0 0 14270 17157 
0 0 0 0 0 0 0 0 14280 17148 
0 0 0 0 0 0 0 0 14290 17139 
0 0 0 0 0 0 0 0 14300 17130 
0 0 0 0 0 0 0 0 14310 17121 
0 0 0 0 0 0 0 0 14320 17112 
0 0 0 0 0 0 0 0 14330 17103 
0 0 0 0 0 0 0 0 14340 17094 
0 0 0 0 0 0 0 0 14350 17085 
0 0 0 0 0 0 0 0 14360 17076 
0 0 0 0 0 0 0 0 14370 17067 
0 0 0 0 0 0 0 0 14380 17058 
0 0 0 0 0 0 0 0 14390 17049 
0 0 0 0 0 0 0 0 14400 17040 
0 0 0 0 0 0 0 0 14410 17031 
0 0 0 0 0 0 0 0 14420 17022 
0 0 0 0 0 0 0 0 14430 17013 
0 0 0 0 0 0 0 0 14440 17004 
0 0 0 0 0 0 0 0 14450 16995 
0 0 0 0 0 0 0 0 14460 16986 
0 0 0 0 0 0 0 0 14470 16977 
0 0 0 0 0 0 0 0 14480 16968 
0 0 0 0 0 0 0 0 14490 16959 
0 0 0 0 0 0 0 0 14500 16950 
0 0 0 0 0 0 0 0 14510 16941 
0 0 0 0 0 0 0 0 14520 16932 
0 0 0 0 0 0 0 0 14530 16923 
0 0 0 0 0 0 0 0 14540 16914 
0 0 0 0 0 0 0 0 14550 16905 
0 0 0 0 0 0 0 0 14560 16896 
0 0 0 0 0 0 0 0 14570 16887 
0 0 0 0 0 0 0 0 14580 16878 
0 0 0 0 0 0 0 0 14590 16869 
0 0 0 0 0 0 0 0 14600 16860 
0 0 0 0 0 0 0 0 14610 16851 
0 0 0 0 0 0 0 0 14620 16842 
0 0 0 0 0 0 0 0 14630 16833 
0 0 0 0 0 0 0 0 14640 16824 
0 0 0 0 0 0 0 0 14650 16815 
0 0 0 0 0 0 0 0 14660 16806 
0 0 0 0 0 0 0 0 14670 16797 
0 0 0 0 0 0 0 0 14680 16788 
0 0 0 0 0 0 0 0 14690 16779 
0 0 0 0 0 0 0 0 14700 16770 
0 0 0 0 0 0 0 0 14710 16761 
0 0 0 0 0 0 0 0 14720 16752 
0 0 0 0 0 0 0 0 14730 16743 
0 0 0 0 0 0 0 0 14740 16734 
0 0 0 0 0 0 0 0 14750 16725 
0 0 0 0 0 0 0 0 14760 16716 
0 0 0 0 0 0 0 0 14770 16707 
0 0 0 0 0 0 0 0 14780 16698 
0 0 0 0 0 0 0 0 14790 16689 
0 0 0 0 0 0 0 0 14800 16680 
0 0 0 0 0 0 0 0 14810 16671 
0 0 0 0 0 0 0 0 14820 16662 
0 0 0 0 0 0 0 0 14830 16653 
0 0 0 0 0 0 0 0 14840 16644 
0 0 0 0 0 0 0 0 14850 16635 
0 0 0 0 0 0 0 0 14860 16626 
0 0 0 0 0 0 0 0 14870 16617 
0 0 0 0 0 0 0 0 14880 16608 
0 0 0 0 0 0 0 0 14890 16599 
0 0 0 0 0 0 0 0 14900 16590 
0 0 0 0 0 0 0 0 14910 16581 
0 0 0 0 0 0 0 0 14920 16572 
0 0 0 0 0 0 0 0 14930 16563 
0 0 0 0 0 0 0 0 14940 16554 
0 0 0 0 0 0 0 0 14950 16545 
0 0 0 0 0 0 0 0 14960 16536 
0 0 0 0 0 0 0 0 14970 16527 
0 0 0 0 0 0 0 0 14980 16518 
0 0 0 0 0 0 0 0 14990 16509 
0 0 0 0 0 0 0 0 15000 16500 
0 0 0 0 0 0 0 0 15010 16491 
0 0 0 0 0 0 0 0 15020 16482 
0 0 0 0 0 0 0 0 15030 16473 
0 0 0 0 0 0 0 0 15040 16464 
0 0 0 0 0 0 0 0 15050 16455 
0 0 0 0 0 0 0 0 15060 16446 
0 0 0 0 0 0 0 0 15070 16437 
0 0 0 0 0 0 0 0 15080 16428 
0 0 0 0 0 0 0 0 15090 16419 
0 0 0 0 0 0 0 0 15100 16410 
0 0 0 0 0 0 0 0 15110 16401 
0 0 0 0 0 0 0 0 15120 16392 
0 0 0 0 0 0 0 0 15130 16383 
0 0 0 0 0 0 0 0 15140 16374 
0 0 0 0 0 0 0 0 15150 16365 
0 0 0 0 0 0 0 0 15160 16356 
0 0 0 0 0 0 0 0 15170 16347 
0 0 0 0 0 0 0 0 15180 16338 
0 0 0 0 0 0 0 0 15190 16329 
0 0 0 0 0 0 0 0 15200 16320 
0 0 0 0 0 0 0 0 15210 16311 
0 0 0 0 0 0 0 0 15220 16302 
0 0 0 0 0 0 0 0 15230 16293 
0 0 0 0 0 0 0 0 15240 16284 
0 0 0 0 0 0 0 0 15250 16275 
0 0 0 0 0 0 0 0 15260 16266 
0 0 0 0 0 0 0 0 15270 16257 
0 0 0 0 0 0 0 0 15280 16248 
0 0 0 0 0 0 0 0 15290 16239 
0 0 0 0 0 0 0 0 15300 16230 
0 0 0 0 0 0 0 0 15310 16221 
0 0 0 0 0 0 0 0 15320 16212 
0 0 0 0 0 0 0 0 15330 16203 
0 0 0 0 0 0 0 0 15340 16194 
0 0 0 0 0 0 0 0 15350 16185 
0 0 0 0 0 0 0 0 15360 16176 
0 0 0 0 0 0 0 0 15370 16167 
0 0 0 0 0 0 0 0 15380 16158 
0 0 0 0 0 0 0 0 15390 16149 
0 0 0 0 0 0 0 0 15400 16140 
0 0 0 0 0 0 0 0 15410 16131 
0 0 0 0 0 0 0 0 15420 16122 
0 0 0 0 0 0 0 0 15430 16113 
0 0 0 0 0 0 0 0 15440 16104 
0 0 0 0 0 0 0 0 15450 16095 
0 0 0 0 0 0 0 0 15460 16086 
0 0 0 0 0 0 0 0 15470 16077 
0 0 0 0 0 0 0 0 15480 16068 
0 0 0 0 0 0 0 0 15490 16059 
0 0 0 0 0 0 0 0 15500 16050 
0 0 0 0 0 0 0 0 15510 16041 
0 0 0 0 0 0 0 0 15520 16032 
0 0 0 0 0 0 0 0 15530 16023 
0 0 0 0 0 0 0 0 15540 16014 
0 0 0 0 0 0 0 0 15550 16005 
0 0 0 0 0 0 0 0 15560 15996 
0 0 0 0 0 0 0 0 15570 15987 
0 0 0 0 0 0 0 0 15580 15978 
0 0 0 0 0 0 0 0 15590 15969 
0 0 0 0 0 0 0 0 15600 15960 
0 0 0 0 0 0 0 0 15610 15951 
0 0 0 0 0 0 0 0 15620 15942 
0 0 0 0 0 0 0 0 15630 15933 
0 0 0 0 0 0 0 0 15640 15924 
0 0 0 0 0 0 0 0 15650 15915 
0 0 0 0 0 0 0 0 15660 15906 
0 0 0 0 0 0 0 0 15670 15897 
0 0 0 0 0 0 0 0 15680 15888 
0 0 0 0 0 0 0 0 15690 15879 
0 0 0 0 0 0 0 0 15700 15870 
0 0 0 0 0 0 0 0 15710 15861 
0 0 0 0 0 0 0 0 15720 15852 
0 0 0 0 0 0 0 0 15730 15843 
0 0 0 0 0 0 0 0 15740 15834 
0 0 0 0 0 0 0 0 15750 15825 
0 0 0 0 0 0 0 0 15760 15816 
0 0 0 0 0 0 0 0 15770 15807 
0 0 0 0 0 0 0 0 15780 15798 
0 0 0 0 0 0 0 0 15790 15789 
0 0 0 0 0 0 0 0 15800 15780 
0 0 0 0 0 0 0 0 15810 15771 
0 0 0 0 0 0 0 0 15820 15762 
0 0 0 0 0 0 0 0 15830 15753 
0 0 0 0 0 0 0 0 15840 15744 
0 0 0 0 0 0 0 0 15850 15735 
0 0 0 0 0 0 0 0 15860 15726 
0 0 0 0 0 0 0 0 15870 15717 
0 0 0 0 0 0 0 0 15880 15708 
0 0 0 0 0 0 0 0 15890 15699 
0 0 0 0 0 0 0 0 15900 15690 
0 0 0 0 0 0 0 0 15910 15681 
0 0 0 0 0 0 0 0 15920 15672 
0 0 0 0 0 0 0 0 15930 15663 
0 0 0 0 0 0 0 0 15940 15654 
0 0 0 0 0 0 0 0 15950 15645 
0 0 0 0 0 0 0 0 15960 15636 
0 0 0 0 0 0 0 0 15970 15627 
0 0 0 0 0 0 0 0 15980 15618 
0 0 0 0 0 0 0 0 15990 15609 
0 0 0 0 0 0 0 0 16000 15600 
0 0 0 0 0 0 0 0 16010 15591 
0 0 0 0 0 0 0 0 16020 15582 
0 0 0 0 0 0 0 0 16030 15573 
0 0 0 0 0 0 0 0 16040 15564 
0 0 0 0 0 0 0 0 16050 15555 
0 0 0 0 0 0 0 0 16060 15546 
0 0 0 0 0 0 0 0 16070 15537 
0 0 0 0 0 0 0 0 16080 15528 
0 0 0 0 0 0 0 0 16090 15519 
0 0 0 0 0 0 0 0 16100 15510 
0 0 0 0 0 0 0 0 16110 15501 
0 0 0 0 0 0 0 0 16120 15492 
0 0 0 0 0 0 0 0 16130 15483 
0 0 0 0 0 0 0 0 16140 15474 
0 0 0 0 0 0 0 0 16150 15465 
0 0 0 0 0 0 0 0 16160 15456 
0 0 0 0 0 0 0 0 16170 15447 
0 0 0 0 0 0 0 0 16180 15438 
0 0 0 0 0 0 0 0 16190 15429 
0 0 0 0 0 0 0 0 16200 15420 
0 0 0 0 0 0 0 0 16210 15411 
0 0 0 0 0 0 0 0 16220 15402 
0 0 0 0 0 0 0 0 16230 15393 
0 0 0 0 0 0 0 0 16240 15384 
0 0 0 0 0 0 0 0 16250 15375 
0 0 0 0 0 0 0 0 16260 15366 
0 0 0 0 0 0 0 0 16270 15357 
0 0 0 0 0 0 0 0 16280 15348 
0 0 0 0 0 0 0 0 16290 15339 
0 0 0 0 0 0 0 0 16300 15330 
0 0 0 0 0 0 0 0 16310 15321 
0 0 0 0 0 0 0 0 16320 15312 
0 0 0 0 0 0 0 0 16330 15303 
0 0 0 0 0 0 0 0 16340 15294 
0 0 0 0 0 0 0 0 16350 15285 
0 0 0 0 0 0 0 0 16360 15276 
0 0 0 0 0 0 0 0 16370 15267 
0 0 0 0 0 0 0 0 16380 15258 
0 0 0 0 0 0 0 0 16390 15249 
0 0 0 0 0 0 0 0 16400 15240 
0 0 0 0 0 0 0 0 16410 15231 
0 0 0 0 0 0 0 0 16420 15222 
0 0 0 0 0 0 0 0 16430 15213 
0 0 0 0 0 0 0 0 16440 15204 
0 0 0 0 0 0 0 0 16450 15195 
0 0 0 0 0 0 0 0 16460 15186 
0 0 0 0 0 0 0 0 16470 15177 
0 0 0 0 0 0 0 0 16480 15168 
0 0 0 0 0 0 0 0 16490 15159 
0 0 0 0 0 0 0 0 16500 15150 
0 0 0 0 0 0 0 0 16510 15141 
0 0 0 0 0 0 0 0 16520 15132 
0 0 0 0 0 0 0 0 16530 15123 
0 0 0 0 0 0 0 0 16540 15114 
0 0 0 0 0 0 0 0 16550 15105 
0 0 0 0 0 0 0 0 16560 15096 
0 0 0 0 0 0 0 0 16570 15087 
0 0 0 0 0 0 0 0 16580 15078 
0 0 0 0 0 0 0 0 16590 15069 
0 0 0 0 0 0 0 0 16600 15060 
0 0 0 0 0 0 0 0 16610 15051 
0 0 0 0 0 0 0 0 16620 15042 
0 0 0 0 0 0 0 0 16630 15033 
0 0 0 0 0 0 0 0 16640 15024 
0 0 0 0 0 0 0 0 16650 15015 
0 0 0 0 0 0 0 0 16660 15006 
0 0 0 0 0 0 0 0 16670 14997 
0 0 0 0 0 0 0 0 16680 14988 
0 0 0 0 0 0 0 0 16690 14979 
0 0 0 0 0 0 0 0 16700 14970 
0 0 0 0 0 0 0 0 16710 14961 
0 0 0 0 0 0 0 0 16720 14952 
0 0 0 0 0 0 0 0 16730 14943 
0 0 0 0 0 0 0 0 16740 14934 
0 0 0 0 0 0 0 0 16750 14925 
0 0 0 0 0 0 0 0 16760 14916 
0 0 0 0 0 0 0 0 16770 14907 
0 0 0 0 0 0 0 0 16780 14898 
0 0 0 0 0 0 0 0 16790 14889 
0 0 0 0 0 0 0 0 16800 14880 
0 0 0 0 0 0 0 0 16810 14871 
0 0 0 0 0 0 0 0 16820 14862 
0 0 0 0 0 0 0 0 16830 14853 
0 0 0 0 0 0 0 0 16840 14844 
0 0 0 0 0 0 0 0 16850 14835 
0 0 0 0 0 0 0 0 16860 14826 
0 0 0 0 0 0 0 0 16870 14817 
0 0 0 0 0 0 0 0 16880 14808 
0 0 0 0 0 0 0 0 16890 14799 
0 0 0 0 0 0 0 0 16900 14790 
0 0 0 0 0 0 0 0 16910 14781 
0 0 0 0 0 0 0 0 16920 14772 
0 0 0 0 0 0 0 0 16930 14763 
0 0 0 0 0 0 0 0 16940 14754 
0 0 0 0 0 0 0 0 16950 14745 
0 0 0 0 0 0 0 0 16960 14736 
0 0 0 0 0 0 0 0 16970 14727 
0 0 0 0 0 0 0 0 16980 14718 
0 0 0 0 0 0 0 0 16990 14709 
0 0 0 0 0 0 0 0 17000 14700 
0 0 0 0 0 0 0 0 17010 14691 
0 0 0 0 0 0 0 0 17020 14682 
0 0 0 0 0 0 0 0 17030 14673 
0 0 0 0 0 0 0 0 17040 14664 
0 0 0 0 0 0 0 0 17050 14655 
0 0 0 0 0 0 0 0 17060 14646 
0 0 0 0 0 0 0 0 17070 14637 
0 0 0 0 0 0 0 0 17080 14628 
0 0 0 0 0 0 0 0 17090 14619 
0 0 0 0 0 0 0 0 17100 14610 
0 0 0 0 0 0 0 0 17110 14601 
0 0 0 0 0 0 0 0 17120 14592 
0 0 0 0 0 0 0 0 17130 14583 
0 0 0 0 0 0 0 0 17140 14574 
0 0 0 0 0 0 0 0 17150 14565 
0 0 0 0 0 0 0 0 17160 14556 
0 0 0 0 0 0 0 0 17170 14547 
0 0 0 0 0 0 0 0 17180 14538 
0 0 0 0 0 0 0 0 17190 14529 
0 0 0 0 0 0 0 0 17200 14520 
0 0 0 0 0 0 0 0 17210 14511 
0 0 0 0 0 0 0 0 17220 14502 
0 0 0 0 0 0 0 0 17230 14493 
0 0 0 0 0 0 0 0 17240 14484 
0 0 0 0 0 0 0 0 17250 14475 
0 0 0 0 0 0 0 0 17260 14466 
0 0 0 0 0 0 0 0 17270 14457 
0 0 0 0 0 0 0 0 17280 14448 
0 0 0 0 0 0 0 0 17290 14439 
0 0 0 0 0 0 0 0 17300 14430 
0 0 0 0 0 0 0 0 17310 14421 
0 0 0 0 0 0 0 0 17320 14412 
0 0 0 0 0 0 0 0 17330 14403 
0 0 0 0 0 0 0 0 17340 14394 
0 0 0 0 0 0 0 0 17350 14385 
0 0 0 0 0 0 0 0 17360 14376 
0 0 0 0 0 0 0 0 17370 14367 
0 0 0 0 0 0 0 0 17380 14358 
0 0 0 0 0 0 0 0 17390 14349 
0 0 0 0 0 0 0 0 17400 14340 
0 0 0 0 0 0 0 0 17410 14331 
0 0 0 0 0 0 0 0 17420 14322 
0 0 0 0 0 0 0 0 17430 14313 
0 0 0 0 0 0 0 0 17440 14304 
0 0 0 0 0 0 0 0 17450 14295 
0 0 0 0 0 0 0 0 17460 14286 
0 0 0 0 0 0 0 0 17470 14277 
0 0 0 0 0 0 0 0 17480 14268 
0 0 0 0 0 0 0 0 17490 14259 
0 0 0 0 0 0 0 0 17500 14250 
0 0 0 0 0 0 0 0 17510 14241 
0 0 0 0 0 0 0 0 17520 14232 
0 0 0 0 0 0 0 0 17530 14223 
0 0 0 0 0 0 0 0 17540 14214 
0 0 0 0 0 0 0 0 17550 14205 
0 0 0 0 0 0 0 0 17560 14196 
0 0 0 0 0 0 0 0 17570 14187 
0 0 0 0 0 0 0 0 17580 14178 
0 0 0 0 0 0 0 0 17590 14169 
0 0 0 0 0 0 0 0 17600 14160 
0 0 0 0 0 0 0 0 17610 14151 
0 0 0 0 0 0 0 0 17620 14142 
0 0 0 0 0 0 0 0 17630 14133 
0 0 0 0 0 0 0 0 17640 14124 
0 0 0 0 0 0 0 0 17650 14115 
0 0 0 0 0 0 0 0 17660 14106 
0 0 0 0 0 0 0 0 17670 14097 
0 0 0 0 0 0 0 0 17680 14088 
0 0 0 0 0 0 0 0 17690 14079 
0 0 0 0 0 0 0 0 17700 14070 
0 0 0 0 0 0 0 0 17710 14061 
0 0 0 0 0 0 0 0 17720 14052 
0 0 0 0 0 0 0 0 17730 14043 
0 0 0 0 0 0 0 0 17740 14034 
0 0 0 0 0 0 0 0 17750 14025 
0 0 0 0 0 0 0 0 17760 14016 
0 0 0 0 0 0 0 0 17770 14007 
0 0 0 0 0 0 0 0 17780 13998 
0 0 0 0 0 0 0 0 17790 13989 
0 0 0 0 0 0 0 0 17800 13980 
0 0 0 0 0 0 0 0 17810 13971 
0 0 0 0 0 0 0 0 17820 13962 
0 0 0 0 0 0 0 0 17830 13953 
0 0 0 0 0 0 0 0 17840 13944 
0 0 0 0 0 0 0 0 17850 13935 
0 0 0 0 0 0 0 0 17860 13926 
0 0 0 0 0 0 0 0 17870 13917 
0 0 0 0 0 0 0 0 17880 13908 
0 0 0 0 0 0 0 0 17890 13899 
0 0 0 0 0 0 0 0 17900 13890 
0 0 0 0 0 0 0 0 17910 13881 
0 0 0 0 0 0 0 0 17920 13872 
0 0 0 0 0 0 0 0 17930 13863 
0 0 0 0 0 0 0 0 17940 13854 
0 0 0 0 0 0 0 0 17950 13845 
0 0 0 0 0 0 0 0 17960 13836 
0 0 0 0 0 0 0 0 17970 13827 
0 0 0 0 0 0 0 0 17980 13818 
0 0 0 0 0 0 0 0 17990 13809 
0 0 0 0 0 0 0 0 18000 13800 
0 0 0 0 0 0 0 0 18010 13791 
0 0 0 0 0 0 0 0 18020 13782 
0 0 0 0 0 0 0 0 18030 13773 
0 0 0 0 0 0 0 0 18040 13764 
0 0 0 0 0 0 0 0 18050 13755 
0 0 0 0 0 0 0 0 18060 13746 
0 0 0 0 0 0 0 0 18070 13737 
0 0 0 0 0 0 0 0 18080 13728 
0 0 0 0 0 0 0 0 18090 13719 
0 0 0 0 0 0 0 0 18100 13710 
0 0 0 0 0 0 0 0 18110 13701 
0 0 0 0 0 0 0 0 18120 13692 
0 0 0 0 0 0 0 0 18130 13683 
0 0 0 0 0 0 0 0 18140 13674 
0 0 0 0 0 0 0 0 18150 13665 
0 0 0 0 0 0 0 0 18160 13656 
0 0 0 0 0 0 0 0 18170 13647 
0 0 0 0 0 0 0 0 18180 13638 
0 0 0 0 0 0 0 0 18190 13629 
0 0 0 0 0 0 0 0 18200 13620 
0 0 0 0 0 0 0 0 18210 13611 
0 0 0 0 0 0 0 0 18220 13602 
0 0 0 0 0 0 0 0 18230 13593 
0 0 0 0 0 0 0 0 18240 13584 
0 0 0 0 0 0 0 0 18250 13575 
0 0 0 0 0 0 0 0 18260 13566 
0 0 0 0 0 0 0 0 18270 13557 
0 0 0 0 0 0 0 0 18280 13548 
0 0 0 0 0 0 0 0 18290 13539 
0 0 0 0 0 0 0 0 18300 13530 
0 0 0 0 0 0 0 0 18310 13521 
0 0 0 0 0 0 0 0 18320 13512 
0 0 0 0 0 0 0 0 18330 13503 
0 0 0 0 0 0 0 0 18340 13494 
0 0 0 0 0 0 0 0 18350 13485 
0 0 0 0 0 0 0 0 18360 13476 
0 0 0 0 0 0 0 0 18370 13467 
0 0 0 0 0 0 0 0 18380 13458 
0 0 0 0 0 0 0 0 18390 13449 
0 0 0 0 0 0 0 0 18400 13440 
0 0 0 0 0 0 0 0 18410 13431 
0 0 0 0 0 0 0 0 18420 13422 
0 0 0 0 0 0 0 0 18430 13413 
0 0 0 0 0 0 0 0 18440 13404 
0 0 0 0 0 0 0 0 18450 13395 
0 0 0 0 0 0 0 0 18460 13386 
0 0 0 0 0 0 0 0 18470 13377 
0 0 0 0 0 0 0 0 18480 13368 
0 0 0 0 0 0 0 0 18490 13359 
0 0 0 0 0 0 0 0 18500 13350 
0 0 0 0 0 0 0 0 18510 13341 
0 0 0 0 0 0 0 0 18520 13332 
0 0 0 0 0 0 0 0 18530 13323 
0 0 0 0 0 0 0 0 18540 13314 
0 0 0 0 0 0 0 0 18550 13305 
0 0 0 0 0 0 0 0 18560 13296 
0 0 0 0 0 0 0 0 18570 13287 
0 0 0 0 0 0 0 0 18580 13278 
0 0 0 0 0 0 0 0 18590 13269 
0 0 0 0 0 0 0 0 18600 13260 
0 0 0 0 0 0 0 0 18610 13251 
0 0 0 0 0 0 0 0 18620 13242 
0 0 0 0 0 0 0 0 18630 13233 
0 0 0 0 0 0 0 0 18640 13224 
0 0 0 0 0 0 0 0 18650 13215 
0 0 0 0 0 0 0 0 18660 13206 
0 0 0 0 0 0 0 0 18670 13197 
0 0 0 0 0 0 0 0 18680 13188 
0 0 0 0 0 0 0 0 18690 13179 
0 0 0 0 0 0 0 0 18700 13170 
0 0 0 0 0 0 0 0 18710 13161 
0 0 0 0 0 0 0 0 18720 13152 
0 0 0 0 0 0 0 0 18730 13143 
0 0 0 0 0 0 0 0 18740 13134 
0 0 0 0 0 0 0 0 18750 13125 
0 0 0 0 0 0 0 0 18760 13116 
0 0 0 0 0 0 0 0 18770 13107 
0 0 0 0 0 0 0 0 18780 13098 
0 0 0 0 0 0 0 0 18790 13089 
0 0 0 0 0 0 0 0 18800 13080 
0 0 0 0 0 0 0 0 18810 13071 
0 0 0 0 0 0 0 0 18820 13062 
0 0 0 0 0 0 0 0 18830 13053 
0 0 0 0 0 0 0 0 18840 13044 
0 0 0 0 0 0 0 0 18850 13035 
0 0 0 0 0 0 0 0 18860 13026 
0 0 0 0 0 0 0 0 18870 13017 
0 0 0 0 0 0 0 0 18880 13008 
0 0 0 0 0 0 0 0 18890 12999 
0 0 0 0 0 0 0 0 18900 12990 
0 0 0 0 0 0 0 0 18910 12981 
0 0 0 0 0 0 0 0 18920 12972 
0 0 0 0 0 0 0 0 18930 12963 
0 0 0 0 0 0 0 0 18940 12954 
0 0 0 0 0 0 0 0 18950 12945 
0 0 0 0 0 0 0 0 18960 12936 
0 0 0 0 0 0 0 0 18970 12927 
0 0 0 0 0 0 0 0 18980 12918 
0 0 0 0 0 0 0 0 18990 12909 
0 0 0 0 0 0 0 0 19000 12900 
0 0 0 0 0 0 0 0 19010 12891 
0 0 0 0 0 0 0 0 19020 12882 
0 0 0 0 0 0 0 0 19030 12873 
0 0 0 0 0 0 0 0 19040 12864 
0 0 0 0 0 0 0 0 19050 12855 
0 0 0 0 0 0 0 0 19060 12846 
0 0 0 0 0 0 0 0 19070 12837 
0 0 0 0 0 0 0 0 19080 12828 
0 0 0 0 0 0 0 0 19090 12819 
0 0 0 0 0 0 0 0 19100 12810 
0 0 0 0 0 0 0 0 19110 12801 
0 0 0 0 0 0 0 0 19120 12792 
0 0 0 0 0 0 0 0 19130 12783 
0 0 0 0 0 0 0 0 19140 12774 
0 0 0 0 0 0 0 0 19150 12765 
0 0 0 0 0 0 0 0 19160 12756 
0 0 0 0 0 0 0 0 19170 12747 
0 0 0 0 0 0 0 0 19180 12738 
0 0 0 0 0 0 0 0 19190 12729 
0 0 0 0 0 0 0 0 19200 12720 
0 0 0 0 0 0 0 0 19210 12711 
0 0 0 0 0 0 0 0 19220 12702 
0 0 0 0 0 0 0 0 19230 12693 
0 0 0 0 0 0 0 0 19240 12684 
0 0 0 0 0 0 0 0 19250 12675 
0 0 0 0 0 0 0 0 19260 12666 
0 0 0 0 0 0 0 0 19270 12657 
0 0 0 0 0 0 0 0 19280 12648 
0 0 0 0 0 0 0 0 19290 12639 
0 0 0 0 0 0 0 0 19300 12630 
0 0 0 0 0 0 0 0 19310 12621 
0 0 0 0 0 0 0 0 19320 12612 
0 0 0 0 0 0 0 0 19330 12603 
0 0 0 0 0 0 0 0 19340 12594 
0 0 0 0 0 0 0 0 19350 12585 
0 0 0 0 0 0 0 0 19360 12576 
0 0 0 0 0 0 0 0 19370 12567 
0 0 0 0 0 0 0 0 19380 12558 
0 0 0 0 0 0 0 0 19390 12549 
0 0 0 0 0 0 0 0 19400 12540 
0 0 0 0 0 0 0 0 19410 12531 
0 0 0 0 0 0 0 0 19420 12522 
0 0 0 0 0 0 0 0 19430 12513 
0 0 0 0 0 0 0 0 19440 12504 
0 0 0 0 0 0 0 0 19450 12495 
0 0 0 0 0 0 0 0 19460 12486 
0 0 0 0 0 0 0 0 19470 12477 
0 0 0 0 0 0 0 0 19480 12468 
0 0 0 0 0 0 0 0 19490 12459 
0 0 0 0 0 0 0 0 19500 12450 
0 0 0 0 0 0 0 0 19510 12441 
0 0 0 0 0 0 0 0 19520 12432 
0 0 0 0 0 0 0 0 19530 12423 
0 0 0 0 0 0 0 0 19540 12414 
0 0 0 0 0 0 0 0 19550 12405 
0 0 0 0 0 0 0 0 19560 12396 
0 0 0 0 0 0 0 0 19570 12387 
0 0 0 0 0 0 0 0 19580 12378 
0 0 0 0 0 0 0 0 19590 12369 
0 0 0 0 0 0 0 0 19600 12360 
0 0 0 0 0 0 0 0 19610 12351 
0 0 0 0 0 0 0 0 19620 12342 
0 0 0 0 0 0 0 0 19630 12333 
0 0 0 0 0 0 0 0 19640 12324 
0 0 0 0 0 0 0 0 19650 12315 
0 0 0 0 0 0 0 0 19660 12306 
0 0 0 0 0 0 0 0 19670 12297 
0 0 0 0 0 0 0 0 19680 12288 
0 0 0 0 0 0 0 0 19690 12279 
0 0 0 0 0 0 0 0 19700 12270 
0 0 0 0 0 0 0 0 19710 12261 
0 0 0 0 0 0 0 0 19720 12252 
0 0 0 0 0 0 0 0 19730 12243 
0 0 0 0 0 0 0 0 19740 12234 
0 0 0 0 0 0 0 0 19750 12225 
0 0 0 0 0 0 0 0 19760 12216 
0 0 0 0 0 0 0 0 19770 12207 
0 0 0 0 0 0 0 0 19780 12198 
0 0 0 0 0 0 0 0 19790 12189 
0 0 0 0 0 0 0 0 19800 12180 
0 0 0 0 0 0 0 0 19810 12171 
0 0 0 0 0 0 0 0 19820 12162 
0 0 0 0 0 0 0 0 19830 12153 
0 0 0 0 0 0 0 0 19840 12144 
0 0 0 0 0 0 0 0 19850 12135 
0 0 0 0 0 0 0 0 19860 12126 
0 0 0 0 0 0 0 0 19870 12117 
0 0 0 0 0 0 0 0 19880 12108 
0 0 0 0 0 0 0 0 19890 12099 
0 0 0 0 0 0 0 0 19900 12090 
0 0 0 0 0 0 0 0 19910 12081 
0 0 0 0 0 0 0 0 19920 12072 
0 0 0 0 0 0 0 0 19930 12063 
0 0 0 0 0 0 0 0 19940 12054 
0 0 0 0 0 0 0 0 19950 12045 
0 0 0 0 0 0 0 0 19960 12036 
0 0 0 0 0 0 0 0 19970 12027 
0 0 0 0 0 0 0 0 19980 12018 
0 0 0 0 0 0 0 0 19990 12009 
0 0 0 0 0 0 0 0 20000 12000 
0 0 0 0 0 0 0 0 20010 11991 
0 0 0 0 0 0 0 0 20020 11982 
0 0 0 0 0 0 0 0 20030 11973 
0 0 0 0 0 0 0 0 20040 11964 
0 0 0 0 0 0 0 0 20050 11955 
0 0 0 0 0 0 0 0 20060 11946 
0 0 0 0 0 0 0 0 20070 11937 
0 0 0 0 0 0 0 0 20080 11928 
0 0 0 0 0 0 0 0 20090 11919 
0 0 0 0 0 0 0 0 20100 11910 
0 0 0 0 0 0 0 0 20110 11901 
0 0 0 0 0 0 0 0 20120 11892 
0 0 0 0 0 0 0 0 20130 11883 
0 0 0 0 0 0 0 0 20140 11874 
0 0 0 0 0 0 0 0 20150 11865 
0 0 0 0 0 0 0 0 20160 11856 
0 0 0 0 0 0 0 0 20170 11847 
0 0 0 0 0 0 0 0 20180 11838 
0 0 0 0 0 0 0 0 20190 11829 
0 0 0 0 0 0 0 0 20200 11820 
0 0 0 0 0 0 0 0 20210 11811 
0 0 0 0 0 0 0 0 20220 11802 
0 0 0 0 0 0 0 0 20230 11793 
0 0 0 0 0 0 0 0 20240 11784 
0 0 0 0 0 0 0 0 20250 11775 
0 0 0 0 0 0 0 0 20260 11766 
0 0 0 0 0 0 0 0 20270 11757 
0 0 0 0 0 0 0 0 20280 11748 
0 0 0 0 0 0 0 0 20290 11739 
0 0 0 0 0 0 0 0 20300 11730 
0 0 0 0 0 0 0 0 20310 11721 
0 0 0 0 0 0 0 0 20320 11712 
0 0 0 0 0 0 0 0 20330 11703 
0 0 0 0 0 0 0 0 20340 11694 
0 0 0 0 0 0 0 0 20350 11685 
0 0 0 0 0 0 0 0 20360 11676 
0 0 0 0 0 0 0 0 20370 11667 
0 0 0 0 0 0 0 0 20380 11658 
0 0 0 0 0 0 0 0 20390 11649 
0 0 0 0 0 0 0 0 20400 11640 
0 0 0 0 0 0 0 0 20410 11631 
0 0 0 0 0 0 0 0 20420 11622 
0 0 0 0 0 0 0 0 20430 11613 
0 0 0 0 0 0 0 0 20440 11604 
0 0 0 0 0 0 0 0 20450 11595 
0 0 0 0 0 0 0 0 20460 11586 
0 0 0 0 0 0 0 0 20470 11577 
0 0 0 0 0 0 0 0 20480 11568 
0 0 0 0 0 0 0 0 20490 11559 
0 0 0 0 0 0 0 0 20500 11550 
0 0 0 0 0 0 0 0 20510 11541 
0 0 0 0 0 0 0 0 20520 11532 
0 0 0 0 0 0 0 0 20530 11523 
0 0 0 0 0 0 0 0 20540 11514 
0 0 0 0 0 0 0 0 20550 11505 
0 0 0 0 0 0 0 0 20560 11496 
0 0 0 0 0 0 0 0 20570 11487 
0 0 0 0 0 0 0 0 20580 11478 
0 0 0 0 0 0 0 0 20590 11469 
0 0 0 0 0 0 0 0 20600 11460 
0 0 0 0 0 0 0 0 20610 11451 
0 0 0 0 0 0 0 0 20620 11442 
0 0 0 0 0 0 0 0 20630 11433 
0 0 0 0 0 0 0 0 20640 11424 
0 0 0 0 0 0 0 0 20650 11415 
0 0 0 0 0 0 0 0 20660 11406 
0 0 0 0 0 0 0 0 20670 11397 
0 0 0 0 0 0 0 0 20680 11388 
0 0 0 0 0 0 0 0 20690 11379 
0 0 0 0 0 0 0 0 20700 11370 
0 0 0 0 0 0 0 0 20710 11361 
0 0 0 0 0 0 0 0 20720 11352 
0 0 0 0 0 0 0 0 20730 11343 
0 0 0 0 0 0 0 0 20740 11334 
0 0 0 0 0 0 0 0 20750 11325 
0 0 0 0 0 0 0 0 20760 11316 
0 0 0 0 0 0 0 0 20770 11307 
0 0 0 0 0 0 0 0 20780 11298 
0 0 0 0 0 0 0 0 20790 11289 
0 0 0 0 0 0 0 0 20800 11280 
0 0 0 0 0 0 0 0 20810 11271 
0 0 0 0 0 0 0 0 20820 11262 
0 0 0 0 0 0 0 0 20830 11253 
0 0 0 0 0 0 0 0 20840 11244 
0 0 0 0 0 0 0 0 20850 11235 
0 0 0 0 0 0 0 0 20860 11226 
0 0 0 0 0 0 0 0 20870 11217 
0 0 0 0 0 0 0 0 20880 11208 
0 0 0 0 0 0 0 0 20890 11199 
0 0 0 0 0 0 0 0 20900 11190 
0 0 0 0 0 0 0 0 20910 11181 
0 0 0 0 0 0 0 0 20920 11172 
0 0 0 0 0 0 0 0 20930 11163 
0 0 0 0 0 0 0 0 20940 11154 
0 0 0 0 0 0 0 0 20950 11145 
0 0 0 0 0 0 0 0 20960 11136 
0 0 0 0 0 0 0 0 20970 11127 
0 0 0 0 0 0 0 0 20980 11118 
0 0 0 0 0 0 0 0 20990 11109 
0 0 0 0 0 0 0 0 21000 11100 
0 0 0 0 0 0 0 0 21010 11091 
0 0 0 0 0 0 0 0 21020 11082 
0 0 0 0 0 0 0 0 21030 11073 
0 0 0 0 0 0 0 0 21040 11064 
0 0 0 0 0 0 0 0 21050 11055 
0 0 0 0 0 0 0 0 21060 11046 
0 0 0 0 0 0 0 0 21070 11037 
0 0 0 0 0 0 0 0 21080 11028 
0 0 0 0 0 0 0 0 21090 11019 
0 0 0 0 0 0 0 0 21100 11010 
0 0 0 0 0 0 0 0 21110 11001 
0 0 0 0 0 0 0 0 21120 10992 
0 0 0 0 0 0 0 0 21130 10983 
0 0 0 0 0 0 0 0 21140 10974 
0 0 0 0 0 0 0 0 21150 10965 
0 0 0 0 0 0 0 0 21160 10956 
0 0 0 0 0 0 0 0 21170 10947 
0 0 0 0 0 0 0 0 21180 10938 
0 0 0 0 0 0 0 0 21190 10929 
0 0 0 0 0 0 0 0 21200 10920 
0 0 0 0 0 0 0 0 21210 10911 
0 0 0 0 0 0 0 0 21220 10902 
0 0 0 0 0 0 0 0 21230 10893 
0 0 0 0 0 0 0 0 21240 10884 
0 0 0 0 0 0 0 0 21250 10875 
0 0 0 0 0 0 0 0 21260 10866 
0 0 0 0 0 0 0 0 21270 10857 
0 0 0 0 0 0 0 0 21280 10848 
0 0 0 0 0 0 0 0 21290 10839 
0 0 0 0 0 0 0 0 21300 10830 
0 0 0 0 0 0 0 0 21310 10821 
0 0 0 0 0 0 0 0 21320 10812 
0 0 0 0 0 0 0 0 21330 10803 
0 0 0 0 0 0 0 0 21340 10794 
0 0 0 0 0 0 0 0 21350 10785 
0 0 0 0 0 0 0 0 21360 10776 
0 0 0 0 0 0 0 0 21370 10767 
0 0 0 0 0 0 0 0 21380 10758 
0 0 0 0 0 0 0 0 21390 10749 
0 0 0 0 0 0 0 0 21400 10740 
0 0 0 0 0 0 0 0 21410 10731 
0 0 0 0 0 0 0 0 21420 10722 
0 0 0 0 0 0 0 0 21430 10713 
0 0 0 0 0 0 0 0 21440 10704 
0 0 0 0 0 0 0 0 21450 10695 
0 0 0 0 0 0 0 0 21460 10686 
0 0 0 0 0 0 0 0 21470 10677 
0 0 0 0 0 0 0 0 21480 10668 
0 0 0 0 0 0 0 0 21490 10659 
0 0 0 0 0 0 0 0 21500 10650 
0 0 0 0 0 0 0 0 21510 10641 
0 0 0 0 0 0 0 0 21520 10632 
0 0 0 0 0 0 0 0 21530 10623 
0 0 0 0 0 0 0 0 21540 10614 
0 0 0 0 0 0 0 0 21550 10605 
0 0 0 0 0 0 0 0 21560 10596 
0 0 0 0 0 0 0 0 21570 10587 
0 0 0 0 0 0 0 0 21580 10578 
0 0 0 0 0 0 0 0 21590 10569 
0 0 0 0 0 0 0 0 21600 10560 
0 0 0 0 0 0 0 0 21610 10551 
0 0 0 0 0 0 0 0 21620 10542 
0 0 0 0 0 0 0 0 21630 10533 
0 0 0 0 0 0 0 0 21640 10524 
0 0 0 0 0 0 0 0 21650 10515 
0 0 0 0 0 0 0 0 21660 10506 
0 0 0 0 0 0 0 0 21670 10497 
0 0 0 0 0 0 0 0 21680 10488 
0 0 0 0 0 0 0 0 21690 10479 
0 0 0 0 0 0 0 0 21700 10470 
0 0 0 0 0 0 0 0 21710 10461 
0 0 0 0 0 0 0 0 21720 10452 
0 0 0 0 0 0 0 0 21730 10443 
0 0 0 0 0 0 0 0 21740 10434 
0 0 0 0 0 0 0 0 21750 10425 
0 0 0 0 0 0 0 0 21760 10416 
0 0 0 0 0 0 0 0 21770 10407 
0 0 0 0 0 0 0 0 21780 10398 
0 0 0 0 0 0 0 0 21790 10389 
0 0 0 0 0 0 0 0 21800 10380 
0 0 0 0 0 0 0 0 21810 10371 
0 0 0 0 0 0 0 0 21820 10362 
0 0 0 0 0 0 0 0 21830 10353 
0 0 0 0 0 0 0 0 21840 10344 
0 0 0 0 0 0 0 0 21850 10335 
0 0 0 0 0 0 0 0 21860 10326 
0 0 0 0 0 0 0 0 21870 10317 
0 0 0 0 0 0 0 0 21880 10308 
0 0 0 0 0 0 0 0 21890 10299 
0 0 0 0 0 0 0 0 21900 10290 
0 0 0 0 0 0 0 0 21910 10281 
0 0 0 0 0 0 0 0 21920 10272 
0 0 0 0 0 0 0 0 21930 10263 
0 0 0 0 0 0 0 0 21940 10254 
0 0 0 0 0 0 0 0 21950 10245 
0 0 0 0 0 0 0 0 21960 10236 
0 0 0 0 0 0 0 0 21970 10227 
0 0 0 0 0 0 0 0 21980 10218 
0 0 0 0 0 0 0 0 21990 10209 
0 0 0 0 0 0 0 0 22000 10200 
0 0 0 0 0 0 0 0 22010 10191 
0 0 0 0 0 0 0 0 22020 10182 
0 0 0 0 0 0 0 0 22030 10173 
0 0 0 0 0 0 0 0 22040 10164 
0 0 0 0 0 0 0 0 22050 10155 
0 0 0 0 0 0 0 0 22060 10146 
0 0 0 0 0 0 0 0 22070 10137 
0 0 0 0 0 0 0 0 22080 10128 
0 0 0 0 0 0 0 0 22090 10119 
0 0 0 0 0 0 0 0 22100 10110 
0 0 0 0 0 0 0 0 22110 10101 
0 0 0 0 0 0 0 0 22120 10092 
0 0 0 0 0 0 0 0 22130 10083 
0 0 0 0 0 0 0 0 22140 10074 
0 0 0 0 0 0 0 0 22150 10065 
0 0 0 0 0 0 0 0 22160 10056 
0 0 0 0 0 0 0 0 22170 10047 
0 0 0 0 0 0 0 0 22180 10038 
0 0 0 0 0 0 0 0 22190 10029 
0 0 0 0 0 0 0 0 22200 10020 
0 0 0 0 0 0 0 0 22210 10011 
0 0 0 0 0 0 0 0 22220 10002 
0 0 0 0 0 0 0 0 22230 9993 
0 0 0 0 0 0 0 0 22240 9984 
0 0 0 0 0 0 0 0 22250 9975 
0 0 0 0 0 0 0 0 22260 9966 
0 0 0 0 0 0 0 0 22270 9957 
0 0 0 0 0 0 0 0 22280 9948 
0 0 0 0 0 0 0 0 22290 9939 
0 0 0 0 0 0 0 0 22300 9930 
0 0 0 0 0 0 0 0 22310 9921 
0 0 0 0 0 0 0 0 22320 9912 
0 0 0 0 0 0 0 0 22330 9903 
0 0 0 0 0 0 0 0 22340 9894 
0 0 0 0 0 0 0 0 22350 9885 
0 0 0 0 0 0 0 0 22360 9876 
0 0 0 0 0 0 0 0 22370 9867 
0 0 0 0 0 0 0 0 22380 9858 
0 0 0 0 0 0 0 0 22390 9849 
0 0 0 0 0 0 0 0 22400 9840 
0 0 0 0 0 0 0 0 22410 9831 
0 0 0 0 0 0 0 0 22420 9822 
0 0 0 0 0 0 0 0 22430 9813 
0 0 0 0 0 0 0 0 22440 9804 
0 0 0 0 0 0 0 0 22450 9795 
0 0 0 0 0 0 0 0 22460 9786 
0 0 0 0 0 0 0 0 22470 9777 
0 0 0 0 0 0 0 0 22480 9768 
0 0 0 0 0 0 0 0 22490 9759 
0 0 0 0 0 0 0 0 22500 9750 
0 0 0 0 0 0 0 0 22510 9741 
0 0 0 0 0 0 0 0 22520 9732 
0 0 0 0 0 0 0 0 22530 9723 
0 0 0 0 0 0 0 0 22540 9714 
0 0 0 0 0 0 0 0 22550 9705 
0 0 0 0 0 0 0 0 22560 9696 
0 0 0 0 0 0 0 0 22570 9687 
0 0 0 0 0 0 0 0 22580 9678 
0 0 0 0 0 0 0 0 22590 9669 
0 0 0 0 0 0 0 0 22600 9660 
0 0 0 0 0 0 0 0 22610 9651 
0 0 0 0 0 0 0 0 22620 9642 
0 0 0 0 0 0 0 0 22630 9633 
0 0 0 0 0 0 0 0 22640 9624 
0 0 0 0 0 0 0 0 22650 9615 
0 0 0 0 0 0 0 0 22660 9606 
0 0 0 0 0 0 0 0 22670 9597 
0 0 0 0 0 0 0 0 22680 9588 
0 0 0 0 0 0 0 0 22690 9579 
0 0 0 0 0 0 0 0 22700 9570 
0 0 0 0 0 0 0 0 22710 9561 
0 0 0 0 0 0 0 0 22720 9552 
0 0 0 0 0 0 0 0 22730 9543 
0 0 0 0 0 0 0 0 22740 9534 
0 0 0 0 0 0 0 0 22750 9525 
0 0 0 0 0 0 0 0 22760 9516 
0 0 0 0 0 0 0 0 22770 9507 
0 0 0 0 0 0 0 0 22780 9498 
0 0 0 0 0 0 0 0 22790 9489 
0 0 0 0 0 0 0 0 22800 9480 
0 0 0 0 0 0 0 0 22810 9471 
0 0 0 0 0 0 0 0 22820 9462 
0 0 0 0 0 0 0 0 22830 9453 
0 0 0 0 0 0 0 0 22840 9444 
0 0 0 0 0 0 0 0 22850 9435 
0 0 0 0 0 0 0 0 22860 9426 
0 0 0 0 0 0 0 0 22870 9417 
0 0 0 0 0 0 0 0 22880 9408 
0 0 0 0 0 0 0 0 22890 9399 
0 0 0 0 0 0 0 0 22900 9390 
0 0 0 0 0 0 0 0 22910 9381 
0 0 0 0 0 0 0 0 22920 9372 
0 0 0 0 0 0 0 0 22930 9363 
0 0 0 0 0 0 0 0 22940 9354 
0 0 0 0 0 0 0 0 22950 9345 
0 0 0 0 0 0 0 0 22960 9336 
0 0 0 0 0 0 0 0 22970 9327 
0 0 0 0 0 0 0 0 22980 9318 
0 0 0 0 0 0 0 0 22990 9309 
0 0 0 0 0 0 0 0 23000 9300 
0 0 0 0 0 0 0 0 23010 9291 
0 0 0 0 0 0 0 0 23020 9282 
0 0 0 0 0 0 0 0 23030 9273 
0 0 0 0 0 0 0 0 23040 9264 
0 0 0 0 0 0 0 0 23050 9255 
0 0 0 0 0 0 0 0 23060 9246 
0 0 0 0 0 0 0 0 23070 9237 
0 0 0 0 0 0 0 0 23080 9228 
0 0 0 0 0 0 0 0 23090 9219 
0 0 0 0 0 0 0 0 23100 9210 
0 0 0 0 0 0 0 0 23110 9201 
0 0 0 0 0 0 0 0 23120 9192 
0 0 0 0 0 0 0 0 23130 9183 
0 0 0 0 0 0 0 0 23140 9174 
0 0 0 0 0 0 0 0 23150 9165 
0 0 0 0 0 0 0 0 23160 9156 
0 0 0 0 0 0 0 0 23170 9147 
0 0 0 0 0 0 0 0 23180 9138 
0 0 0 0 0 0 0 0 23190 9129 
0 0 0 0 0 0 0 0 23200 9120 
0 0 0 0 0 0 0 0 23210 9111 
0 0 0 0 0 0 0 0 23220 9102 
0 0 0 0 0 0 0 0 23230 9093 
0 0 0 0 0 0 0 0 23240 9084 
0 0 0 0 0 0 0 0 23250 9075 
0 0 0 0 0 0 0 0 23260 9066 
0 0 0 0 0 0 0 0 23270 9057 
0 0 0 0 0 0 0 0 23280 9048 
0 0 0 0 0 0 0 0 23290 9039 
0 0 0 0 0 0 0 0 23300 9030 
0 0 0 0 0 0 0 0 23310 9021 
0 0 0 0 0 0 0 0 23320 9012 
0 0 0 0 0 0 0 0 23330 9003 
0 0 0 0 0 0 0 0 23340 8994 
0 0 0 0 0 0 0 0 23350 8985 
0 0 0 0 0 0 0 0 23360 8976 
0 0 0 0 0 0 0 0 23370 8967 
0 0 0 0 0 0 0 0 23380 8958 
0 0 0 0 0 0 0 0 23390 8949 
0 0 0 0 0 0 0 0 23400 8940 
0 0 0 0 0 0 0 0 23410 8931 
0 0 0 0 0 0 0 0 23420 8922 
0 0 0 0 0 0 0 0 23430 8913 
0 0 0 0 0 0 0 0 23440 8904 
0 0 0 0 0 0 0 0 23450 8895 
0 0 0 0 0 0 0 0 23460 8886 
0 0 0 0 0 0 0 0 23470 8877 
0 0 0 0 0 0 0 0 23480 8868 
0 0 0 0 0 0 0 0 23490 8859 
0 0 0 0 0 0 0 0 23500 8850 
0 0 0 0 0 0 0 0 23510 8841 
0 0 0 0 0 0 0 0 23520 8832 
0 0 0 0 0 0 0 0 23530 8823 
0 0 0 0 0 0 0 0 23540 8814 
0 0 0 0 0 0 0 0 23550 8805 
0 0 0 0 0 0 0 0 23560 8796 
0 0 0 0 0 0 0 0 23570 8787 
0 0 0 0 0 0 0 0 23580 8778 
0 0 0 0 0 0 0 0 23590 8769 
0 0 0 0 0 0 0 0 23600 8760 
0 0 0 0 0 0 0 0 23610 8751 
0 0 0 0 0 0 0 0 23620 8742 
0 0 0 0 0 0 0 0 23630 8733 
0 0 0 0 0 0 0 0 23640 8724 
0 0 0 0 0 0 0 0 23650 8715 
0 0 0 0 0 0 0 0 23660 8706 
0 0 0 0 0 0 0 0 23670 8697 
0 0 0 0 0 0 0 0 23680 8688 
0 0 0 0 0 0 0 0 23690 8679 
0 0 0 0 0 0 0 0 23700 8670 
0 0 0 0 0 0 0 0 23710 8661 
0 0 0 0 0 0 0 0 23720 8652 
0 0 0 0 0 0 0 0 23730 8643 
0 0 0 0 0 0 0 0 23740 8634 
0 0 0 0 0 0 0 0 23750 8625 
0 0 0 0 0 0 0 0 23760 8616 
0 0 0 0 0 0 0 0 23770 8607 
0 0 0 0 0 0 0 0 23780 8598 
0 0 0 0 0 0 0 0 23790 8589 
0 0 0 0 0 0 0 0 23800 8580 
0 0 0 0 0 0 0 0 23810 8571 
0 0 0 0 0 0 0 0 23820 8562 
0 0 0 0 0 0 0 0 23830 8553 
0 0 0 0 0 0 0 0 23840 8544 
0 0 0 0 0 0 0 0 23850 8535 
0 0 0 0 0 0 0 0 23860 8526 
0 0 0 0 0 0 0 0 23870 8517 
0 0 0 0 0 0 0 0 23880 8508 
0 0 0 0 0 0 0 0 23890 8499 
0 0 0 0 0 0 0 0 23900 8490 
0 0 0 0 0 0 0 0 23910 8481 
0 0 0 0 0 0 0 0 23920 8472 
0 0 0 0 0 0 0 0 23930 8463 
0 0 0 0 0 0 0 0 23940 8454 
0 0 0 0 0 0 0 0 23950 8445 
0 0 0 0 0 0 0 0 23960 8436 
0 0 0 0 0 0 0 0 23970 8427 
0 0 0 0 0 0 0 0 23980 8418 
0 0 0 0 0 0 0 0 23990 8409 
0 0 0 0 0 0 0 0 24000 8400 
0 0 0 0 0 0 0 0 24010 8391 
0 0 0 0 0 0 0 0 24020 8382 
0 0 0 0 0 0 0 0 24030 8373 
0 0 0 0 0 0 0 0 24040 8364 
0 0 0 0 0 0 0 0 24050 8355 
0 0 0 0 0 0 0 0 24060 8346 
0 0 0 0 0 0 0 0 24070 8337 
0 0 0 0 0 0 0 0 24080 8328 
0 0 0 0 0 0 0 0 24090 8319 
0 0 0 0 0 0 0 0 24100 8310 
0 0 0 0 0 0 0 0 24110 8301 
0 0 0 0 0 0 0 0 24120 8292 
0 0 0 0 0 0 0 0 24130 8283 
0 0 0 0 0 0 0 0 24140 8274 
0 0 0 0 0 0 0 0 24150 8265 
0 0 0 0 0 0 0 0 24160 8256 
0 0 0 0 0 0 0 0 24170 8247 
0 0 0 0 0 0 0 0 24180 8238 
0 0 0 0 0 0 0 0 24190 8229 
0 0 0 0 0 0 0 0 24200 8220 
0 0 0 0 0 0 0 0 24210 8211 
0 0 0 0 0 0 0 0 24220 8202 
0 0 0 0 0 0 0 0 24230 8193 
0 0 0 0 0 0 0 0 24240 8184 
0 0 0 0 0 0 0 0 24250 8175 
0 0 0 0 0 0 0 0 24260 8166 
0 0 0 0 0 0 0 0 24270 8157 
0 0 0 0 0 0 0 0 24280 8148 
0 0 0 0 0 0 0 0 24290 8139 
0 0 0 0 0 0 0 0 24300 8130 
0 0 0 0 0 0 0 0 24310 8121 
0 0 0 0 0 0 0 0 24320 8112 
0 0 0 0 0 0 0 0 24330 8103 
0 0 0 0 0 0 0 0 24340 8094 
0 0 0 0 0 0 0 0 24350 8085 
0 0 0 0 0 0 0 0 24360 8076 
0 0 0 0 0 0 0 0 24370 8067 
0 0 0 0 0 0 0 0 24380 8058 
0 0 0 0 0 0 0 0 24390 8049 
0 0 0 0 0 0 0 0 24400 8040 
0 0 0 0 0 0 0 0 24410 8031 
0 0 0 0 0 0 0 0 24420 8022 
0 0 0 0 0 0 0 0 24430 8013 
0 0 0 0 0 0 0 0 24440 8004 
0 0 0 0 0 0 0 0 24450 7995 
0 0 0 0 0 0 0 0 24460 7986 
0 0 0 0 0 0 0 0 24470 7977 
0 0 0 0 0 0 0 0 24480 7968 
0 0 0 0 0 0 0 0 24490 7959 
0 0 0 0 0 0 0 0 24500 7950 
0 0 0 0 0 0 0 0 24510 7941 
0 0 0 0 0 0 0 0 24520 7932 
0 0 0 0 0 0 0 0 24530 7923 
0 0 0 0 0 0 0 0 24540 7914 
0 0 0 0 0 0 0 0 24550 7905 
0 0 0 0 0 0 0 0 24560 7896 
0 0 0 0 0 0 0 0 24570 7887 
0 0 0 0 0 0 0 0 24580 7878 
0 0 0 0 0 0 0 0 24590 7869 
0 0 0 0 0 0 0 0 24600 7860 
0 0 0 0 0 0 0 0 24610 7851 
0 0 0 0 0 0 0 0 24620 7842 
0 0 0 0 0 0 0 0 24630 7833 
0 0 0 0 0 0 0 0 24640 7824 
0 0 0 0 0 0 0 0 24650 7815 
0 0 0 0 0 0 0 0 24660 7806 
0 0 0 0 0 0 0 0 24670 7797 
0 0 0 0 0 0 0 0 24680 7788 
0 0 0 0 0 0 0 0 24690 7779 
0 0 0 0 0 0 0 0 24700 7770 
0 0 0 0 0 0 0 0 24710 7761 
0 0 0 0 0 0 0 0 24720 7752 
0 0 0 0 0 0 0 0 24730 7743 
0 0 0 0 0 0 0 0 24740 7734 
0 0 0 0 0 0 0 0 24750 7725 
0 0 0 0 0 0 0 0 24760 7716 
0 0 0 0 0 0 0 0 24770 7707 
0 0 0 0 0 0 0 0 24780 7698 
0 0 0 0 0 0 0 0 24790 7689 
0 0 0 0 0 0 0 0 24800 7680 
0 0 0 0 0 0 0 0 24810 7671 
0 0 0 0 0 0 0 0 24820 7662 
0 0 0 0 0 0 0 0 24830 7653 
0 0 0 0 0 0 0 0 24840 7644 
0 0 0 0 0 0 0 0 24850 7635 
0 0 0 0 0 0 0 0 24860 7626 
0 0 0 0 0 0 0 0 24870 7617 
0 0 0 0 0 0 0 0 24880 7608 
0 0 0 0 0 0 0 0 24890 7599 
0 0 0 0 0 0 0 0 24900 7590 
0 0 0 0 0 0 0 0 24910 7581 
0 0 0 0 0 0 0 0 24920 7572 
0 0 0 0 0 0 0 0 24930 7563 
0 0 0 0 0 0 0 0 24940 7554 
0 0 0 0 0 0 0 0 24950 7545 
0 0 0 0 0 0 0 0 24960 7536 
0 0 0 0 0 0 0 0 24970 7527 
0 0 0 0 0 0 0 0 24980 7518 
0 0 0 0 0 0 0 0 24990 7509 
0 0 0 0 0 0 0 0 25000 7500 
0 0 0 0 0 0 0 0 25010 7491 
0 0 0 0 0 0 0 0 25020 7482 
0 0 0 0 0 0 0 0 25030 7473 
0 0 0 0 0 0 0 0 25040 7464 
0 0 0 0 0 0 0 0 25050 7455 
0 0 0 0 0 0 0 0 25060 7446 
0 0 0 0 0 0 0 0 25070 7437 
0 0 0 0 0 0 0 0 25080 7428 
0 0 0 0 0 0 0 0 25090 7419 
0 0 0 0 0 0 0 0 25100 7410 
0 0 0 0 0 0 0 0 25110 7401 
0 0 0 0 0 0 0 0 25120 7392 
0 0 0 0 0 0 0 0 25130 7383 
0 0 0 0 0 0 0 0 25140 7374 
0 0 0 0 0 0 0 0 25150 7365 
0 0 0 0 0 0 0 0 25160 7356 
0 0 0 0 0 0 0 0 25170 7347 
0 0 0 0 0 0 0 0 25180 7338 
0 0 0 0 0 0 0 0 25190 7329 
0 0 0 0 0 0 0 0 25200 7320 
0 0 0 0 0 0 0 0 25210 7311 
0 0 0 0 0 0 0 0 25220 7302 
0 0 0 0 0 0 0 0 25230 7293 
0 0 0 0 0 0 0 0 25240 7284 
0 0 0 0 0 0 0 0 25250 7275 
0 0 0 0 0 0 0 0 25260 7266 
0 0 0 0 0 0 0 0 25270 7257 
0 0 0 0 0 0 0 0 25280 7248 
0 0 0 0 0 0 0 0 25290 7239 
0 0 0 0 0 0 0 0 25300 7230 
0 0 0 0 0 0 0 0 25310 7221 
0 0 0 0 0 0 0 0 25320 7212 
0 0 0 0 0 0 0 0 25330 7203 
0 0 0 0 0 0 0 0 25340 7194 
0 0 0 0 0 0 0 0 25350 7185 
0 0 0 0 0 0 0 0 25360 7176 
0 0 0 0 0 0 0 0 25370 7167 
0 0 0 0 0 0 0 0 25380 7158 
0 0 0 0 0 0 0 0 25390 7149 
0 0 0 0 0 0 0 0 25400 7140 
0 0 0 0 0 0 0 0 25410 7131 
0 0 0 0 0 0 0 0 25420 7122 
0 0 0 0 0 0 0 0 25430 7113 
0 0 0 0 0 0 0 0 25440 7104 
0 0 0 0 0 0 0 0 25450 7095 
0 0 0 0 0 0 0 0 25460 7086 
0 0 0 0 0 0 0 0 25470 7077 
0 0 0 0 0 0 0 0 25480 7068 
0 0 0 0 0 0 0 0 25490 7059 
0 0 0 0 0 0 0 0 25500 7050 
0 0 0 0 0 0 0 0 25510 7041 
0 0 0 0 0 0 0 0 25520 7032 
0 0 0 0 0 0 0 0 25530 7023 
0 0 0 0 0 0 0 0 25540 7014 
0 0 0 0 0 0 0 0 25550 7005 
0 0 0 0 0 0 0 0 25560 6996 
0 0 0 0 0 0 0 0 25570 6987 
0 0 0 0 0 0 0 0 25580 6978 
0 0 0 0 0 0 0 0 25590 6969 
0 0 0 0 0 0 0 0 25600 6960 
0 0 0 0 0 0 0 0 25610 6951 
0 0 0 0 0 0 0 0 25620 6942 
0 0 0 0 0 0 0 0 25630 6933 
0 0 0 0 0 0 0 0 25640 6924 
0 0 0 0 0 0 0 0 25650 6915 
0 0 0 0 0 0 0 0 25660 6906 
0 0 0 0 0 0 0 0 25670 6897 
0 0 0 0 0 0 0 0 25680 6888 
0 0 0 0 0 0 0 0 25690 6879 
0 0 0 0 0 0 0 0 25700 6870 
0 0 0 0 0 0 0 0 25710 6861 
0 0 0 0 0 0 0 0 25720 6852 
0 0 0 0 0 0 0 0 25730 6843 
0 0 0 0 0 0 0 0 25740 6834 
0 0 0 0 0 0 0 0 25750 6825 
0 0 0 0 0 0 0 0 25760 6816 
0 0 0 0 0 0 0 0 25770 6807 
0 0 0 0 0 0 0 0 25780 6798 
0 0 0 0 0 0 0 0 25790 6789 
0 0 0 0 0 0 0 0 25800 6780 
0 0 0 0 0 0 0 0 25810 6771 
0 0 0 0 0 0 0 0 25820 6762 
0 0 0 0 0 0 0 0 25830 6753 
0 0 0 0 0 0 0 0 25840 6744 
0 0 0 0 0 0 0 0 25850 6735 
0 0 0 0 0 0 0 0 25860 6726 
0 0 0 0 0 0 0 0 25870 6717 
0 0 0 0 0 0 0 0 25880 6708 
0 0 0 0 0 0 0 0 25890 6699 
0 0 0 0 0 0 0 0 25900 6690 
0 0 0 0 0 0 0 0 25910 6681 
0 0 0 0 0 0 0 0 25920 6672 
0 0 0 0 0 0 0 0 25930 6663 
0 0 0 0 0 0 0 0 25940 6654 
0 0 0 0 0 0 0 0 25950 6645 
0 0 0 0 0 0 0 0 25960 6636 
0 0 0 0 0 0 0 0 25970 6627 
0 0 0 0 0 0 0 0 25980 6618 
0 0 0 0 0 0 0 0 25990 6609 
0 0 0 0 0 0 0 0 26000 6600 
0 0 0 0 0 0 0 0 26010 6591 
0 0 0 0 0 0 0 0 26020 6582 
0 0 0 0 0 0 0 0 26030 6573 
0 0 0 0 0 0 0 0 26040 6564 
0 0 0 0 0 0 0 0 26050 6555 
0 0 0 0 0 0 0 0 26060 6546 
0 0 0 0 0 0 0 0 26070 6537 
0 0 0 0 0 0 0 0 26080 6528 
0 0 0 0 0 0 0 0 26090 6519 
0 0 0 0 0 0 0 0 26100 6510 
0 0 0 0 0 0 0 0 26110 6501 
0 0 0 0 0 0 0 0 26120 6492 
0 0 0 0 0 0 0 0 26130 6483 
0 0 0 0 0 0 0 0 26140 6474 
0 0 0 0 0 0 0 0 26150 6465 
0 0 0 0 0 0 0 0 26160 6456 
0 0 0 0 0 0 0 0 26170 6447 
0 0 0 0 0 0 0 0 26180 6438 
0 0 0 0 0 0 0 0 26190 6429 
0 0 0 0 0 0 0 0 26200 6420 
0 0 0 0 0 0 0 0 26210 6411 
0 0 0 0 0 0 0 0 26220 6402 
0 0 0 0 0 0 0 0 26230 6393 
0 0 0 0 0 0 0 0 26240 6384 
0 0 0 0 0 0 0 0 26250 6375 
0 0 0 0 0 0 0 0 26260 6366 
0 0 0 0 0 0 0 0 26270 6357 
0 0 0 0 0 0 0 0 26280 6348 
0 0 0 0 0 0 0 0 26290 6339 
0 0 0 0 0 0 0 0 26300 6330 
0 0 0 0 0 0 0 0 26310 6321 
0 0 0 0 0 0 0 0 26320 6312 
0 0 0 0 0 0 0 0 26330 6303 
0 0 0 0 0 0 0 0 26340 6294 
0 0 0 0 0 0 0 0 26350 6285 
0 0 0 0 0 0 0 0 26360 6276 
0 0 0 0 0 0 0 0 26370 6267 
0 0 0 0 0 0 0 0 26380 6258 
0 0 0 0 0 0 0 0 26390 6249 
0 0 0 0 0 0 0 0 26400 6240 
0 0 0 0 0 0 0 0 26410 6231 
0 0 0 0 0 0 0 0 26420 6222 
0 0 0 0 0 0 0 0 26430 6213 
0 0 0 0 0 0 0 0 26440 6204 
0 0 0 0 0 0 0 0 26450 6195 
0 0 0 0 0 0 0 0 26460 6186 
0 0 0 0 0 0 0 0 26470 6177 
0 0 0 0 0 0 0 0 26480 6168 
0 0 0 0 0 0 0 0 26490 6159 
0 0 0 0 0 0 0 0 26500 6150 
0 0 0 0 0 0 0 0 26510 6141 
0 0 0 0 0 0 0 0 26520 6132 
0 0 0 0 0 0 0 0 26530 6123 
0 0 0 0 0 0 0 0 26540 6114 
0 0 0 0 0 0 0 0 26550 6105 
0 0 0 0 0 0 0 0 26560 6096 
0 0 0 0 0 0 0 0 26570 6087 
0 0 0 0 0 0 0 0 26580 6078 
0 0 0 0 0 0 0 0 26590 6069 
0 0 0 0 0 0 0 0 26600 6060 
0 0 0 0 0 0 0 0 26610 6051 
0 0 0 0 0 0 0 0 26620 6042 
0 0 0 0 0 0 0 0 26630 6033 
0 0 0 0 0 0 0 0 26640 6024 
0 0 0 0 0 0 0 0 26650 6015 
0 0 0 0 0 0 0 0 26660 6006 
0 0 0 0 0 0 0 0 26670 5997 
0 0 0 0 0 0 0 0 26680 5988 
0 0 0 0 0 0 0 0 26690 5979 
0 0 0 0 0 0 0 0 26700 5970 
0 0 0 0 0 0 0 0 26710 5961 
0 0 0 0 0 0 0 0 26720 5952 
0 0 0 0 0 0 0 0 26730 5943 
0 0 0 0 0 0 0 0 26740 5934 
0 0 0 0 0 0 0 0 26750 5925 
0 0 0 0 0 0 0 0 26760 5916 
0 0 0 0 0 0 0 0 26770 5907 
0 0 0 0 0 0 0 0 26780 5898 
0 0 0 0 0 0 0 0 26790 5889 
0 0 0 0 0 0 0 0 26800 5880 
0 0 0 0 0 0 0 0 26810 5871 
0 0 0 0 0 0 0 0 26820 5862 
0 0 0 0 0 0 0 0 26830 5853 
0 0 0 0 0 0 0 0 26840 5844 
0 0 0 0 0 0 0 0 26850 5835 
0 0 0 0 0 0 0 0 26860 5826 
0 0 0 0 0 0 0 0 26870 5817 
0 0 0 0 0 0 0 0 26880 5808 
0 0 0 0 0 0 0 0 26890 5799 
0 0 0 0 0 0 0 0 26900 5790 
0 0 0 0 0 0 0 0 26910 5781 
0 0 0 0 0 0 0 0 26920 5772 
0 0 0 0 0 0 0 0 26930 5763 
0 0 0 0 0 0 0 0 26940 5754 
0 0 0 0 0 0 0 0 26950 5745 
0 0 0 0 0 0 0 0 26960 5736 
0 0 0 0 0 0 0 0 26970 5727 
0 0 0 0 0 0 0 0 26980 5718 
0 0 0 0 0 0 0 0 26990 5709 
0 0 0 0 0 0 0 0 27000 5700 
0 0 0 0 0 0 0 0 27010 5691 
0 0 0 0 0 0 0 0 27020 5682 
0 0 0 0 0 0 0 0 27030 5673 
0 0 0 0 0 0 0 0 27040 5664 
0 0 0 0 0 0 0 0 27050 5655 
0 0 0 0 0 0 0 0 27060 5646 
0 0 0 0 0 0 0 0 27070 5637 
0 0 0 0 0 0 0 0 27080 5628 
0 0 0 0 0 0 0 0 27090 5619 
0 0 0 0 0 0 0 0 27100 5610 
0 0 0 0 0 0 0 0 27110 5601 
0 0 0 0 0 0 0 0 27120 5592 
0 0 0 0 0 0 0 0 27130 5583 
0 0 0 0 0 0 0 0 27140 5574 
0 0 0 0 0 0 0 0 27150 5565 
0 0 0 0 0 0 0 0 27160 5556 
0 0 0 0 0 0 0 0 27170 5547 
0 0 0 0 0 0 0 0 27180 5538 
0 0 0 0 0 0 0 0 27190 5529 
0 0 0 0 0 0 0 0 27200 5520 
0 0 0 0 0 0 0 0 27210 5511 
0 0 0 0 0 0 0 0 27220 5502 
0 0 0 0 0 0 0 0 27230 5493 
0 0 0 0 0 0 0 0 27240 5484 
0 0 0 0 0 0 0 0 27250 5475 
0 0 0 0 0 0 0 0 27260 5466 
0 0 0 0 0 0 0 0 27270 5457 
0 0 0 0 0 0 0 0 27280 5448 
0 0 0 0 0 0 0 0 27290 5439 
0 0 0 0 0 0 0 0 27300 5430 
0 0 0 0 0 0 0 0 27310 5421 
0 0 0 0 0 0 0 0 27320 5412 
0 0 0 0 0 0 0 0 27330 5403 
0 0 0 0 0 0 0 0 27340 5394 
0 0 0 0 0 0 0 0 27350 5385 
0 0 0 0 0 0 0 0 27360 5376 
0 0 0 0 0 0 0 0 27370 5367 
0 0 0 0 0 0 0 0 27380 5358 
0 0 0 0 0 0 0 0 27390 5349 
0 0 0 0 0 0 0 0 27400 5340 
0 0 0 0 0 0 0 0 27410 5331 
0 0 0 0 0 0 0 0 27420 5322 
0 0 0 0 0 0 0 0 27430 5313 
0 0 0 0 0 0 0 0 27440 5304 
0 0 0 0 0 0 0 0 27450 5295 
0 0 0 0 0 0 0 0 27460 5286 
0 0 0 0 0 0 0 0 27470 5277 
0 0 0 0 0 0 0 0 27480 5268 
0 0 0 0 0 0 0 0 27490 5259 
0 0 0 0 0 0 0 0 27500 5250 
0 0 0 0 0 0 0 0 27510 5241 
0 0 0 0 0 0 0 0 27520 5232 
0 0 0 0 0 0 0 0 27530 5223 
0 0 0 0 0 0 0 0 27540 5214 
0 0 0 0 0 0 0 0 27550 5205 
0 0 0 0 0 0 0 0 27560 5196 
0 0 0 0 0 0 0 0 27570 5187 
0 0 0 0 0 0 0 0 27580 5178 
0 0 0 0 0 0 0 0 27590 5169 
0 0 0 0 0 0 0 0 27600 5160 
0 0 0 0 0 0 0 0 27610 5151 
0 0 0 0 0 0 0 0 27620 5142 
0 0 0 0 0 0 0 0 27630 5133 
0 0 0 0 0 0 0 0 27640 5124 
0 0 0 0 0 0 0 0 27650 5115 
0 0 0 0 0 0 0 0 27660 5106 
0 0 0 0 0 0 0 0 27670 5097 
0 0 0 0 0 0 0 0 27680 5088 
0 0 0 0 0 0 0 0 27690 5079 
0 0 0 0 0 0 0 0 27700 5070 
0 0 0 0 0 0 0 0 27710 5061 
0 0 0 0 0 0 0 0 27720 5052 
0 0 0 0 0 0 0 0 27730 5043 
0 0 0 0 0 0 0 0 27740 5034 
0 0 0 0 0 0 0 0 27750 5025 
0 0 0 0 0 0 0 0 27760 5016 
0 0 0 0 0 0 0 0 27770 5007 
0 0 0 0 0 0 0 0 27780 4998 
0 0 0 0 0 0 0 0 27790 4989 
0 0 0 0 0 0 0 0 27800 4980 
0 0 0 0 0 0 0 0 27810 4971 
0 0 0 0 0 0 0 0 27820 4962 
0 0 0 0 0 0 0 0 27830 4953 
0 0 0 0 0 0 0 0 27840 4944 
0 0 0 0 0 0 0 0 27850 4935 
0 0 0 0 0 0 0 0 27860 4926 
0 0 0 0 0 0 0 0 27870 4917 
0 0 0 0 0 0 0 0 27880 4908 
0 0 0 0 0 0 0 0 27890 4899 
0 0 0 0 0 0 0 0 27900 4890 
0 0 0 0 0 0 0 0 27910 4881 
0 0 0 0 0 0 0 0 27920 4872 
0 0 0 0 0 0 0 0 27930 4863 
0 0 0 0 0 0 0 0 27940 4854 
0 0 0 0 0 0 0 0 27950 4845 
0 0 0 0 0 0 0 0 27960 4836 
0 0 0 0 0 0 0 0 27970 4827 
0 0 0 0 0 0 0 0 27980 4818 
0 0 0 0 0 0 0 0 27990 4809 
0 0 0 0 0 0 0 0 28000 4800 
0 0 0 0 0 0 0 0 28010 4791 
0 0 0 0 0 0 0 0 28020 4782 
0 0 0 0 0 0 0 0 28030 4773 
0 0 0 0 0 0 0 0 28040 4764 
0 0 0 0 0 0 0 0 28050 4755 
0 0 0 0 0 0 0 0 28060 4746 
0 0 0 0 0 0 0 0 28070 4737 
0 0 0 0 0 0 0 0 28080 4728 
0 0 0 0 0 0 0 0 28090 4719 
0 0 0 0 0 0 0 0 28100 4710 
0 0 0 0 0 0 0 0 28110 4701 
0 0 0 0 0 0 0 0 28120 4692 
0 0 0 0 0 0 0 0 28130 4683 
0 0 0 0 0 0 0 0 28140 4674 
0 0 0 0 0 0 0 0 28150 4665 
0 0 0 0 0 0 0 0 28160 4656 
0 0 0 0 0 0 0 0 28170 4647 
0 0 0 0 0 0 0 0 28180 4638 
0 0 0 0 0 0 0 0 28190 4629 
0 0 0 0 0 0 0 0 28200 4620 
0 0 0 0 0 0 0 0 28210 4611 
0 0 0 0 0 0 0 0 28220 4602 
0 0 0 0 0 0 0 0 28230 4593 
0 0 0 0 0 0 0 0 28240 4584 
0 0 0 0 0 0 0 0 28250 4575 
0 0 0 0 0 0 0 0 28260 4566 
0 0 0 0 0 0 0 0 28270 4557 
0 0 0 0 0 0 0 0 28280 4548 
0 0 0 0 0 0 0 0 28290 4539 
0 0 0 0 0 0 0 0 28300 4530 
0 0 0 0 0 0 0 0 28310 4521 
0 0 0 0 0 0 0 0 28320 4512 
0 0 0 0 0 0 0 0 28330 4503 
0 0 0 0 0 0 0 0 28340 4494 
0 0 0 0 0 0 0 0 28350 4485 
0 0 0 0 0 0 0 0 28360 4476 
0 0 0 0 0 0 0 0 28370 4467 
0 0 0 0 0 0 0 0 28380 4458 
0 0 0 0 0 0 0 0 28390 4449 
0 0 0 0 0 0 0 0 28400 4440 
0 0 0 0 0 0 0 0 28410 4431 
0 0 0 0 0 0 0 0 28420 4422 
0 0 0 0 0 0 0 0 28430 4413 
0 0 0 0 0 0 0 0 28440 4404 
0 0 0 0 0 0 0 0 28450 4395 
0 0 0 0 0 0 0 0 28460 4386 
0 0 0 0 0 0 0 0 28470 4377 
0 0 0 0 0 0 0 0 28480 4368 
0 0 0 0 0 0 0 0 28490 4359 
0 0 0 0 0 0 0 0 28500 4350 
0 0 0 0 0 0 0 0 28510 4341 
0 0 0 0 0 0 0 0 28520 4332 
0 0 0 0 0 0 0 0 28530 4323 
0 0 0 0 0 0 0 0 28540 4314 
0 0 0 0 0 0 0 0 28550 4305 
0 0 0 0 0 0 0 0 28560 4296 
0 0 0 0 0 0 0 0 28570 4287 
0 0 0 0 0 0 0 0 28580 4278 
0 0 0 0 0 0 0 0 28590 4269 
0 0 0 0 0 0 0 0 28600 4260 
0 0 0 0 0 0 0 0 28610 4251 
0 0 0 0 0 0 0 0 28620 4242 
0 0 0 0 0 0 0 0 28630 4233 
0 0 0 0 0 0 0 0 28640 4224 
0 0 0 0 0 0 0 0 28650 4215 
0 0 0 0 0 0 0 0 28660 4206 
0 0 0 0 0 0 0 0 28670 4197 
0 0 0 0 0 0 0 0 28680 4188 
0 0 0 0 0 0 0 0 28690 4179 
0 0 0 0 0 0 0 0 28700 4170 
0 0 0 0 0 0 0 0 28710 4161 
0 0 0 0 0 0 0 0 28720 4152 
0 0 0 0 0 0 0 0 28730 4143 
0 0 0 0 0 0 0 0 28740 4134 
0 0 0 0 0 0 0 0 28750 4125 
0 0 0 0 0 0 0 0 28760 4116 
0 0 0 0 0 0 0 0 28770 4107 
0 0 0 0 0 0 0 0 28780 4098 
0 0 0 0 0 0 0 0 28790 4089 
0 0 0 0 0 0 0 0 28800 4080 
0 0 0 0 0 0 0 0 28810 4071 
0 0 0 0 0 0 0 0 28820 4062 
0 0 0 0 0 0 0 0 28830 4053 
0 0 0 0 0 0 0 0 28840 4044 
0 0 0 0 0 0 0 0 28850 4035 
0 0 0 0 0 0 0 0 28860 4026 
0 0 0 0 0 0 0 0 28870 4017 
0 0 0 0 0 0 0 0 28880 4008 
0 0 0 0 0 0 0 0 28890 3999 
0 0 0 0 0 0 0 0 28900 3990 
0 0 0 0 0 0 0 0 28910 3981 
0 0 0 0 0 0 0 0 28920 3972 
0 0 0 0 0 0 0 0 28930 3963 
0 0 0 0 0 0 0 0 28940 3954 
0 0 0 0 0 0 0 0 28950 3945 
0 0 0 0 0 0 0 0 28960 3936 
0 0 0 0 0 0 0 0 28970 3927 
0 0 0 0 0 0 0 0 28980 3918 
0 0 0 0 0 0 0 0 28990 3909 
0 0 0 0 0 0 0 0 29000 3900 
0 0 0 0 0 0 0 0 29010 3891 
0 0 0 0 0 0 0 0 29020 3882 
0 0 0 0 0 0 0 0 29030 3873 
0 0 0 0 0 0 0 0 29040 3864 
0 0 0 0 0 0 0 0 29050 3855 
0 0 0 0 0 0 0 0 29060 3846 
0 0 0 0 0 0 0 0 29070 3837 
0 0 0 0 0 0 0 0 29080 3828 
0 0 0 0 0 0 0 0 29090 3819 
0 0 0 0 0 0 0 0 29100 3810 
0 0 0 0 0 0 0 0 29110 3801 
0 0 0 0 0 0 0 0 29120 3792 
0 0 0 0 0 0 0 0 29130 3783 
0 0 0 0 0 0 0 0 29140 3774 
0 0 0 0 0 0 0 0 29150 3765 
0 0 0 0 0 0 0 0 29160 3756 
0 0 0 0 0 0 0 0 29170 3747 
0 0 0 0 0 0 0 0 29180 3738 
0 0 0 0 0 0 0 0 29190 3729 
0 0 0 0 0 0 0 0 29200 3720 
0 0 0 0 0 0 0 0 29210 3711 
0 0 0 0 0 0 0 0 29220 3702 
0 0 0 0 0 0 0 0 29230 3693 
0 0 0 0 0 0 0 0 29240 3684 
0 0 0 0 0 0 0 0 29250 3675 
0 0 0 0 0 0 0 0 29260 3666 
0 0 0 0 0 0 0 0 29270 3657 
0 0 0 0 0 0 0 0 29280 3648 
0 0 0 0 0 0 0 0 29290 3639 
0 0 0 0 0 0 0 0 29300 3630 
0 0 0 0 0 0 0 0 29310 3621 
0 0 0 0 0 0 0 0 29320 3612 
0 0 0 0 0 0 0 0 29330 3603 
0 0 0 0 0 0 0 0 29340 3594 
0 0 0 0 0 0 0 0 29350 3585 
0 0 0 0 0 0 0 0 29360 3576 
0 0 0 0 0 0 0 0 29370 3567 
0 0 0 0 0 0 0 0 29380 3558 
0 0 0 0 0 0 0 0 29390 3549 
0 0 0 0 0 0 0 0 29400 3540 
0 0 0 0 0 0 0 0 29410 3531 
0 0 0 0 0 0 0 0 29420 3522 
0 0 0 0 0 0 0 0 29430 3513 
0 0 0 0 0 0 0 0 29440 3504 
0 0 0 0 0 0 0 0 29450 3495 
0 0 0 0 0 0 0 0 29460 3486 
0 0 0 0 0 0 0 0 29470 3477 
0 0 0 0 0 0 0 0 29480 3468 
0 0 0 0 0 0 0 0 29490 3459 
0 0 0 0 0 0 0 0 29500 3450 
0 0 0 0 0 0 0 0 29510 3441 
0 0 0 0 0 0 0 0 29520 3432 
0 0 0 0 0 0 0 0 29530 3423 
0 0 0 0 0 0 0 0 29540 3414 
0 0 0 0 0 0 0 0 29550 3405 
0 0 0 0 0 0 0 0 29560 3396 
0 0 0 0 0 0 0 0 29570 3387 
0 0 0 0 0 0 0 0 29580 3378 
0 0 0 0 0 0 0 0 29590 3369 
0 0 0 0 0 0 0 0 29600 3360 
0 0 0 0 0 0 0 0 29610 3351 
0 0 0 0 0 0 0 0 29620 3342 
0 0 0 0 0 0 0 0 29630 3333 
0 0 0 0 0 0 0 0 29640 3324 
0 0 0 0 0 0 0 0 29650 3315 
0 0 0 0 0 0 0 0 29660 3306 
0 0 0 0 0 0 0 0 29670 3297 
0 0 0 0 0 0 0 0 29680 3288 
0 0 0 0 0 0 0 0 29690 3279 
0 0 0 0 0 0 0 0 29700 3270 
0 0 0 0 0 0 0 0 29710 3261 
0 0 0 0 0 0 0 0 29720 3252 
0 0 0 0 0 0 0 0 29730 3243 
0 0 0 0 0 0 0 0 29740 3234 
0 0 0 0 0 0 0 0 29750 3225 
0 0 0 0 0 0 0 0 29760 3216 
0 0 0 0 0 0 0 0 29770 3207 
0 0 0 0 0 0 0 0 29780 3198 
0 0 0 0 0 0 0 0 29790 3189 
0 0 0 0 0 0 0 0 29800 3180 
0 0 0 0 0 0 0 0 29810 3171 
0 0 0 0 0 0 0 0 29820 3162 
0 0 0 0 0 0 0 0 29830 3153 
0 0 0 0 0 0 0 0 29840 3144 
0 0 0 0 0 0 0 0 29850 3135 
0 0 0 0 0 0 0 0 29860 3126 
0 0 0 0 0 0 0 0 29870 3117 
0 0 0 0 0 0 0 0 29880 3108 
0 0 0 0 0 0 0 0 29890 3099 
0 0 0 0 0 0 0 0 29900 3090 
0 0 0 0 0 0 0 0 29910 3081 
0 0 0 0 0 0 0 0 29920 3072 
0 0 0 0 0 0 0 0 29930 3063 
0 0 0 0 0 0 0 0 29940 3054 
0 0 0 0 0 0 0 0 29950 3045 
0 0 0 0 0 0 0 0 29960 3036 
0 0 0 0 0 0 0 0 29970 3027 
0 0 0 0 0 0 0 0 29980 3018 
0 0 0 0 0 0 0 0 29990 3009 
0 0 0 0 0 0 0 0 30000 3000 
0 0 0 0 0 0 0 0 30010 2991 
0 0 0 0 0 0 0 0 30020 2982 
0 0 0 0 0 0 0 0 30030 2973 
0 0 0 0 0 0 0 0 30040 2964 
0 0 0 0 0 0 0 0 30050 2955 
0 0 0 0 0 0 0 0 30060 2946 
0 0 0 0 0 0 0 0 30070 2937 
0 0 0 0 0 0 0 0 30080 2928 
0 0 0 0 0 0 0 0 30090 2919 
0 0 0 0 0 0 0 0 30100 2910 
0 0 0 0 0 0 0 0 30110 2901 
0 0 0 0 0 0 0 0 30120 2892 
0 0 0 0 0 0 0 0 30130 2883 
0 0 0 0 0 0 0 0 30140 2874 
0 0 0 0 0 0 0 0 30150 2865 
0 0 0 0 0 0 0 0 30160 2856 
0 0 0 0 0 0 0 0 30170 2847 
0 0 0 0 0 0 0 0 30180 2838 
0 0 0 0 0 0 0 0 30190 2829 
0 0 0 0 0 0 0 0 30200 2820 
0 0 0 0 0 0 0 0 30210 2811 
0 0 0 0 0 0 0 0 30220 2802 
0 0 0 0 0 0 0 0 30230 2793 
0 0 0 0 0 0 0 0 30240 2784 
0 0 0 0 0 0 0 0 30250 2775 
0 0 0 0 0 0 0 0 30260 2766 
0 0 0 0 0 0 0 0 30270 2757 
0 0 0 0 0 0 0 0 30280 2748 
0 0 0 0 0 0 0 0 30290 2739 
0 0 0 0 0 0 0 0 30300 2730 
0 0 0 0 0 0 0 0 30310 2721 
0 0 0 0 0 0 0 0 30320 2712 
0 0 0 0 0 0 0 0 30330 2703 
0 0 0 0 0 0 0 0 30340 2694 
0 0 0 0 0 0 0 0 30350 2685 
0 0 0 0 0 0 0 0 30360 2676 
0 0 0 0 0 0 0 0 30370 2667 
0 0 0 0 0 0 0 0 30380 2658 
0 0 0 0 0 0 0 0 30390 2649 
0 0 0 0 0 0 0 0 30400 2640 
0 0 0 0 0 0 0 0 30410 2631 
0 0 0 0 0 0 0 0 30420 2622 
0 0 0 0 0 0 0 0 30430 2613 
0 0 0 0 0 0 0 0 30440 2604 
0 0 0 0 0 0 0 0 30450 2595 
0 0 0 0 0 0 0 0 30460 2586 
0 0 0 0 0 0 0 0 30470 2577 
0 0 0 0 0 0 0 0 30480 2568 
0 0 0 0 0 0 0 0 30490 2559 
0 0 0 0 0 0 0 0 30500 2550 
0 0 0 0 0 0 0 0 30510 2541 
0 0 0 0 0 0 0 0 30520 2532 
0 0 0 0 0 0 0 0 30530 2523 
0 0 0 0 0 0 0 0 30540 2514 
0 0 0 0 0 0 0 0 30550 2505 
0 0 0 0 0 0 0 0 30560 2496 
0 0 0 0 0 0 0 0 30570 2487 
0 0 0 0 0 0 0 0 30580 2478 
0 0 0 0 0 0 0 0 30590 2469 
0 0 0 0 0 0 0 0 30600 2460 
0 0 0 0 0 0 0 0 30610 2451 
0 0 0 0 0 0 0 0 30620 2442 
0 0 0 0 0 0 0 0 30630 2433 
0 0 0 0 0 0 0 0 30640 2424 
0 0 0 0 0 0 0 0 30650 2415 
0 0 0 0 0 0 0 0 30660 2406 
0 0 0 0 0 0 0 0 30670 2397 
0 0 0 0 0 0 0 0 30680 2388 
0 0 0 0 0 0 0 0 30690 2379 
0 0 0 0 0 0 0 0 30700 2370 
0 0 0 0 0 0 0 0 30710 2361 
0 0 0 0 0 0 0 0 30720 2352 
0 0 0 0 0 0 0 0 30730 2343 
0 0 0 0 0 0 0 0 30740 2334 
0 0 0 0 0 0 0 0 30750 2325 
0 0 0 0 0 0 0 0 30760 2316 
0 0 0 0 0 0 0 0 30770 2307 
0 0 0 0 0 0 0 0 30780 2298 
0 0 0 0 0 0 0 0 30790 2289 
0 0 0 0 0 0 0 0 30800 2280 
0 0 0 0 0 0 0 0 30810 2271 
0 0 0 0 0 0 0 0 30820 2262 
0 0 0 0 0 0 0 0 30830 2253 
0 0 0 0 0 0 0 0 30840 2244 
0 0 0 0 0 0 0 0 30850 2235 
0 0 0 0 0 0 0 0 30860 2226 
0 0 0 0 0 0 0 0 30870 2217 
0 0 0 0 0 0 0 0 30880 2208 
0 0 0 0 0 0 0 0 30890 2199 
0 0 0 0 0 0 0 0 30900 2190 
0 0 0 0 0 0 0 0 30910 2181 
0 0 0 0 0 0 0 0 30920 2172 
0 0 0 0 0 0 0 0 30930 2163 
0 0 0 0 0 0 0 0 30940 2154 
0 0 0 0 0 0 0 0 30950 2145 
0 0 0 0 0 0 0 0 30960 2136 
0 0 0 0 0 0 0 0 30970 2127 
0 0 0 0 0 0 0 0 30980 2118 
0 0 0 0 0 0 0 0 30990 2109 
0 0 0 0 0 0 0 0 31000 2100 
0 0 0 0 0 0 0 0 31010 2091 
0 0 0 0 0 0 0 0 31020 2082 
0 0 0 0 0 0 0 0 31030 2073 
0 0 0 0 0 0 0 0 31040 2064 
0 0 0 0 0 0 0 0 31050 2055 
0 0 0 0 0 0 0 0 31060 2046 
0 0 0 0 0 0 0 0 31070 2037 
0 0 0 0 0 0 0 0 31080 2028 
0 0 0 0 0 0 0 0 31090 2019 
0 0 0 0 0 0 0 0 31100 2010 
0 0 0 0 0 0 0 0 31110 2001 
0 0 0 0 0 0 0 0 31120 1992 
0 0 0 0 0 0 0 0 31130 1983 
0 0 0 0 0 0 0 0 31140 1974 
0 0 0 0 0 0 0 0 31150 1965 
0 0 0 0 0 0 0 0 31160 1956 
0 0 0 0 0 0 0 0 31170 1947 
0 0 0 0 0 0 0 0 31180 1938 
0 0 0 0 0 0 0 0 31190 1929 
0 0 0 0 0 0 0 0 31200 1920 
0 0 0 0 0 0 0 0 31210 1911 
0 0 0 0 0 0 0 0 31220 1902 
0 0 0 0 0 0 0 0 31230 1893 
0 0 0 0 0 0 0 0 31240 1884 
0 0 0 0 0 0 0 0 31250 1875 
0 0 0 0 0 0 0 0 31260 1866 
0 0 0 0 0 0 0 0 31270 1857 
0 0 0 0 0 0 0 0 31280 1848 
0 0 0 0 0 0 0 0 31290 1839 
0 0 0 0 0 0 0 0 31300 1830 
0 0 0 0 0 0 0 0 31310 1821 
0 0 0 0 0 0 0 0 31320 1812 
0 0 0 0 0 0 0 0 31330 1803 
0 0 0 0 0 0 0 0 31340 1794 
0 0 0 0 0 0 0 0 31350 1785 
0 0 0 0 0 0 0 0 31360 1776 
0 0 0 0 0 0 0 0 31370 1767 
0 0 0 0 0 0 0 0 31380 1758 
0 0 0 0 0 0 0 0 31390 1749 
0 0 0 0 0 0 0 0 31400 1740 
0 0 0 0 0 0 0 0 31410 1731 
0 0 0 0 0 0 0 0 31420 1722 
0 0 0 0 0 0 0 0 31430 1713 
0 0 0 0 0 0 0 0 31440 1704 
0 0 0 0 0 0 0 0 31450 1695 
0 0 0 0 0 0 0 0 31460 1686 
0 0 0 0 0 0 0 0 31470 1677 
0 0 0 0 0 0 0 0 31480 1668 
0 0 0 0 0 0 0 0 31490 1659 
0 0 0 0 0 0 0 0 31500 1650 
0 0 0 0 0 0 0 0 31510 1641 
0 0 0 0 0 0 0 0 31520 1632 
0 0 0 0 0 0 0 0 31530 1623 
0 0 0 0 0 0 0 0 31540 1614 
0 0 0 0 0 0 0 0 31550 1605 
0 0 0 0 0 0 0 0 31560 1596 
0 0 0 0 0 0 0 0 31570 1587 
0 0 0 0 0 0 0 0 31580 1578 
0 0 0 0 0 0 0 0 31590 1569 
0 0 0 0 0 0 0 0 31600 1560 
0 0 0 0 0 0 0 0 31610 1551 
0 0 0 0 0 0 0 0 31620 1542 
0 0 0 0 0 0 0 0 31630 1533 
0 0 0 0 0 0 0 0 31640 1524 
0 0 0 0 0 0 0 0 31650 1515 
0 0 0 0 0 0 0 0 31660 1506 
0 0 0 0 0 0 0 0 31670 1497 
0 0 0 0 0 0 0 0 31680 1488 
0 0 0 0 0 0 0 0 31690 1479 
0 0 0 0 0 0 0 0 31700 1470 
0 0 0 0 0 0 0 0 31710 1461 
0 0 0 0 0 0 0 0 31720 1452 
0 0 0 0 0 0 0 0 31730 1443 
0 0 0 0 0 0 0 0 31740 1434 
0 0 0 0 0 0 0 0 31750 1425 
0 0 0 0 0 0 0 0 31760 1416 
0 0 0 0 0 0 0 0 31770 1407 
0 0 0 0 0 0 0 0 31780 1398 
0 0 0 0 0 0 0 0 31790 1389 
0 0 0 0 0 0 0 0 31800 1380 
0 0 0 0 0 0 0 0 31810 1371 
0 0 0 0 0 0 0 0 31820 1362 
0 0 0 0 0 0 0 0 31830 1353 
0 0 0 0 0 0 0 0 31840 1344 
0 0 0 0 0 0 0 0 31850 1335 
0 0 0 0 0 0 0 0 31860 1326 
0 0 0 0 0 0 0 0 31870 1317 
0 0 0 0 0 0 0 0 31880 1308 
0 0 0 0 0 0 0 0 31890 1299 
0 0 0 0 0 0 0 0 31900 1290 
0 0 0 0 0 0 0 0 31910 1281 
0 0 0 0 0 0 0 0 31920 1272 
0 0 0 0 0 0 0 0 31930 1263 
0 0 0 0 0 0 0 0 31940 1254 
0 0 0 0 0 0 0 0 31950 1245 
0 0 0 0 0 0 0 0 31960 1236 
0 0 0 0 0 0 0 0 31970 1227 
0 0 0 0 0 0 0 0 31980 1218 
0 0 0 0 0 0 0 0 31990 1209 
0 0 0 0 0 0 0 0 32000 1200 
0 0 0 0 0 0 0 0 32010 1191 
0 0 0 0 0 0 0 0 32020 1182 
0 0 0 0 0 0 0 0 32030 1173 
0 0 0 0 0 0 0 0 32040 1164 
0 0 0 0 0 0 0 0 32050 1155 
0 0 0 0 0 0 0 0 32060 1146 
0 0 0 0 0 0 0 0 32070 1137 
0 0 0 0 0 0 0 0 32080 1128 
0 0 0 0 0 0 0 0 32090 1119 
0 0 0 0 0 0 0 0 32100 1110 
0 0 0 0 0 0 0 0 32110 1101 
0 0 0 0 0 0 0 0 32120 1092 
0 0 0 0 0 0 0 0 32130 1083 
0 0 0 0 0 0 0 0 32140 1074 
0 0 0 0 0 0 0 0 32150 1065 
0 0 0 0 0 0 0 0 32160 1056 
0 0 0 0 0 0 0 0 32170 1047 
0 0 0 0 0 0 0 0 32180 1038 
0 0 0 0 0 0 0 0 32190 1029 
0 0 0 0 0 0 0 0 32200 1020 
0 0 0 0 0 0 0 0 32210 1011 
0 0 0 0 0 0 0 0 32220 1002 
0 0 0 0 0 0 0 0 32230 993 
0 0 0 0 0 0 0 0 32240 984 
0 0 0 0 0 0 0 0 32250 975 
0 0 0 0 0 0 0 0 32260 966 
0 0 0 0 0 0 0 0 32270 957 
0 0 0 0 0 0 0 0 32280 948 
0 0 0 0 0 0 0 0 32290 939 
0 0 0 0 0 0 0 0 32300 930 
0 0 0 0 0 0 0 0 32310 921 
0 0 0 0 0 0 0 0 32320 912 
0 0 0 0 0 0 0 0 32330 903 
0 0 0 0 0 0 0 0 32340 894 
0 0 0 0 0 0 0 0 32350 885 
0 0 0 0 0 0 0 0 32360 876 
0 0 0 0 0 0 0 0 32370 867 
0 0 0 0 0 0 0 0 32380 858 
0 0 0 0 0 0 0 0 32390 849 
0 0 0 0 0 0 0 0 32400 840 
0 0 0 0 0 0 0 0 32410 831 
0 0 0 0 0 0 0 0 32420 822 
0 0 0 0 0 0 0 0 32430 813 
0 0 0 0 0 0 0 0 32440 804 
0 0 0 0 0 0 0 0 32450 795 
0 0 0 0 0 0 0 0 32460 786 
0 0 0 0 0 0 0 0 32470 777 
0 0 0 0 0 0 0 0 32480 768 
0 0 0 0 0 0 0 0 32490 759 
0 0 0 0 0 0 0 0 32500 750 
0 0 0 0 0 0 0 0 32510 741 
0 0 0 0 0 0 0 0 32520 732 
0 0 0 0 0 0 0 0 32530 723 
0 0 0 0 0 0 0 0 32540 714 
0 0 0 0 0 0 0 0 32550 705 
0 0 0 0 0 0 0 0 32560 696 
0 0 0 0 0 0 0 0 32570 687 
0 0 0 0 0 0 0 0 32580 678 
0 0 0 0 0 0 0 0 32590 669 
0 0 0 0 0 0 0 0 32600 660 
0 0 0 0 0 0 0 0 32610 651 
0 0 0 0 0 0 0 0 32620 642 
0 0 0 0 0 0 0 0 32630 633 
0 0 0 0 0 0 0 0 32640 624 
0 0 0 0 0 0 0 0 32650 615 
0 0 0 0 0 0 0 0 32660 606 
0 0 0 0 0 0 0 0 32670 597 
0 0 0 0 0 0 0 0 32680 588 
0 0 0 0 0 0 0 0 32690 579 
0 0 0 0 0 0 0 0 32700 570 
0 0 0 0 0 0 0 0 32710 561 
0 0 0 0 0 0 0 0 32720 552 
0 0 0 0 0 0 0 0 32730 543 
0 0 0 0 0 0 0 0 32740 534 
0 0 0 0 0 0 0 0 32750 525 
0 0 0 0 0 0 0 0 32760 516 
0 0 0 0 0 0 0 0 32770 507 
0 0 0 0 0 0 0 0 32780 498 
0 0 0 0 0 0 0 0 32790 489 
0 0 0 0 0 0 0 0 32800 480 
0 0 0 0 0 0 0 0 32810 471 
0 0 0 0 0 0 0 0 32820 462 
0 0 0 0 0 0 0 0 32830 453 
0 0 0 0 0 0 0 0 32840 444 
0 0 0 0 0 0 0 0 32850 435 
0 0 0 0 0 0 0 0 32860 426 
0 0 0 0 0 0 0 0 32870 417 
0 0 0 0 0 0 0 0 32880 408 
0 0 0 0 0 0 0 0 32890 399 
0 0 0 0 0 0 0 0 32900 390 
0 0 0 0 0 0 0 0 32910 381 
0 0 0 0 0 0 0 0 32920 372 
0 0 0 0 0 0 0 0 32930 363 
0 0 0 0 0 0 0 0 32940 354 
0 0 0 0 0 0 0 0 32950 345 
0 0 0 0 0 0 0 0 32960 336 
0 0 0 0 0 0 0 0 32970 327 
0 0 0 0 0 0 0 0 32980 318 
0 0 0 0 0 0 0 0 32990 309 
0 0 0 0 0 0 0 0 33000 300 
0 0 0 0 0 0 0 0 33010 291 
0 0 0 0 0 0 0 0 33020 282 
0 0 0 0 0 0 0 0 33030 273 
0 0 0 0 0 0 0 0 33040 264 
0 0 0 0 0 0 0 0 33050 255 
0 0 0 0 0 0 0 0 33060 246 
0 0 0 0 0 0 0 0 33070 237 
0 0 0 0 0 0 0 0 33080 228 
0 0 0 0 0 0 0 0 33090 219 
0 0 0 0 0 0 0 0 33100 210 
0 0 0 0 0 0 0 0 33110 201 
0 0 0 0 0 0 0 0 33120 192 
0 0 0 0 0 0 0 0 33130 183 
0 0 0 0 0 0 0 0 33140 174 
0 0 0 0 0 0 0 0 33150 165 
0 0 0 0 0 0 0 0 33160 156 
0 0 0 0 0 0 0 0 33170 147 
0 0 0 0 0 0 0 0 33180 138 
0 0 0 0 0 0 0 0 33190 129 
0 0 0 0 0 0 0 0 33200 120 
0 0 0 0 0 0 0 0 33210 111 
0 0 0 0 0 0 0 0 33220 102 
0 0 0 0 0 0 0 0 33230 93 
0 0 0 0 0 0 0 0 33240 84 
0 0 0 0 0 0 0 0 33250 75 
0 0 0 0 0 0 0 0 33260 66 
0 0 0 0 0 0 0 0 33270 57 
0 0 0 0 0 0 0 0 33280 48 
0 0 0 0 0 0 0 0 33290 39 
0 0 0 0 0 0 0 0 33300 30 
0 0 0 0 0 0 0 0 33310 21 
0 0 0 0 0 0 0 0 33320 12 
0 0 0 0 0 0 0 0 33330 3 
0 0 0 0 0 0 0 1 8 29992 
0 0 0 0 0 0 0 1 18 29983 
0 0 0 0 0 0 0 1 28 29974 
0 0 0 0 0 0 0 1 38 29965 
0 0 0 0 0 0 0 1 48 29956 
0 0 0 0 0 0 0 1 58 29947 
0 0 0 0 0 0 0 1 68 29938 
0 0 0 0 0 0 0 1 78 29929 
0 0 0 0 0 0 0 1 88 29920 
0 0 0 0 0 0 0 1 98 29911 
0 0 0 0 0 0 0 1 108 29902 
0 0 0 0 0 0 0 1 118 29893 
0 0 0 0 0 0 0 1 128 29884 
0 0 0 0 0 0 0 1 138 29875 
0 0 0 0 0 0 0 1 148 29866 
0 0 0 0 0 0 0 1 158 29857 
0 0 0 0 0 0 0 1 168 29848 
0 0 0 0 0 0 0 1 178 29839 
0 0 0 0 0 0 0 1 188 29830 
0 0 0 0 0 0 0 1 198 29821 
0 0 0 0 0 0 0 1 208 29812 
0 0 0 0 0 0 0 1 218 29803 
0 0 0 0 0 0 0 1 228 29794 
0 0 0 0 0 0 0 1 238 29785 
0 0 0 0 0 0 0 1 248 29776 
0 0 0 0 0 0 0 1 258 29767 
0 0 0 0 0 0 0 1 268 29758 
0 0 0 0 0 0 0 1 278 29749 
0 0 0 0 0 0 0 1 288 29740 
0 0 0 0 0 0 0 1 298 29731 
0 0 0 0 0 0 0 1 308 29722 
0 0 0 0 0 0 0 1 318 29713 
0 0 0 0 0 0 0 1 328 29704 
0 0 0 0 0 0 0 1 338 29695 
0 0 0 0 0 0 0 1 348 29686 
0 0 0 0 0 0 0 1 358 29677 
0 0 0 0 0 0 0 1 368 29668 
0 0 0 0 0 0 0 1 378 29659 
0 0 0 0 0 0 0 1 388 29650 
0 0 0 0 0 0 0 1 398 29641 
0 0 0 0 0 0 0 1 408 29632 
0 0 0 0 0 0 0 1 418 29623 
0 0 0 0 0 0 0 1 428 29614 
0 0 0 0 0 0 0 1 438 29605 
0 0 0 0 0 0 0 1 448 29596 
0 0 0 0 0 0 0 1 458 29587 
0 0 0 0 0 0 0 1 468 29578 
0 0 0 0 0 0 0 1 478 29569 
0 0 0 0 0 0 0 1 488 29560 
0 0 0 0 0 0 0 1 498 29551 
0 0 0 0 0 0 0 1 508 29542 
0 0 0 0 0 0 0 1 518 29533 
0 0 0 0 0 0 0 1 528 29524 
0 0 0 0 0 0 0 1 538 29515 
0 0 0 0 0 0 0 1 548 29506 
0 0 0 0 0 0 0 1 558 29497 
0 0 0 0 0 0 0 1 568 29488 
0 0 0 0 0 0 0 1 578 29479 
0 0 0 0 0 0 0 1 588 29470 
0 0 0 0 0 0 0 1 598 29461 
0 0 0 0 0 0 0 1 608 29452 
0 0 0 0 0 0 0 1 618 29443 
0 0 0 0 0 0 0 1 628 29434 
0 0 0 0 0 0 0 1 638 29425 
0 0 0 0 0 0 0 1 648 29416 
0 0 0 0 0 0 0 1 658 29407 
0 0 0 0 0 0 0 1 668 29398 
0 0 0 0 0 0 0 1 678 29389 
0 0 0 0 0 0 0 1 688 29380 
0 0 0 0 0 0 0 1 698 29371 
0 0 0 0 0 0 0 1 708 29362 
0 0 0 0 0 0 0 1 718 29353 
0 0 0 0 0 0 0 1 728 29344 
0 0 0 0 0 0 0 1 738 29335 
0 0 0 0 0 0 0 1 748 29326 
0 0 0 0 0 0 0 1 758 29317 
0 0 0 0 0 0 0 1 768 29308 
0 0 0 0 0 0 0 1 778 29299 
0 0 0 0 0 0 0 1 788 29290 
0 0 0 0 0 0 0 1 798 29281 
0 0 0 0 0 0 0 1 808 29272 
0 0 0 0 0 0 0 1 818 29263 
0 0 0 0 0 0 0 1 828 29254 
0 0 0 0 0 0 0 1 838 29245 
0 0 0 0 0 0 0 1 848 29236 
0 0 0 0 0 0 0 1 858 29227 
0 0 0 0 0 0 0 1 868 29218 
0 0 0 0 0 0 0 1 878 29209 
0 0 0 0 0 0 0 1 888 29200 
0 0 0 0 0 0 0 1 898 29191 
0 0 0 0 0 0 0 1 908 29182 
0 0 0 0 0 0 0 1 918 29173 
0 0 0 0 0 0 0 1 928 29164 
0 0 0 0 0 0 0 1 938 29155 
0 0 0 0 0 0 0 1 948 29146 
0 0 0 0 0 0 0 1 958 29137 
0 0 0 0 0 0 0 1 968 29128 
0 0 0 0 0 0 0 1 978 29119 
0 0 0 0 0 0 0 1 988 29110 
0 0 0 0 0 0 0 1 998 29101 
0 0 0 0 0 0 0 1 1008 29092 
0 0 0 0 0 0 0 1 1018 29083 
0 0 0 0 0 0 0 1 1028 29074 
0 0 0 0 0 0 0 1 1038 29065 
0 0 0 0 0 0 0 1 1048 29056 
0 0 0 0 0 0 0 1 1058 29047 
0 0 0 0 0 0 0 1 1068 29038 
0 0 0 0 0 0 0 1 1078 29029 
0 0 0 0 0 0 0 1 1088 29020 
0 0 0 0 0 0 0 1 1098 29011 
0 0 0 0 0 0 0 1 1108 29002 
0 0 0 0 0 0 0 1 1118 28993 
0 0 0 0 0 0 0 1 1128 28984 
0 0 0 0 0 0 0 1 1138 28975 
0 0 0 0 0 0 0 1 1148 28966 
0 0 0 0 0 0 0 1 1158 28957 
0 0 0 0 0 0 0 1 1168 28948 
0 0 0 0 0 0 0 1 1178 28939 
0 0 0 0 0 0 0 1 1188 28930 
0 0 0 0 0 0 0 1 1198 28921 
0 0 0 0 0 0 0 1 1208 28912 
0 0 0 0 0 0 0 1 1218 28903 
0 0 0 0 0 0 0 1 1228 28894 
0 0 0 0 0 0 0 1 1238 28885 
0 0 0 0 0 0 0 1 1248 28876 
0 0 0 0 0 0 0 1 1258 28867 
0 0 0 0 0 0 0 1 1268 28858 
0 0 0 0 0 0 0 1 1278 28849 
0 0 0 0 0 0 0 1 1288 28840 
0 0 0 0 0 0 0 1 1298 28831 
0 0 0 0 0 0 0 1 1308 28822 
0 0 0 0 0 0 0 1 1318 28813 
0 0 0 0 0 0 0 1 1328 28804 
0 0 0 0 0 0 0 1 1338 28795 
0 0 0 0 0 0 0 1 1348 28786 
0 0 0 0 0 0 0 1 1358 28777 
0 0 0 0 0 0 0 1 1368 28768 
0 0 0 0 0 0 0 1 1378 28759 
0 0 0 0 0 0 0 1 1388 28750 
0 0 0 0 0 0 0 1 1398 28741 
0 0 0 0 0 0 0 1 1408 28732 
0 0 0 0 0 0 0 1 1418 28723 
0 0 0 0 0 0 0 1 1428 28714 
0 0 0 0 0 0 0 1 1438 28705 
0 0 0 0 0 0 0 1 1448 28696 
0 0 0 0 0 0 0 1 1458 28687 
0 0 0 0 0 0 0 1 1468 28678 
0 0 0 0 0 0 0 1 1478 28669 
0 0 0 0 0 0 0 1 1488 28660 
0 0 0 0 0 0 0 1 1498 28651 
0 0 0 0 0 0 0 1 1508 28642 
0 0 0 0 0 0 0 1 1518 28633 
0 0 0 0 0 0 0 1 1528 28624 
0 0 0 0 0 0 0 1 1538 28615 
0 0 0 0 0 0 0 1 1548 28606 
0 0 0 0 0 0 0 1 1558 28597 
0 0 0 0 0 0 0 1 1568 28588 
0 0 0 0 0 0 0 1 1578 28579 
0 0 0 0 0 0 0 1 1588 28570 
0 0 0 0 0 0 0 1 1598 28561 
0 0 0 0 0 0 0 1 1608 28552 
0 0 0 0 0 0 0 1 1618 28543 
0 0 0 0 0 0 0 1 1628 28534 
0 0 0 0 0 0 0 1 1638 28525 
0 0 0 0 0 0 0 1 1648 28516 
0 0 0 0 0 0 0 1 1658 28507 
0 0 0 0 0 0 0 1 1668 28498 
0 0 0 0 0 0 0 1 1678 28489 
0 0 0 0 0 0 0 1 1688 28480 
0 0 0 0 0 0 0 1 1698 28471 
0 0 0 0 0 0 0 1 1708 28462 
0 0 0 0 0 0 0 1 1718 28453 
0 0 0 0 0 0 0 1 1728 28444 
0 0 0 0 0 0 0 1 1738 28435 
0 0 0 0 0 0 0 1 1748 28426 
0 0 0 0 0 0 0 1 1758 28417 
0 0 0 0 0 0 0 1 1768 28408 
0 0 0 0 0 0 0 1 1778 28399 
0 0 0 0 0 0 0 1 1788 28390 
0 0 0 0 0 0 0 1 1798 28381 
0 0 0 0 0 0 0 1 1808 28372 
0 0 0 0 0 0 0 1 1818 28363 
0 0 0 0 0 0 0 1 1828 28354 
0 0 0 0 0 0 0 1 1838 28345 
0 0 0 0 0 0 0 1 1848 28336 
0 0 0 0 0 0 0 1 1858 28327 
0 0 0 0 0 0 0 1 1868 28318 
0 0 0 0 0 0 0 1 1878 28309 
0 0 0 0 0 0 0 1 1888 28300 
0 0 0 0 0 0 0 1 1898 28291 
0 0 0 0 0 0 0 1 1908 28282 
0 0 0 0 0 0 0 1 1918 28273 
0 0 0 0 0 0 0 1 1928 28264 
0 0 0 0 0 0 0 1 1938 28255 
0 0 0 0 0 0 0 1 1948 28246 
0 0 0 0 0 0 0 1 1958 28237 
0 0 0 0 0 0 0 1 1968 28228 
0 0 0 0 0 0 0 1 1978 28219 
0 0 0 0 0 0 0 1 1988 28210 
0 0 0 0 0 0 0 1 1998 28201 
0 0 0 0 0 0 0 1 2008 28192 
0 0 0 0 0 0 0 1 2018 28183 
0 0 0 0 0 0 0 1 2028 28174 
0 0 0 0 0 0 0 1 2038 28165 
0 0 0 0 0 0 0 1 2048 28156 
0 0 0 0 0 0 0 1 2058 28147 
0 0 0 0 0 0 0 1 2068 28138 
0 0 0 0 0 0 0 1 2078 28129 
0 0 0 0 0 0 0 1 2088 28120 
0 0 0 0 0 0 0 1 2098 28111 
0 0 0 0 0 0 0 1 2108 28102 
0 0 0 0 0 0 0 1 2118 28093 
0 0 0 0 0 0 0 1 2128 28084 
0 0 0 0 0 0 0 1 2138 28075 
0 0 0 0 0 0 0 1 2148 28066 
0 0 0 0 0 0 0 1 2158 28057 
0 0 0 0 0 0 0 1 2168 28048 
0 0 0 0 0 0 0 1 2178 28039 
0 0 0 0 0 0 0 1 2188 28030 
0 0 0 0 0 0 0 1 2198 28021 
0 0 0 0 0 0 0 1 2208 28012 
0 0 0 0 0 0 0 1 2218 28003 
0 0 0 0 0 0 0 1 2228 27994 
0 0 0 0 0 0 0 1 2238 27985 
0 0 0 0 0 0 0 1 2248 27976 
0 0 0 0 0 0 0 1 2258 27967 
0 0 0 0 0 0 0 1 2268 27958 
0 0 0 0 0 0 0 1 2278 27949 
0 0 0 0 0 0 0 1 2288 27940 
0 0 0 0 0 0 0 1 2298 27931 
0 0 0 0 0 0 0 1 2308 27922 
0 0 0 0 0 0 0 1 2318 27913 
0 0 0 0 0 0 0 1 2328 27904 
0 0 0 0 0 0 0 1 2338 27895 
0 0 0 0 0 0 0 1 2348 27886 
0 0 0 0 0 0 0 1 2358 27877 
0 0 0 0 0 0 0 1 2368 27868 
0 0 0 0 0 0 0 1 2378 27859 
0 0 0 0 0 0 0 1 2388 27850 
0 0 0 0 0 0 0 1 2398 27841 
0 0 0 0 0 0 0 1 2408 27832 
0 0 0 0 0 0 0 1 2418 27823 
0 0 0 0 0 0 0 1 2428 27814 
0 0 0 0 0 0 0 1 2438 27805 
0 0 0 0 0 0 0 1 2448 27796 
0 0 0 0 0 0 0 1 2458 27787 
0 0 0 0 0 0 0 1 2468 27778 
0 0 0 0 0 0 0 1 2478 27769 
0 0 0 0 0 0 0 1 2488 27760 
0 0 0 0 0 0 0 1 2498 27751 
0 0 0 0 0 0 0 1 2508 27742 
0 0 0 0 0 0 0 1 2518 27733 
0 0 0 0 0 0 0 1 2528 27724 
0 0 0 0 0 0 0 1 2538 27715 
0 0 0 0 0 0 0 1 2548 27706 
0 0 0 0 0 0 0 1 2558 27697 
0 0 0 0 0 0 0 1 2568 27688 
0 0 0 0 0 0 0 1 2578 27679 
0 0 0 0 0 0 0 1 2588 27670 
0 0 0 0 0 0 0 1 2598 27661 
0 0 0 0 0 0 0 1 2608 27652 
0 0 0 0 0 0 0 1 2618 27643 
0 0 0 0 0 0 0 1 2628 27634 
0 0 0 0 0 0 0 1 2638 27625 
0 0 0 0 0 0 0 1 2648 27616 
0 0 0 0 0 0 0 1 2658 27607 
0 0 0 0 0 0 0 1 2668 27598 
0 0 0 0 0 0 0 1 2678 27589 
0 0 0 0 0 0 0 1 2688 27580 
0 0 0 0 0 0 0 1 2698 27571 
0 0 0 0 0 0 0 1 2708 27562 
0 0 0 0 0 0 0 1 2718 27553 
0 0 0 0 0 0 0 1 2728 27544 
0 0 0 0 0 0 0 1 2738 27535 
0 0 0 0 0 0 0 1 2748 27526 
0 0 0 0 0 0 0 1 2758 27517 
0 0 0 0 0 0 0 1 2768 27508 
0 0 0 0 0 0 0 1 2778 27499 
0 0 0 0 0 0 0 1 2788 27490 
0 0 0 0 0 0 0 1 2798 27481 
0 0 0 0 0 0 0 1 2808 27472 
0 0 0 0 0 0 0 1 2818 27463 
0 0 0 0 0 0 0 1 2828 27454 
0 0 0 0 0 0 0 1 2838 27445 
0 0 0 0 0 0 0 1 2848 27436 
0 0 0 0 0 0 0 1 2858 27427 
0 0 0 0 0 0 0 1 2868 27418 
0 0 0 0 0 0 0 1 2878 27409 
0 0 0 0 0 0 0 1 2888 27400 
0 0 0 0 0 0 0 1 2898 27391 
0 0 0 0 0 0 0 1 2908 27382 
0 0 0 0 0 0 0 1 2918 27373 
0 0 0 0 0 0 0 1 2928 27364 
0 0 0 0 0 0 0 1 2938 27355 
0 0 0 0 0 0 0 1 2948 27346 
0 0 0 0 0 0 0 1 2958 27337 
0 0 0 0 0 0 0 1 2968 27328 
0 0 0 0 0 0 0 1 2978 27319 
0 0 0 0 0 0 0 1 2988 27310 
0 0 0 0 0 0 0 1 2998 27301 
0 0 0 0 0 0 0 1 3008 27292 
0 0 0 0 0 0 0 1 3018 27283 
0 0 0 0 0 0 0 1 3028 27274 
0 0 0 0 0 0 0 1 3038 27265 
0 0 0 0 0 0 0 1 3048 27256 
0 0 0 0 0 0 0 1 3058 27247 
0 0 0 0 0 0 0 1 3068 27238 
0 0 0 0 0 0 0 1 3078 27229 
0 0 0 0 0 0 0 1 3088 27220 
0 0 0 0 0 0 0 1 3098 27211 
0 0 0 0 0 0 0 1 3108 27202 
0 0 0 0 0 0 0 1 3118 27193 
0 0 0 0 0 0 0 1 3128 27184 
0 0 0 0 0 0 0 1 3138 27175 
0 0 0 0 0 0 0 1 3148 27166 
0 0 0 0 0 0 0 1 3158 27157 
0 0 0 0 0 0 0 1 3168 27148 
0 0 0 0 0 0 0 1 3178 27139 
0 0 0 0 0 0 0 1 3188 27130 
0 0 0 0 0 0 0 1 3198 27121 
0 0 0 0 0 0 0 1 3208 27112 
0 0 0 0 0 0 0 1 3218 27103 
0 0 0 0 0 0 0 1 3228 27094 
0 0 0 0 0 0 0 1 3238 27085 
0 0 0 0 0 0 0 1 3248 27076 
0 0 0 0 0 0 0 1 3258 27067 
0 0 0 0 0 0 0 1 3268 27058 
0 0 0 0 0 0 0 1 3278 27049 
0 0 0 0 0 0 0 1 3288 27040 
0 0 0 0 0 0 0 1 3298 27031 
0 0 0 0 0 0 0 1 3308 27022 
0 0 0 0 0 0 0 1 3318 27013 
0 0 0 0 0 0 0 1 3328 27004 
0 0 0 0 0 0 0 1 3338 26995 
0 0 0 0 0 0 0 1 3348 26986 
0 0 0 0 0 0 0 1 3358 26977 
0 0 0 0 0 0 0 1 3368 26968 
0 0 0 0 0 0 0 1 3378 26959 
0 0 0 0 0 0 0 1 3388 26950 
0 0 0 0 0 0 0 1 3398 26941 
0 0 0 0 0 0 0 1 3408 26932 
0 0 0 0 0 0 0 1 3418 26923 
0 0 0 0 0 0 0 1 3428 26914 
0 0 0 0 0 0 0 1 3438 26905 
0 0 0 0 0 0 0 1 3448 26896 
0 0 0 0 0 0 0 1 3458 26887 
0 0 0 0 0 0 0 1 3468 26878 
0 0 0 0 0 0 0 1 3478 26869 
0 0 0 0 0 0 0 1 3488 26860 
0 0 0 0 0 0 0 1 3498 26851 
0 0 0 0 0 0 0 1 3508 26842 
0 0 0 0 0 0 0 1 3518 26833 
0 0 0 0 0 0 0 1 3528 26824 
0 0 0 0 0 0 0 1 3538 26815 
0 0 0 0 0 0 0 1 3548 26806 
0 0 0 0 0 0 0 1 3558 26797 
0 0 0 0 0 0 0 1 3568 26788 
0 0 0 0 0 0 0 1 3578 26779 
0 0 0 0 0 0 0 1 3588 26770 
0 0 0 0 0 0 0 1 3598 26761 
0 0 0 0 0 0 0 1 3608 26752 
0 0 0 0 0 0 0 1 3618 26743 
0 0 0 0 0 0 0 1 3628 26734 
0 0 0 0 0 0 0 1 3638 26725 
0 0 0 0 0 0 0 1 3648 26716 
0 0 0 0 0 0 0 1 3658 26707 
0 0 0 0 0 0 0 1 3668 26698 
0 0 0 0 0 0 0 1 3678 26689 
0 0 0 0 0 0 0 1 3688 26680 
0 0 0 0 0 0 0 1 3698 26671 
0 0 0 0 0 0 0 1 3708 26662 
0 0 0 0 0 0 0 1 3718 26653 
0 0 0 0 0 0 0 1 3728 26644 
0 0 0 0 0 0 0 1 3738 26635 
0 0 0 0 0 0 0 1 3748 26626 
0 0 0 0 0 0 0 1 3758 26617 
0 0 0 0 0 0 0 1 3768 26608 
0 0 0 0 0 0 0 1 3778 26599 
0 0 0 0 0 0 0 1 3788 26590 
0 0 0 0 0 0 0 1 3798 26581 
0 0 0 0 0 0 0 1 3808 26572 
0 0 0 0 0 0 0 1 3818 26563 
0 0 0 0 0 0 0 1 3828 26554 
0 0 0 0 0 0 0 1 3838 26545 
0 0 0 0 0 0 0 1 3848 26536 
0 0 0 0 0 0 0 1 3858 26527 
0 0 0 0 0 0 0 1 3868 26518 
0 0 0 0 0 0 0 1 3878 26509 
0 0 0 0 0 0 0 1 3888 26500 
0 0 0 0 0 0 0 1 3898 26491 
0 0 0 0 0 0 0 1 3908 26482 
0 0 0 0 0 0 0 1 3918 26473 
0 0 0 0 0 0 0 1 3928 26464 
0 0 0 0 0 0 0 1 3938 26455 
0 0 0 0 0 0 0 1 3948 26446 
0 0 0 0 0 0 0 1 3958 26437 
0 0 0 0 0 0 0 1 3968 26428 
0 0 0 0 0 0 0 1 3978 26419 
0 0 0 0 0 0 0 1 3988 26410 
0 0 0 0 0 0 0 1 3998 26401 
0 0 0 0 0 0 0 1 4008 26392 
0 0 0 0 0 0 0 1 4018 26383 
0 0 0 0 0 0 0 1 4028 26374 
0 0 0 0 0 0 0 1 4038 26365 
0 0 0 0 0 0 0 1 4048 26356 
0 0 0 0 0 0 0 1 4058 26347 
0 0 0 0 0 0 0 1 4068 26338 
0 0 0 0 0 0 0 1 4078 26329 
0 0 0 0 0 0 0 1 4088 26320 
0 0 0 0 0 0 0 1 4098 26311 
0 0 0 0 0 0 0 1 4108 26302 
0 0 0 0 0 0 0 1 4118 26293 
0 0 0 0 0 0 0 1 4128 26284 
0 0 0 0 0 0 0 1 4138 26275 
0 0 0 0 0 0 0 1 4148 26266 
0 0 0 0 0 0 0 1 4158 26257 
0 0 0 0 0 0 0 1 4168 26248 
0 0 0 0 0 0 0 1 4178 26239 
0 0 0 0 0 0 0 1 4188 26230 
0 0 0 0 0 0 0 1 4198 26221 
0 0 0 0 0 0 0 1 4208 26212 
0 0 0 0 0 0 0 1 4218 26203 
0 0 0 0 0 0 0 1 4228 26194 
0 0 0 0 0 0 0 1 4238 26185 
0 0 0 0 0 0 0 1 4248 26176 
0 0 0 0 0 0 0 1 4258 26167 
0 0 0 0 0 0 0 1 4268 26158 
0 0 0 0 0 0 0 1 4278 26149 
0 0 0 0 0 0 0 1 4288 26140 
0 0 0 0 0 0 0 1 4298 26131 
0 0 0 0 0 0 0 1 4308 26122 
0 0 0 0 0 0 0 1 4318 26113 
0 0 0 0 0 0 0 1 4328 26104 
0 0 0 0 0 0 0 1 4338 26095 
0 0 0 0 0 0 0 1 4348 26086 
0 0 0 0 0 0 0 1 4358 26077 
0 0 0 0 0 0 0 1 4368 26068 
0 0 0 0 0 0 0 1 4378 26059 
0 0 0 0 0 0 0 1 4388 26050 
0 0 0 0 0 0 0 1 4398 26041 
0 0 0 0 0 0 0 1 4408 26032 
0 0 0 0 0 0 0 1 4418 26023 
0 0 0 0 0 0 0 1 4428 26014 
0 0 0 0 0 0 0 1 4438 26005 
0 0 0 0 0 0 0 1 4448 25996 
0 0 0 0 0 0 0 1 4458 25987 
0 0 0 0 0 0 0 1 4468 25978 
0 0 0 0 0 0 0 1 4478 25969 
0 0 0 0 0 0 0 1 4488 25960 
0 0 0 0 0 0 0 1 4498 25951 
0 0 0 0 0 0 0 1 4508 25942 
0 0 0 0 0 0 0 1 4518 25933 
0 0 0 0 0 0 0 1 4528 25924 
0 0 0 0 0 0 0 1 4538 25915 
0 0 0 0 0 0 0 1 4548 25906 
0 0 0 0 0 0 0 1 4558 25897 
0 0 0 0 0 0 0 1 4568 25888 
0 0 0 0 0 0 0 1 4578 25879 
0 0 0 0 0 0 0 1 4588 25870 
0 0 0 0 0 0 0 1 4598 25861 
0 0 0 0 0 0 0 1 4608 25852 
0 0 0 0 0 0 0 1 4618 25843 
0 0 0 0 0 0 0 1 4628 25834 
0 0 0 0 0 0 0 1 4638 25825 
0 0 0 0 0 0 0 1 4648 25816 
0 0 0 0 0 0 0 1 4658 25807 
0 0 0 0 0 0 0 1 4668 25798 
0 0 0 0 0 0 0 1 4678 25789 
0 0 0 0 0 0 0 1 4688 25780 
0 0 0 0 0 0 0 1 4698 25771 
0 0 0 0 0 0 0 1 4708 25762 
0 0 0 0 0 0 0 1 4718 25753 
0 0 0 0 0 0 0 1 4728 25744 
0 0 0 0 0 0 0 1 4738 25735 
0 0 0 0 0 0 0 1 4748 25726 
0 0 0 0 0 0 0 1 4758 25717 
0 0 0 0 0 0 0 1 4768 25708 
0 0 0 0 0 0 0 1 4778 25699 
0 0 0 0 0 0 0 1 4788 25690 
0 0 0 0 0 0 0 1 4798 25681 
0 0 0 0 0 0 0 1 4808 25672 
0 0 0 0 0 0 0 1 4818 25663 
0 0 0 0 0 0 0 1 4828 25654 
0 0 0 0 0 0 0 1 4838 25645 
0 0 0 0 0 0 0 1 4848 25636 
0 0 0 0 0 0 0 1 4858 25627 
0 0 0 0 0 0 0 1 4868 25618 
0 0 0 0 0 0 0 1 4878 25609 
0 0 0 0 0 0 0 1 4888 25600 
0 0 0 0 0 0 0 1 4898 25591 
0 0 0 0 0 0 0 1 4908 25582 
0 0 0 0 0 0 0 1 4918 25573 
0 0 0 0 0 0 0 1 4928 25564 
0 0 0 0 0 0 0 1 4938 25555 
0 0 0 0 0 0 0 1 4948 25546 
0 0 0 0 0 0 0 1 4958 25537 
0 0 0 0 0 0 0 1 4968 25528 
0 0 0 0 0 0 0 1 4978 25519 
0 0 0 0 0 0 0 1 4988 25510 
0 0 0 0 0 0 0 1 4998 25501 
0 0 0 0 0 0 0 1 5008 25492 
0 0 0 0 0 0 0 1 5018 25483 
0 0 0 0 0 0 0 1 5028 25474 
0 0 0 0 0 0 0 1 5038 25465 
0 0 0 0 0 0 0 1 5048 25456 
0 0 0 0 0 0 0 1 5058 25447 
0 0 0 0 0 0 0 1 5068 25438 
0 0 0 0 0 0 0 1 5078 25429 
0 0 0 0 0 0 0 1 5088 25420 
0 0 0 0 0 0 0 1 5098 25411 
0 0 0 0 0 0 0 1 5108 25402 
0 0 0 0 0 0 0 1 5118 25393 
0 0 0 0 0 0 0 1 5128 25384 
0 0 0 0 0 0 0 1 5138 25375 
0 0 0 0 0 0 0 1 5148 25366 
0 0 0 0 0 0 0 1 5158 25357 
0 0 0 0 0 0 0 1 5168 25348 
0 0 0 0 0 0 0 1 5178 25339 
0 0 0 0 0 0 0 1 5188 25330 
0 0 0 0 0 0 0 1 5198 25321 
0 0 0 0 0 0 0 1 5208 25312 
0 0 0 0 0 0 0 1 5218 25303 
0 0 0 0 0 0 0 1 5228 25294 
0 0 0 0 0 0 0 1 5238 25285 
0 0 0 0 0 0 0 1 5248 25276 
0 0 0 0 0 0 0 1 5258 25267 
0 0 0 0 0 0 0 1 5268 25258 
0 0 0 0 0 0 0 1 5278 25249 
0 0 0 0 0 0 0 1 5288 25240 
0 0 0 0 0 0 0 1 5298 25231 
0 0 0 0 0 0 0 1 5308 25222 
0 0 0 0 0 0 0 1 5318 25213 
0 0 0 0 0 0 0 1 5328 25204 
0 0 0 0 0 0 0 1 5338 25195 
0 0 0 0 0 0 0 1 5348 25186 
0 0 0 0 0 0 0 1 5358 25177 
0 0 0 0 0 0 0 1 5368 25168 
0 0 0 0 0 0 0 1 5378 25159 
0 0 0 0 0 0 0 1 5388 25150 
0 0 0 0 0 0 0 1 5398 25141 
0 0 0 0 0 0 0 1 5408 25132 
0 0 0 0 0 0 0 1 5418 25123 
0 0 0 0 0 0 0 1 5428 25114 
0 0 0 0 0 0 0 1 5438 25105 
0 0 0 0 0 0 0 1 5448 25096 
0 0 0 0 0 0 0 1 5458 25087 
0 0 0 0 0 0 0 1 5468 25078 
0 0 0 0 0 0 0 1 5478 25069 
0 0 0 0 0 0 0 1 5488 25060 
0 0 0 0 0 0 0 1 5498 25051 
0 0 0 0 0 0 0 1 5508 25042 
0 0 0 0 0 0 0 1 5518 25033 
0 0 0 0 0 0 0 1 5528 25024 
0 0 0 0 0 0 0 1 5538 25015 
0 0 0 0 0 0 0 1 5548 25006 
0 0 0 0 0 0 0 1 5558 24997 
0 0 0 0 0 0 0 1 5568 24988 
0 0 0 0 0 0 0 1 5578 24979 
0 0 0 0 0 0 0 1 5588 24970 
0 0 0 0 0 0 0 1 5598 24961 
0 0 0 0 0 0 0 1 5608 24952 
0 0 0 0 0 0 0 1 5618 24943 
0 0 0 0 0 0 0 1 5628 24934 
0 0 0 0 0 0 0 1 5638 24925 
0 0 0 0 0 0 0 1 5648 24916 
0 0 0 0 0 0 0 1 5658 24907 
0 0 0 0 0 0 0 1 5668 24898 
0 0 0 0 0 0 0 1 5678 24889 
0 0 0 0 0 0 0 1 5688 24880 
0 0 0 0 0 0 0 1 5698 24871 
0 0 0 0 0 0 0 1 5708 24862 
0 0 0 0 0 0 0 1 5718 24853 
0 0 0 0 0 0 0 1 5728 24844 
0 0 0 0 0 0 0 1 5738 24835 
0 0 0 0 0 0 0 1 5748 24826 
0 0 0 0 0 0 0 1 5758 24817 
0 0 0 0 0 0 0 1 5768 24808 
0 0 0 0 0 0 0 1 5778 24799 
0 0 0 0 0 0 0 1 5788 24790 
0 0 0 0 0 0 0 1 5798 24781 
0 0 0 0 0 0 0 1 5808 24772 
0 0 0 0 0 0 0 1 5818 24763 
0 0 0 0 0 0 0 1 5828 24754 
0 0 0 0 0 0 0 1 5838 24745 
0 0 0 0 0 0 0 1 5848 24736 
0 0 0 0 0 0 0 1 5858 24727 
0 0 0 0 0 0 0 1 5868 24718 
0 0 0 0 0 0 0 1 5878 24709 
0 0 0 0 0 0 0 1 5888 24700 
0 0 0 0 0 0 0 1 5898 24691 
0 0 0 0 0 0 0 1 5908 24682 
0 0 0 0 0 0 0 1 5918 24673 
0 0 0 0 0 0 0 1 5928 24664 
0 0 0 0 0 0 0 1 5938 24655 
0 0 0 0 0 0 0 1 5948 24646 
0 0 0 0 0 0 0 1 5958 24637 
0 0 0 0 0 0 0 1 5968 24628 
0 0 0 0 0 0 0 1 5978 24619 
0 0 0 0 0 0 0 1 5988 24610 
0 0 0 0 0 0 0 1 5998 24601 
0 0 0 0 0 0 0 1 6008 24592 
0 0 0 0 0 0 0 1 6018 24583 
0 0 0 0 0 0 0 1 6028 24574 
0 0 0 0 0 0 0 1 6038 24565 
0 0 0 0 0 0 0 1 6048 24556 
0 0 0 0 0 0 0 1 6058 24547 
0 0 0 0 0 0 0 1 6068 24538 
0 0 0 0 0 0 0 1 6078 24529 
0 0 0 0 0 0 0 1 6088 24520 
0 0 0 0 0 0 0 1 6098 24511 
0 0 0 0 0 0 0 1 6108 24502 
0 0 0 0 0 0 0 1 6118 24493 
0 0 0 0 0 0 0 1 6128 24484 
0 0 0 0 0 0 0 1 6138 24475 
0 0 0 0 0 0 0 1 6148 24466 
0 0 0 0 0 0 0 1 6158 24457 
0 0 0 0 0 0 0 1 6168 24448 
0 0 0 0 0 0 0 1 6178 24439 
0 0 0 0 0 0 0 1 6188 24430 
0 0 0 0 0 0 0 1 6198 24421 
0 0 0 0 0 0 0 1 6208 24412 
0 0 0 0 0 0 0 1 6218 24403 
0 0 0 0 0 0 0 1 6228 24394 
0 0 0 0 0 0 0 1 6238 24385 
0 0 0 0 0 0 0 1 6248 24376 
0 0 0 0 0 0 0 1 6258 24367 
0 0 0 0 0 0 0 1 6268 24358 
0 0 0 0 0 0 0 1 6278 24349 
0 0 0 0 0 0 0 1 6288 24340 
0 0 0 0 0 0 0 1 6298 24331 
0 0 0 0 0 0 0 1 6308 24322 
0 0 0 0 0 0 0 1 6318 24313 
0 0 0 0 0 0 0 1 6328 24304 
0 0 0 0 0 0 0 1 6338 24295 
0 0 0 0 0 0 0 1 6348 24286 
0 0 0 0 0 0 0 1 6358 24277 
0 0 0 0 0 0 0 1 6368 24268 
0 0 0 0 0 0 0 1 6378 24259 
0 0 0 0 0 0 0 1 6388 24250 
0 0 0 0 0 0 0 1 6398 24241 
0 0 0 0 0 0 0 1 6408 24232 
0 0 0 0 0 0 0 1 6418 24223 
0 0 0 0 0 0 0 1 6428 24214 
0 0 0 0 0 0 0 1 6438 24205 
0 0 0 0 0 0 0 1 6448 24196 
0 0 0 0 0 0 0 1 6458 24187 
0 0 0 0 0 0 0 1 6468 24178 
0 0 0 0 0 0 0 1 6478 24169 
0 0 0 0 0 0 0 1 6488 24160 
0 0 0 0 0 0 0 1 6498 24151 
0 0 0 0 0 0 0 1 6508 24142 
0 0 0 0 0 0 0 1 6518 24133 
0 0 0 0 0 0 0 1 6528 24124 
0 0 0 0 0 0 0 1 6538 24115 
0 0 0 0 0 0 0 1 6548 24106 
0 0 0 0 0 0 0 1 6558 24097 
0 0 0 0 0 0 0 1 6568 24088 
0 0 0 0 0 0 0 1 6578 24079 
0 0 0 0 0 0 0 1 6588 24070 
0 0 0 0 0 0 0 1 6598 24061 
0 0 0 0 0 0 0 1 6608 24052 
0 0 0 0 0 0 0 1 6618 24043 
0 0 0 0 0 0 0 1 6628 24034 
0 0 0 0 0 0 0 1 6638 24025 
0 0 0 0 0 0 0 1 6648 24016 
0 0 0 0 0 0 0 1 6658 24007 
0 0 0 0 0 0 0 1 6668 23998 
0 0 0 0 0 0 0 1 6678 23989 
0 0 0 0 0 0 0 1 6688 23980 
0 0 0 0 0 0 0 1 6698 23971 
0 0 0 0 0 0 0 1 6708 23962 
0 0 0 0 0 0 0 1 6718 23953 
0 0 0 0 0 0 0 1 6728 23944 
0 0 0 0 0 0 0 1 6738 23935 
0 0 0 0 0 0 0 1 6748 23926 
0 0 0 0 0 0 0 1 6758 23917 
0 0 0 0 0 0 0 1 6768 23908 
0 0 0 0 0 0 0 1 6778 23899 
0 0 0 0 0 0 0 1 6788 23890 
0 0 0 0 0 0 0 1 6798 23881 
0 0 0 0 0 0 0 1 6808 23872 
0 0 0 0 0 0 0 1 6818 23863 
0 0 0 0 0 0 0 1 6828 23854 
0 0 0 0 0 0 0 1 6838 23845 
0 0 0 0 0 0 0 1 6848 23836 
0 0 0 0 0 0 0 1 6858 23827 
0 0 0 0 0 0 0 1 6868 23818 
0 0 0 0 0 0 0 1 6878 23809 
0 0 0 0 0 0 0 1 6888 23800 
0 0 0 0 0 0 0 1 6898 23791 
0 0 0 0 0 0 0 1 6908 23782 
0 0 0 0 0 0 0 1 6918 23773 
0 0 0 0 0 0 0 1 6928 23764 
0 0 0 0 0 0 0 1 6938 23755 
0 0 0 0 0 0 0 1 6948 23746 
0 0 0 0 0 0 0 1 6958 23737 
0 0 0 0 0 0 0 1 6968 23728 
0 0 0 0 0 0 0 1 6978 23719 
0 0 0 0 0 0 0 1 6988 23710 
0 0 0 0 0 0 0 1 6998 23701 
0 0 0 0 0 0 0 1 7008 23692 
0 0 0 0 0 0 0 1 7018 23683 
0 0 0 0 0 0 0 1 7028 23674 
0 0 0 0 0 0 0 1 7038 23665 
0 0 0 0 0 0 0 1 7048 23656 
0 0 0 0 0 0 0 1 7058 23647 
0 0 0 0 0 0 0 1 7068 23638 
0 0 0 0 0 0 0 1 7078 23629 
0 0 0 0 0 0 0 1 7088 23620 
0 0 0 0 0 0 0 1 7098 23611 
0 0 0 0 0 0 0 1 7108 23602 
0 0 0 0 0 0 0 1 7118 23593 
0 0 0 0 0 0 0 1 7128 23584 
0 0 0 0 0 0 0 1 7138 23575 
0 0 0 0 0 0 0 1 7148 23566 
0 0 0 0 0 0 0 1 7158 23557 
0 0 0 0 0 0 0 1 7168 23548 
0 0 0 0 0 0 0 1 7178 23539 
0 0 0 0 0 0 0 1 7188 23530 
0 0 0 0 0 0 0 1 7198 23521 
0 0 0 0 0 0 0 1 7208 23512 
0 0 0 0 0 0 0 1 7218 23503 
0 0 0 0 0 0 0 1 7228 23494 
0 0 0 0 0 0 0 1 7238 23485 
0 0 0 0 0 0 0 1 7248 23476 
0 0 0 0 0 0 0 1 7258 23467 
0 0 0 0 0 0 0 1 7268 23458 
0 0 0 0 0 0 0 1 7278 23449 
0 0 0 0 0 0 0 1 7288 23440 
0 0 0 0 0 0 0 1 7298 23431 
0 0 0 0 0 0 0 1 7308 23422 
0 0 0 0 0 0 0 1 7318 23413 
0 0 0 0 0 0 0 1 7328 23404 
0 0 0 0 0 0 0 1 7338 23395 
0 0 0 0 0 0 0 1 7348 23386 
0 0 0 0 0 0 0 1 7358 23377 
0 0 0 0 0 0 0 1 7368 23368 
0 0 0 0 0 0 0 1 7378 23359 
0 0 0 0 0 0 0 1 7388 23350 
0 0 0 0 0 0 0 1 7398 23341 
0 0 0 0 0 0 0 1 7408 23332 
0 0 0 0 0 0 0 1 7418 23323 
0 0 0 0 0 0 0 1 7428 23314 
0 0 0 0 0 0 0 1 7438 23305 
0 0 0 0 0 0 0 1 7448 23296 
0 0 0 0 0 0 0 1 7458 23287 
0 0 0 0 0 0 0 1 7468 23278 
0 0 0 0 0 0 0 1 7478 23269 
0 0 0 0 0 0 0 1 7488 23260 
0 0 0 0 0 0 0 1 7498 23251 
0 0 0 0 0 0 0 1 7508 23242 
0 0 0 0 0 0 0 1 7518 23233 
0 0 0 0 0 0 0 1 7528 23224 
0 0 0 0 0 0 0 1 7538 23215 
0 0 0 0 0 0 0 1 7548 23206 
0 0 0 0 0 0 0 1 7558 23197 
0 0 0 0 0 0 0 1 7568 23188 
0 0 0 0 0 0 0 1 7578 23179 
0 0 0 0 0 0 0 1 7588 23170 
0 0 0 0 0 0 0 1 7598 23161 
0 0 0 0 0 0 0 1 7608 23152 
0 0 0 0 0 0 0 1 7618 23143 
0 0 0 0 0 0 0 1 7628 23134 
0 0 0 0 0 0 0 1 7638 23125 
0 0 0 0 0 0 0 1 7648 23116 
0 0 0 0 0 0 0 1 7658 23107 
0 0 0 0 0 0 0 1 7668 23098 
0 0 0 0 0 0 0 1 7678 23089 
0 0 0 0 0 0 0 1 7688 23080 
0 0 0 0 0 0 0 1 7698 23071 
0 0 0 0 0 0 0 1 7708 23062 
0 0 0 0 0 0 0 1 7718 23053 
0 0 0 0 0 0 0 1 7728 23044 
0 0 0 0 0 0 0 1 7738 23035 
0 0 0 0 0 0 0 1 7748 23026 
0 0 0 0 0 0 0 1 7758 23017 
0 0 0 0 0 0 0 1 7768 23008 
0 0 0 0 0 0 0 1 7778 22999 
0 0 0 0 0 0 0 1 7788 22990 
0 0 0 0 0 0 0 1 7798 22981 
0 0 0 0 0 0 0 1 7808 22972 
0 0 0 0 0 0 0 1 7818 22963 
0 0 0 0 0 0 0 1 7828 22954 
0 0 0 0 0 0 0 1 7838 22945 
0 0 0 0 0 0 0 1 7848 22936 
0 0 0 0 0 0 0 1 7858 22927 
0 0 0 0 0 0 0 1 7868 22918 
0 0 0 0 0 0 0 1 7878 22909 
0 0 0 0 0 0 0 1 7888 22900 
0 0 0 0 0 0 0 1 7898 22891 
0 0 0 0 0 0 0 1 7908 22882 
0 0 0 0 0 0 0 1 7918 22873 
0 0 0 0 0 0 0 1 7928 22864 
0 0 0 0 0 0 0 1 7938 22855 
0 0 0 0 0 0 0 1 7948 22846 
0 0 0 0 0 0 0 1 7958 22837 
0 0 0 0 0 0 0 1 7968 22828 
0 0 0 0 0 0 0 1 7978 22819 
0 0 0 0 0 0 0 1 7988 22810 
0 0 0 0 0 0 0 1 7998 22801 
0 0 0 0 0 0 0 1 8008 22792 
0 0 0 0 0 0 0 1 8018 22783 
0 0 0 0 0 0 0 1 8028 22774 
0 0 0 0 0 0 0 1 8038 22765 
0 0 0 0 0 0 0 1 8048 22756 
0 0 0 0 0 0 0 1 8058 22747 
0 0 0 0 0 0 0 1 8068 22738 
0 0 0 0 0 0 0 1 8078 22729 
0 0 0 0 0 0 0 1 8088 22720 
0 0 0 0 0 0 0 1 8098 22711 
0 0 0 0 0 0 0 1 8108 22702 
0 0 0 0 0 0 0 1 8118 22693 
0 0 0 0 0 0 0 1 8128 22684 
0 0 0 0 0 0 0 1 8138 22675 
0 0 0 0 0 0 0 1 8148 22666 
0 0 0 0 0 0 0 1 8158 22657 
0 0 0 0 0 0 0 1 8168 22648 
0 0 0 0 0 0 0 1 8178 22639 
0 0 0 0 0 0 0 1 8188 22630 
0 0 0 0 0 0 0 1 8198 22621 
0 0 0 0 0 0 0 1 8208 22612 
0 0 0 0 0 0 0 1 8218 22603 
0 0 0 0 0 0 0 1 8228 22594 
0 0 0 0 0 0 0 1 8238 22585 
0 0 0 0 0 0 0 1 8248 22576 
0 0 0 0 0 0 0 1 8258 22567 
0 0 0 0 0 0 0 1 8268 22558 
0 0 0 0 0 0 0 1 8278 22549 
0 0 0 0 0 0 0 1 8288 22540 
0 0 0 0 0 0 0 1 8298 22531 
0 0 0 0 0 0 0 1 8308 22522 
0 0 0 0 0 0 0 1 8318 22513 
0 0 0 0 0 0 0 1 8328 22504 
0 0 0 0 0 0 0 1 8338 22495 
0 0 0 0 0 0 0 1 8348 22486 
0 0 0 0 0 0 0 1 8358 22477 
0 0 0 0 0 0 0 1 8368 22468 
0 0 0 0 0 0 0 1 8378 22459 
0 0 0 0 0 0 0 1 8388 22450 
0 0 0 0 0 0 0 1 8398 22441 
0 0 0 0 0 0 0 1 8408 22432 
0 0 0 0 0 0 0 1 8418 22423 
0 0 0 0 0 0 0 1 8428 22414 
0 0 0 0 0 0 0 1 8438 22405 
0 0 0 0 0 0 0 1 8448 22396 
0 0 0 0 0 0 0 1 8458 22387 
0 0 0 0 0 0 0 1 8468 22378 
0 0 0 0 0 0 0 1 8478 22369 
0 0 0 0 0 0 0 1 8488 22360 
0 0 0 0 0 0 0 1 8498 22351 
0 0 0 0 0 0 0 1 8508 22342 
0 0 0 0 0 0 0 1 8518 22333 
0 0 0 0 0 0 0 1 8528 22324 
0 0 0 0 0 0 0 1 8538 22315 
0 0 0 0 0 0 0 1 8548 22306 
0 0 0 0 0 0 0 1 8558 22297 
0 0 0 0 0 0 0 1 8568 22288 
0 0 0 0 0 0 0 1 8578 22279 
0 0 0 0 0 0 0 1 8588 22270 
0 0 0 0 0 0 0 1 8598 22261 
0 0 0 0 0 0 0 1 8608 22252 
0 0 0 0 0 0 0 1 8618 22243 
0 0 0 0 0 0 0 1 8628 22234 
0 0 0 0 0 0 0 1 8638 22225 
0 0 0 0 0 0 0 1 8648 22216 
0 0 0 0 0 0 0 1 8658 22207 
0 0 0 0 0 0 0 1 8668 22198 
0 0 0 0 0 0 0 1 8678 22189 
0 0 0 0 0 0 0 1 8688 22180 
0 0 0 0 0 0 0 1 8698 22171 
0 0 0 0 0 0 0 1 8708 22162 
0 0 0 0 0 0 0 1 8718 22153 
0 0 0 0 0 0 0 1 8728 22144 
0 0 0 0 0 0 0 1 8738 22135 
0 0 0 0 0 0 0 1 8748 22126 
0 0 0 0 0 0 0 1 8758 22117 
0 0 0 0 0 0 0 1 8768 22108 
0 0 0 0 0 0 0 1 8778 22099 
0 0 0 0 0 0 0 1 8788 22090 
0 0 0 0 0 0 0 1 8798 22081 
0 0 0 0 0 0 0 1 8808 22072 
0 0 0 0 0 0 0 1 8818 22063 
0 0 0 0 0 0 0 1 8828 22054 
0 0 0 0 0 0 0 1 8838 22045 
0 0 0 0 0 0 0 1 8848 22036 
0 0 0 0 0 0 0 1 8858 22027 
0 0 0 0 0 0 0 1 8868 22018 
0 0 0 0 0 0 0 1 8878 22009 
0 0 0 0 0 0 0 1 8888 22000 
0 0 0 0 0 0 0 1 8898 21991 
0 0 0 0 0 0 0 1 8908 21982 
0 0 0 0 0 0 0 1 8918 21973 
0 0 0 0 0 0 0 1 8928 21964 
0 0 0 0 0 0 0 1 8938 21955 
0 0 0 0 0 0 0 1 8948 21946 
0 0 0 0 0 0 0 1 8958 21937 
0 0 0 0 0 0 0 1 8968 21928 
0 0 0 0 0 0 0 1 8978 21919 
0 0 0 0 0 0 0 1 8988 21910 
0 0 0 0 0 0 0 1 8998 21901 
0 0 0 0 0 0 0 1 9008 21892 
0 0 0 0 0 0 0 1 9018 21883 
0 0 0 0 0 0 0 1 9028 21874 
0 0 0 0 0 0 0 1 9038 21865 
0 0 0 0 0 0 0 1 9048 21856 
0 0 0 0 0 0 0 1 9058 21847 
0 0 0 0 0 0 0 1 9068 21838 
0 0 0 0 0 0 0 1 9078 21829 
0 0 0 0 0 0 0 1 9088 21820 
0 0 0 0 0 0 0 1 9098 21811 
0 0 0 0 0 0 0 1 9108 21802 
0 0 0 0 0 0 0 1 9118 21793 
0 0 0 0 0 0 0 1 9128 21784 
0 0 0 0 0 0 0 1 9138 21775 
0 0 0 0 0 0 0 1 9148 21766 
0 0 0 0 0 0 0 1 9158 21757 
0 0 0 0 0 0 0 1 9168 21748 
0 0 0 0 0 0 0 1 9178 21739 
0 0 0 0 0 0 0 1 9188 21730 
0 0 0 0 0 0 0 1 9198 21721 
0 0 0 0 0 0 0 1 9208 21712 
0 0 0 0 0 0 0 1 9218 21703 
0 0 0 0 0 0 0 1 9228 21694 
0 0 0 0 0 0 0 1 9238 21685 
0 0 0 0 0 0 0 1 9248 21676 
0 0 0 0 0 0 0 1 9258 21667 
0 0 0 0 0 0 0 1 9268 21658 
0 0 0 0 0 0 0 1 9278 21649 
0 0 0 0 0 0 0 1 9288 21640 
0 0 0 0 0 0 0 1 9298 21631 
0 0 0 0 0 0 0 1 9308 21622 
0 0 0 0 0 0 0 1 9318 21613 
0 0 0 0 0 0 0 1 9328 21604 
0 0 0 0 0 0 0 1 9338 21595 
0 0 0 0 0 0 0 1 9348 21586 
0 0 0 0 0 0 0 1 9358 21577 
0 0 0 0 0 0 0 1 9368 21568 
0 0 0 0 0 0 0 1 9378 21559 
0 0 0 0 0 0 0 1 9388 21550 
0 0 0 0 0 0 0 1 9398 21541 
0 0 0 0 0 0 0 1 9408 21532 
0 0 0 0 0 0 0 1 9418 21523 
0 0 0 0 0 0 0 1 9428 21514 
0 0 0 0 0 0 0 1 9438 21505 
0 0 0 0 0 0 0 1 9448 21496 
0 0 0 0 0 0 0 1 9458 21487 
0 0 0 0 0 0 0 1 9468 21478 
0 0 0 0 0 0 0 1 9478 21469 
0 0 0 0 0 0 0 1 9488 21460 
0 0 0 0 0 0 0 1 9498 21451 
0 0 0 0 0 0 0 1 9508 21442 
0 0 0 0 0 0 0 1 9518 21433 
0 0 0 0 0 0 0 1 9528 21424 
0 0 0 0 0 0 0 1 9538 21415 
0 0 0 0 0 0 0 1 9548 21406 
0 0 0 0 0 0 0 1 9558 21397 
0 0 0 0 0 0 0 1 9568 21388 
0 0 0 0 0 0 0 1 9578 21379 
0 0 0 0 0 0 0 1 9588 21370 
0 0 0 0 0 0 0 1 9598 21361 
0 0 0 0 0 0 0 1 9608 21352 
0 0 0 0 0 0 0 1 9618 21343 
0 0 0 0 0 0 0 1 9628 21334 
0 0 0 0 0 0 0 1 9638 21325 
0 0 0 0 0 0 0 1 9648 21316 
0 0 0 0 0 0 0 1 9658 21307 
0 0 0 0 0 0 0 1 9668 21298 
0 0 0 0 0 0 0 1 9678 21289 
0 0 0 0 0 0 0 1 9688 21280 
0 0 0 0 0 0 0 1 9698 21271 
0 0 0 0 0 0 0 1 9708 21262 
0 0 0 0 0 0 0 1 9718 21253 
0 0 0 0 0 0 0 1 9728 21244 
0 0 0 0 0 0 0 1 9738 21235 
0 0 0 0 0 0 0 1 9748 21226 
0 0 0 0 0 0 0 1 9758 21217 
0 0 0 0 0 0 0 1 9768 21208 
0 0 0 0 0 0 0 1 9778 21199 
0 0 0 0 0 0 0 1 9788 21190 
0 0 0 0 0 0 0 1 9798 21181 
0 0 0 0 0 0 0 1 9808 21172 
0 0 0 0 0 0 0 1 9818 21163 
0 0 0 0 0 0 0 1 9828 21154 
0 0 0 0 0 0 0 1 9838 21145 
0 0 0 0 0 0 0 1 9848 21136 
0 0 0 0 0 0 0 1 9858 21127 
0 0 0 0 0 0 0 1 9868 21118 
0 0 0 0 0 0 0 1 9878 21109 
0 0 0 0 0 0 0 1 9888 21100 
0 0 0 0 0 0 0 1 9898 21091 
0 0 0 0 0 0 0 1 9908 21082 
0 0 0 0 0 0 0 1 9918 21073 
0 0 0 0 0 0 0 1 9928 21064 
0 0 0 0 0 0 0 1 9938 21055 
0 0 0 0 0 0 0 1 9948 21046 
0 0 0 0 0 0 0 1 9958 21037 
0 0 0 0 0 0 0 1 9968 21028 
0 0 0 0 0 0 0 1 9978 21019 
0 0 0 0 0 0 0 1 9988 21010 
0 0 0 0 0 0 0 1 9998 21001 
0 0 0 0 0 0 0 1 10008 20992 
0 0 0 0 0 0 0 1 10018 20983 
0 0 0 0 0 0 0 1 10028 20974 
0 0 0 0 0 0 0 1 10038 20965 
0 0 0 0 0 0 0 1 10048 20956 
0 0 0 0 0 0 0 1 10058 20947 
0 0 0 0 0 0 0 1 10068 20938 
0 0 0 0 0 0 0 1 10078 20929 
0 0 0 0 0 0 0 1 10088 20920 
0 0 0 0 0 0 0 1 10098 20911 
0 0 0 0 0 0 0 1 10108 20902 
0 0 0 0 0 0 0 1 10118 20893 
0 0 0 0 0 0 0 1 10128 20884 
0 0 0 0 0 0 0 1 10138 20875 
0 0 0 0 0 0 0 1 10148 20866 
0 0 0 0 0 0 0 1 10158 20857 
0 0 0 0 0 0 0 1 10168 20848 
0 0 0 0 0 0 0 1 10178 20839 
0 0 0 0 0 0 0 1 10188 20830 
0 0 0 0 0 0 0 1 10198 20821 
0 0 0 0 0 0 0 1 10208 20812 
0 0 0 0 0 0 0 1 10218 20803 
0 0 0 0 0 0 0 1 10228 20794 
0 0 0 0 0 0 0 1 10238 20785 
0 0 0 0 0 0 0 1 10248 20776 
0 0 0 0 0 0 0 1 10258 20767 
0 0 0 0 0 0 0 1 10268 20758 
0 0 0 0 0 0 0 1 10278 20749 
0 0 0 0 0 0 0 1 10288 20740 
0 0 0 0 0 0 0 1 10298 20731 
0 0 0 0 0 0 0 1 10308 20722 
0 0 0 0 0 0 0 1 10318 20713 
0 0 0 0 0 0 0 1 10328 20704 
0 0 0 0 0 0 0 1 10338 20695 
0 0 0 0 0 0 0 1 10348 20686 
0 0 0 0 0 0 0 1 10358 20677 
0 0 0 0 0 0 0 1 10368 20668 
0 0 0 0 0 0 0 1 10378 20659 
0 0 0 0 0 0 0 1 10388 20650 
0 0 0 0 0 0 0 1 10398 20641 
0 0 0 0 0 0 0 1 10408 20632 
0 0 0 0 0 0 0 1 10418 20623 
0 0 0 0 0 0 0 1 10428 20614 
0 0 0 0 0 0 0 1 10438 20605 
0 0 0 0 0 0 0 1 10448 20596 
0 0 0 0 0 0 0 1 10458 20587 
0 0 0 0 0 0 0 1 10468 20578 
0 0 0 0 0 0 0 1 10478 20569 
0 0 0 0 0 0 0 1 10488 20560 
0 0 0 0 0 0 0 1 10498 20551 
0 0 0 0 0 0 0 1 10508 20542 
0 0 0 0 0 0 0 1 10518 20533 
0 0 0 0 0 0 0 1 10528 20524 
0 0 0 0 0 0 0 1 10538 20515 
0 0 0 0 0 0 0 1 10548 20506 
0 0 0 0 0 0 0 1 10558 20497 
0 0 0 0 0 0 0 1 10568 20488 
0 0 0 0 0 0 0 1 10578 20479 
0 0 0 0 0 0 0 1 10588 20470 
0 0 0 0 0 0 0 1 10598 20461 
0 0 0 0 0 0 0 1 10608 20452 
0 0 0 0 0 0 0 1 10618 20443 
0 0 0 0 0 0 0 1 10628 20434 
0 0 0 0 0 0 0 1 10638 20425 
0 0 0 0 0 0 0 1 10648 20416 
0 0 0 0 0 0 0 1 10658 20407 
0 0 0 0 0 0 0 1 10668 20398 
0 0 0 0 0 0 0 1 10678 20389 
0 0 0 0 0 0 0 1 10688 20380 
0 0 0 0 0 0 0 1 10698 20371 
0 0 0 0 0 0 0 1 10708 20362 
0 0 0 0 0 0 0 1 10718 20353 
0 0 0 0 0 0 0 1 10728 20344 
0 0 0 0 0 0 0 1 10738 20335 
0 0 0 0 0 0 0 1 10748 20326 
0 0 0 0 0 0 0 1 10758 20317 
0 0 0 0 0 0 0 1 10768 20308 
0 0 0 0 0 0 0 1 10778 20299 
0 0 0 0 0 0 0 1 10788 20290 
0 0 0 0 0 0 0 1 10798 20281 
0 0 0 0 0 0 0 1 10808 20272 
0 0 0 0 0 0 0 1 10818 20263 
0 0 0 0 0 0 0 1 10828 20254 
0 0 0 0 0 0 0 1 10838 20245 
0 0 0 0 0 0 0 1 10848 20236 
0 0 0 0 0 0 0 1 10858 20227 
0 0 0 0 0 0 0 1 10868 20218 
0 0 0 0 0 0 0 1 10878 20209 
0 0 0 0 0 0 0 1 10888 20200 
0 0 0 0 0 0 0 1 10898 20191 
0 0 0 0 0 0 0 1 10908 20182 
0 0 0 0 0 0 0 1 10918 20173 
0 0 0 0 0 0 0 1 10928 20164 
0 0 0 0 0 0 0 1 10938 20155 
0 0 0 0 0 0 0 1 10948 20146 
0 0 0 0 0 0 0 1 10958 20137 
0 0 0 0 0 0 0 1 10968 20128 
0 0 0 0 0 0 0 1 10978 20119 
0 0 0 0 0 0 0 1 10988 20110 
0 0 0 0 0 0 0 1 10998 20101 
0 0 0 0 0 0 0 1 11008 20092 
0 0 0 0 0 0 0 1 11018 20083 
0 0 0 0 0 0 0 1 11028 20074 
0 0 0 0 0 0 0 1 11038 20065 
0 0 0 0 0 0 0 1 11048 20056 
0 0 0 0 0 0 0 1 11058 20047 
0 0 0 0 0 0 0 1 11068 20038 
0 0 0 0 0 0 0 1 11078 20029 
0 0 0 0 0 0 0 1 11088 20020 
0 0 0 0 0 0 0 1 11098 20011 
0 0 0 0 0 0 0 1 11108 20002 
0 0 0 0 0 0 0 1 11118 19993 
0 0 0 0 0 0 0 1 11128 19984 
0 0 0 0 0 0 0 1 11138 19975 
0 0 0 0 0 0 0 1 11148 19966 
0 0 0 0 0 0 0 1 11158 19957 
0 0 0 0 0 0 0 1 11168 19948 
0 0 0 0 0 0 0 1 11178 19939 
0 0 0 0 0 0 0 1 11188 19930 
0 0 0 0 0 0 0 1 11198 19921 
0 0 0 0 0 0 0 1 11208 19912 
0 0 0 0 0 0 0 1 11218 19903 
0 0 0 0 0 0 0 1 11228 19894 
0 0 0 0 0 0 0 1 11238 19885 
0 0 0 0 0 0 0 1 11248 19876 
0 0 0 0 0 0 0 1 11258 19867 
0 0 0 0 0 0 0 1 11268 19858 
0 0 0 0 0 0 0 1 11278 19849 
0 0 0 0 0 0 0 1 11288 19840 
0 0 0 0 0 0 0 1 11298 19831 
0 0 0 0 0 0 0 1 11308 19822 
0 0 0 0 0 0 0 1 11318 19813 
0 0 0 0 0 0 0 1 11328 19804 
0 0 0 0 0 0 0 1 11338 19795 
0 0 0 0 0 0 0 1 11348 19786 
0 0 0 0 0 0 0 1 11358 19777 
0 0 0 0 0 0 0 1 11368 19768 
0 0 0 0 0 0 0 1 11378 19759 
0 0 0 0 0 0 0 1 11388 19750 
0 0 0 0 0 0 0 1 11398 19741 
0 0 0 0 0 0 0 1 11408 19732 
0 0 0 0 0 0 0 1 11418 19723 
0 0 0 0 0 0 0 1 11428 19714 
0 0 0 0 0 0 0 1 11438 19705 
0 0 0 0 0 0 0 1 11448 19696 
0 0 0 0 0 0 0 1 11458 19687 
0 0 0 0 0 0 0 1 11468 19678 
0 0 0 0 0 0 0 1 11478 19669 
0 0 0 0 0 0 0 1 11488 19660 
0 0 0 0 0 0 0 1 11498 19651 
0 0 0 0 0 0 0 1 11508 19642 
0 0 0 0 0 0 0 1 11518 19633 
0 0 0 0 0 0 0 1 11528 19624 
0 0 0 0 0 0 0 1 11538 19615 
0 0 0 0 0 0 0 1 11548 19606 
0 0 0 0 0 0 0 1 11558 19597 
0 0 0 0 0 0 0 1 11568 19588 
0 0 0 0 0 0 0 1 11578 19579 
0 0 0 0 0 0 0 1 11588 19570 
0 0 0 0 0 0 0 1 11598 19561 
0 0 0 0 0 0 0 1 11608 19552 
0 0 0 0 0 0 0 1 11618 19543 
0 0 0 0 0 0 0 1 11628 19534 
0 0 0 0 0 0 0 1 11638 19525 
0 0 0 0 0 0 0 1 11648 19516 
0 0 0 0 0 0 0 1 11658 19507 
0 0 0 0 0 0 0 1 11668 19498 
0 0 0 0 0 0 0 1 11678 19489 
0 0 0 0 0 0 0 1 11688 19480 
0 0 0 0 0 0 0 1 11698 19471 
0 0 0 0 0 0 0 1 11708 19462 
0 0 0 0 0 0 0 1 11718 19453 
0 0 0 0 0 0 0 1 11728 19444 
0 0 0 0 0 0 0 1 11738 19435 
0 0 0 0 0 0 0 1 11748 19426 
0 0 0 0 0 0 0 1 11758 19417 
0 0 0 0 0 0 0 1 11768 19408 
0 0 0 0 0 0 0 1 11778 19399 
0 0 0 0 0 0 0 1 11788 19390 
0 0 0 0 0 0 0 1 11798 19381 
0 0 0 0 0 0 0 1 11808 19372 
0 0 0 0 0 0 0 1 11818 19363 
0 0 0 0 0 0 0 1 11828 19354 
0 0 0 0 0 0 0 1 11838 19345 
0 0 0 0 0 0 0 1 11848 19336 
0 0 0 0 0 0 0 1 11858 19327 
0 0 0 0 0 0 0 1 11868 19318 
0 0 0 0 0 0 0 1 11878 19309 
0 0 0 0 0 0 0 1 11888 19300 
0 0 0 0 0 0 0 1 11898 19291 
0 0 0 0 0 0 0 1 11908 19282 
0 0 0 0 0 0 0 1 11918 19273 
0 0 0 0 0 0 0 1 11928 19264 
0 0 0 0 0 0 0 1 11938 19255 
0 0 0 0 0 0 0 1 11948 19246 
0 0 0 0 0 0 0 1 11958 19237 
0 0 0 0 0 0 0 1 11968 19228 
0 0 0 0 0 0 0 1 11978 19219 
0 0 0 0 0 0 0 1 11988 19210 
0 0 0 0 0 0 0 1 11998 19201 
0 0 0 0 0 0 0 1 12008 19192 
0 0 0 0 0 0 0 1 12018 19183 
0 0 0 0 0 0 0 1 12028 19174 
0 0 0 0 0 0 0 1 12038 19165 
0 0 0 0 0 0 0 1 12048 19156 
0 0 0 0 0 0 0 1 12058 19147 
0 0 0 0 0 0 0 1 12068 19138 
0 0 0 0 0 0 0 1 12078 19129 
0 0 0 0 0 0 0 1 12088 19120 
0 0 0 0 0 0 0 1 12098 19111 
0 0 0 0 0 0 0 1 12108 19102 
0 0 0 0 0 0 0 1 12118 19093 
0 0 0 0 0 0 0 1 12128 19084 
0 0 0 0 0 0 0 1 12138 19075 
0 0 0 0 0 0 0 1 12148 19066 
0 0 0 0 0 0 0 1 12158 19057 
0 0 0 0 0 0 0 1 12168 19048 
0 0 0 0 0 0 0 1 12178 19039 
0 0 0 0 0 0 0 1 12188 19030 
0 0 0 0 0 0 0 1 12198 19021 
0 0 0 0 0 0 0 1 12208 19012 
0 0 0 0 0 0 0 1 12218 19003 
0 0 0 0 0 0 0 1 12228 18994 
0 0 0 0 0 0 0 1 12238 18985 
0 0 0 0 0 0 0 1 12248 18976 
0 0 0 0 0 0 0 1 12258 18967 
0 0 0 0 0 0 0 1 12268 18958 
0 0 0 0 0 0 0 1 12278 18949 
0 0 0 0 0 0 0 1 12288 18940 
0 0 0 0 0 0 0 1 12298 18931 
0 0 0 0 0 0 0 1 12308 18922 
0 0 0 0 0 0 0 1 12318 18913 
0 0 0 0 0 0 0 1 12328 18904 
0 0 0 0 0 0 0 1 12338 18895 
0 0 0 0 0 0 0 1 12348 18886 
0 0 0 0 0 0 0 1 12358 18877 
0 0 0 0 0 0 0 1 12368 18868 
0 0 0 0 0 0 0 1 12378 18859 
0 0 0 0 0 0 0 1 12388 18850 
0 0 0 0 0 0 0 1 12398 18841 
0 0 0 0 0 0 0 1 12408 18832 
0 0 0 0 0 0 0 1 12418 18823 
0 0 0 0 0 0 0 1 12428 18814 
0 0 0 0 0 0 0 1 12438 18805 
0 0 0 0 0 0 0 1 12448 18796 
0 0 0 0 0 0 0 1 12458 18787 
0 0 0 0 0 0 0 1 12468 18778 
0 0 0 0 0 0 0 1 12478 18769 
0 0 0 0 0 0 0 1 12488 18760 
0 0 0 0 0 0 0 1 12498 18751 
0 0 0 0 0 0 0 1 12508 18742 
0 0 0 0 0 0 0 1 12518 18733 
0 0 0 0 0 0 0 1 12528 18724 
0 0 0 0 0 0 0 1 12538 18715 
0 0 0 0 0 0 0 1 12548 18706 
0 0 0 0 0 0 0 1 12558 18697 
0 0 0 0 0 0 0 1 12568 18688 
0 0 0 0 0 0 0 1 12578 18679 
0 0 0 0 0 0 0 1 12588 18670 
0 0 0 0 0 0 0 1 12598 18661 
0 0 0 0 0 0 0 1 12608 18652 
0 0 0 0 0 0 0 1 12618 18643 
0 0 0 0 0 0 0 1 12628 18634 
0 0 0 0 0 0 0 1 12638 18625 
0 0 0 0 0 0 0 1 12648 18616 
0 0 0 0 0 0 0 1 12658 18607 
0 0 0 0 0 0 0 1 12668 18598 
0 0 0 0 0 0 0 1 12678 18589 
0 0 0 0 0 0 0 1 12688 18580 
0 0 0 0 0 0 0 1 12698 18571 
0 0 0 0 0 0 0 1 12708 18562 
0 0 0 0 0 0 0 1 12718 18553 
0 0 0 0 0 0 0 1 12728 18544 
0 0 0 0 0 0 0 1 12738 18535 
0 0 0 0 0 0 0 1 12748 18526 
0 0 0 0 0 0 0 1 12758 18517 
0 0 0 0 0 0 0 1 12768 18508 
0 0 0 0 0 0 0 1 12778 18499 
0 0 0 0 0 0 0 1 12788 18490 
0 0 0 0 0 0 0 1 12798 18481 
0 0 0 0 0 0 0 1 12808 18472 
0 0 0 0 0 0 0 1 12818 18463 
0 0 0 0 0 0 0 1 12828 18454 
0 0 0 0 0 0 0 1 12838 18445 
0 0 0 0 0 0 0 1 12848 18436 
0 0 0 0 0 0 0 1 12858 18427 
0 0 0 0 0 0 0 1 12868 18418 
0 0 0 0 0 0 0 1 12878 18409 
0 0 0 0 0 0 0 1 12888 18400 
0 0 0 0 0 0 0 1 12898 18391 
0 0 0 0 0 0 0 1 12908 18382 
0 0 0 0 0 0 0 1 12918 18373 
0 0 0 0 0 0 0 1 12928 18364 
0 0 0 0 0 0 0 1 12938 18355 
0 0 0 0 0 0 0 1 12948 18346 
0 0 0 0 0 0 0 1 12958 18337 
0 0 0 0 0 0 0 1 12968 18328 
0 0 0 0 0 0 0 1 12978 18319 
0 0 0 0 0 0 0 1 12988 18310 
0 0 0 0 0 0 0 1 12998 18301 
0 0 0 0 0 0 0 1 13008 18292 
0 0 0 0 0 0 0 1 13018 18283 
0 0 0 0 0 0 0 1 13028 18274 
0 0 0 0 0 0 0 1 13038 18265 
0 0 0 0 0 0 0 1 13048 18256 
0 0 0 0 0 0 0 1 13058 18247 
0 0 0 0 0 0 0 1 13068 18238 
0 0 0 0 0 0 0 1 13078 18229 
0 0 0 0 0 0 0 1 13088 18220 
0 0 0 0 0 0 0 1 13098 18211 
0 0 0 0 0 0 0 1 13108 18202 
0 0 0 0 0 0 0 1 13118 18193 
0 0 0 0 0 0 0 1 13128 18184 
0 0 0 0 0 0 0 1 13138 18175 
0 0 0 0 0 0 0 1 13148 18166 
0 0 0 0 0 0 0 1 13158 18157 
0 0 0 0 0 0 0 1 13168 18148 
0 0 0 0 0 0 0 1 13178 18139 
0 0 0 0 0 0 0 1 13188 18130 
0 0 0 0 0 0 0 1 13198 18121 
0 0 0 0 0 0 0 1 13208 18112 
0 0 0 0 0 0 0 1 13218 18103 
0 0 0 0 0 0 0 1 13228 18094 
0 0 0 0 0 0 0 1 13238 18085 
0 0 0 0 0 0 0 1 13248 18076 
0 0 0 0 0 0 0 1 13258 18067 
0 0 0 0 0 0 0 1 13268 18058 
0 0 0 0 0 0 0 1 13278 18049 
0 0 0 0 0 0 0 1 13288 18040 
0 0 0 0 0 0 0 1 13298 18031 
0 0 0 0 0 0 0 1 13308 18022 
0 0 0 0 0 0 0 1 13318 18013 
0 0 0 0 0 0 0 1 13328 18004 
0 0 0 0 0 0 0 1 13338 17995 
0 0 0 0 0 0 0 1 13348 17986 
0 0 0 0 0 0 0 1 13358 17977 
0 0 0 0 0 0 0 1 13368 17968 
0 0 0 0 0 0 0 1 13378 17959 
0 0 0 0 0 0 0 1 13388 17950 
0 0 0 0 0 0 0 1 13398 17941 
0 0 0 0 0 0 0 1 13408 17932 
0 0 0 0 0 0 0 1 13418 17923 
0 0 0 0 0 0 0 1 13428 17914 
0 0 0 0 0 0 0 1 13438 17905 
0 0 0 0 0 0 0 1 13448 17896 
0 0 0 0 0 0 0 1 13458 17887 
0 0 0 0 0 0 0 1 13468 17878 
0 0 0 0 0 0 0 1 13478 17869 
0 0 0 0 0 0 0 1 13488 17860 
0 0 0 0 0 0 0 1 13498 17851 
0 0 0 0 0 0 0 1 13508 17842 
0 0 0 0 0 0 0 1 13518 17833 
0 0 0 0 0 0 0 1 13528 17824 
0 0 0 0 0 0 0 1 13538 17815 
0 0 0 0 0 0 0 1 13548 17806 
0 0 0 0 0 0 0 1 13558 17797 
0 0 0 0 0 0 0 1 13568 17788 
0 0 0 0 0 0 0 1 13578 17779 
0 0 0 0 0 0 0 1 13588 17770 
0 0 0 0 0 0 0 1 13598 17761 
0 0 0 0 0 0 0 1 13608 17752 
0 0 0 0 0 0 0 1 13618 17743 
0 0 0 0 0 0 0 1 13628 17734 
0 0 0 0 0 0 0 1 13638 17725 
0 0 0 0 0 0 0 1 13648 17716 
0 0 0 0 0 0 0 1 13658 17707 
0 0 0 0 0 0 0 1 13668 17698 
0 0 0 0 0 0 0 1 13678 17689 
0 0 0 0 0 0 0 1 13688 17680 
0 0 0 0 0 0 0 1 13698 17671 
0 0 0 0 0 0 0 1 13708 17662 
0 0 0 0 0 0 0 1 13718 17653 
0 0 0 0 0 0 0 1 13728 17644 
0 0 0 0 0 0 0 1 13738 17635 
0 0 0 0 0 0 0 1 13748 17626 
0 0 0 0 0 0 0 1 13758 17617 
0 0 0 0 0 0 0 1 13768 17608 
0 0 0 0 0 0 0 1 13778 17599 
0 0 0 0 0 0 0 1 13788 17590 
0 0 0 0 0 0 0 1 13798 17581 
0 0 0 0 0 0 0 1 13808 17572 
0 0 0 0 0 0 0 1 13818 17563 
0 0 0 0 0 0 0 1 13828 17554 
0 0 0 0 0 0 0 1 13838 17545 
0 0 0 0 0 0 0 1 13848 17536 
0 0 0 0 0 0 0 1 13858 17527 
0 0 0 0 0 0 0 1 13868 17518 
0 0 0 0 0 0 0 1 13878 17509 
0 0 0 0 0 0 0 1 13888 17500 
0 0 0 0 0 0 0 1 13898 17491 
0 0 0 0 0 0 0 1 13908 17482 
0 0 0 0 0 0 0 1 13918 17473 
0 0 0 0 0 0 0 1 13928 17464 
0 0 0 0 0 0 0 1 13938 17455 
0 0 0 0 0 0 0 1 13948 17446 
0 0 0 0 0 0 0 1 13958 17437 
0 0 0 0 0 0 0 1 13968 17428 
0 0 0 0 0 0 0 1 13978 17419 
0 0 0 0 0 0 0 1 13988 17410 
0 0 0 0 0 0 0 1 13998 17401 
0 0 0 0 0 0 0 1 14008 17392 
0 0 0 0 0 0 0 1 14018 17383 
0 0 0 0 0 0 0 1 14028 17374 
0 0 0 0 0 0 0 1 14038 17365 
0 0 0 0 0 0 0 1 14048 17356 
0 0 0 0 0 0 0 1 14058 17347 
0 0 0 0 0 0 0 1 14068 17338 
0 0 0 0 0 0 0 1 14078 17329 
0 0 0 0 0 0 0 1 14088 17320 
0 0 0 0 0 0 0 1 14098 17311 
0 0 0 0 0 0 0 1 14108 17302 
0 0 0 0 0 0 0 1 14118 17293 
0 0 0 0 0 0 0 1 14128 17284 
0 0 0 0 0 0 0 1 14138 17275 
0 0 0 0 0 0 0 1 14148 17266 
0 0 0 0 0 0 0 1 14158 17257 
0 0 0 0 0 0 0 1 14168 17248 
0 0 0 0 0 0 0 1 14178 17239 
0 0 0 0 0 0 0 1 14188 17230 
0 0 0 0 0 0 0 1 14198 17221 
0 0 0 0 0 0 0 1 14208 17212 
0 0 0 0 0 0 0 1 14218 17203 
0 0 0 0 0 0 0 1 14228 17194 
0 0 0 0 0 0 0 1 14238 17185 
0 0 0 0 0 0 0 1 14248 17176 
0 0 0 0 0 0 0 1 14258 17167 
0 0 0 0 0 0 0 1 14268 17158 
0 0 0 0 0 0 0 1 14278 17149 
0 0 0 0 0 0 0 1 14288 17140 
0 0 0 0 0 0 0 1 14298 17131 
0 0 0 0 0 0 0 1 14308 17122 
0 0 0 0 0 0 0 1 14318 17113 
0 0 0 0 0 0 0 1 14328 17104 
0 0 0 0 0 0 0 1 14338 17095 
0 0 0 0 0 0 0 1 14348 17086 
0 0 0 0 0 0 0 1 14358 17077 
0 0 0 0 0 0 0 1 14368 17068 
0 0 0 0 0 0 0 1 14378 17059 
0 0 0 0 0 0 0 1 14388 17050 
0 0 0 0 0 0 0 1 14398 17041 
0 0 0 0 0 0 0 1 14408 17032 
0 0 0 0 0 0 0 1 14418 17023 
0 0 0 0 0 0 0 1 14428 17014 
0 0 0 0 0 0 0 1 14438 17005 
0 0 0 0 0 0 0 1 14448 16996 
0 0 0 0 0 0 0 1 14458 16987 
0 0 0 0 0 0 0 1 14468 16978 
0 0 0 0 0 0 0 1 14478 16969 
0 0 0 0 0 0 0 1 14488 16960 
0 0 0 0 0 0 0 1 14498 16951 
0 0 0 0 0 0 0 1 14508 16942 
0 0 0 0 0 0 0 1 14518 16933 
0 0 0 0 0 0 0 1 14528 16924 
0 0 0 0 0 0 0 1 14538 16915 
0 0 0 0 0 0 0 1 14548 16906 
0 0 0 0 0 0 0 1 14558 16897 
0 0 0 0 0 0 0 1 14568 16888 
0 0 0 0 0 0 0 1 14578 16879 
0 0 0 0 0 0 0 1 14588 16870 
0 0 0 0 0 0 0 1 14598 16861 
0 0 0 0 0 0 0 1 14608 16852 
0 0 0 0 0 0 0 1 14618 16843 
0 0 0 0 0 0 0 1 14628 16834 
0 0 0 0 0 0 0 1 14638 16825 
0 0 0 0 0 0 0 1 14648 16816 
0 0 0 0 0 0 0 1 14658 16807 
0 0 0 0 0 0 0 1 14668 16798 
0 0 0 0 0 0 0 1 14678 16789 
0 0 0 0 0 0 0 1 14688 16780 
0 0 0 0 0 0 0 1 14698 16771 
0 0 0 0 0 0 0 1 14708 16762 
0 0 0 0 0 0 0 1 14718 16753 
0 0 0 0 0 0 0 1 14728 16744 
0 0 0 0 0 0 0 1 14738 16735 
0 0 0 0 0 0 0 1 14748 16726 
0 0 0 0 0 0 0 1 14758 16717 
0 0 0 0 0 0 0 1 14768 16708 
0 0 0 0 0 0 0 1 14778 16699 
0 0 0 0 0 0 0 1 14788 16690 
0 0 0 0 0 0 0 1 14798 16681 
0 0 0 0 0 0 0 1 14808 16672 
0 0 0 0 0 0 0 1 14818 16663 
0 0 0 0 0 0 0 1 14828 16654 
0 0 0 0 0 0 0 1 14838 16645 
0 0 0 0 0 0 0 1 14848 16636 
0 0 0 0 0 0 0 1 14858 16627 
0 0 0 0 0 0 0 1 14868 16618 
0 0 0 0 0 0 0 1 14878 16609 
0 0 0 0 0 0 0 1 14888 16600 
0 0 0 0 0 0 0 1 14898 16591 
0 0 0 0 0 0 0 1 14908 16582 
0 0 0 0 0 0 0 1 14918 16573 
0 0 0 0 0 0 0 1 14928 16564 
0 0 0 0 0 0 0 1 14938 16555 
0 0 0 0 0 0 0 1 14948 16546 
0 0 0 0 0 0 0 1 14958 16537 
0 0 0 0 0 0 0 1 14968 16528 
0 0 0 0 0 0 0 1 14978 16519 
0 0 0 0 0 0 0 1 14988 16510 
0 0 0 0 0 0 0 1 14998 16501 
0 0 0 0 0 0 0 1 15008 16492 
0 0 0 0 0 0 0 1 15018 16483 
0 0 0 0 0 0 0 1 15028 16474 
0 0 0 0 0 0 0 1 15038 16465 
0 0 0 0 0 0 0 1 15048 16456 
0 0 0 0 0 0 0 1 15058 16447 
0 0 0 0 0 0 0 1 15068 16438 
0 0 0 0 0 0 0 1 15078 16429 
0 0 0 0 0 0 0 1 15088 16420 
0 0 0 0 0 0 0 1 15098 16411 
0 0 0 0 0 0 0 1 15108 16402 
0 0 0 0 0 0 0 1 15118 16393 
0 0 0 0 0 0 0 1 15128 16384 
0 0 0 0 0 0 0 1 15138 16375 
0 0 0 0 0 0 0 1 15148 16366 
0 0 0 0 0 0 0 1 15158 16357 
0 0 0 0 0 0 0 1 15168 16348 
0 0 0 0 0 0 0 1 15178 16339 
0 0 0 0 0 0 0 1 15188 16330 
0 0 0 0 0 0 0 1 15198 16321 
0 0 0 0 0 0 0 1 15208 16312 
0 0 0 0 0 0 0 1 15218 16303 
0 0 0 0 0 0 0 1 15228 16294 
0 0 0 0 0 0 0 1 15238 16285 
0 0 0 0 0 0 0 1 15248 16276 
0 0 0 0 0 0 0 1 15258 16267 
0 0 0 0 0 0 0 1 15268 16258 
0 0 0 0 0 0 0 1 15278 16249 
0 0 0 0 0 0 0 1 15288 16240 
0 0 0 0 0 0 0 1 15298 16231 
0 0 0 0 0 0 0 1 15308 16222 
0 0 0 0 0 0 0 1 15318 16213 
0 0 0 0 0 0 0 1 15328 16204 
0 0 0 0 0 0 0 1 15338 16195 
0 0 0 0 0 0 0 1 15348 16186 
0 0 0 0 0 0 0 1 15358 16177 
0 0 0 0 0 0 0 1 15368 16168 
0 0 0 0 0 0 0 1 15378 16159 
0 0 0 0 0 0 0 1 15388 16150 
0 0 0 0 0 0 0 1 15398 16141 
0 0 0 0 0 0 0 1 15408 16132 
0 0 0 0 0 0 0 1 15418 16123 
0 0 0 0 0 0 0 1 15428 16114 
0 0 0 0 0 0 0 1 15438 16105 
0 0 0 0 0 0 0 1 15448 16096 
0 0 0 0 0 0 0 1 15458 16087 
0 0 0 0 0 0 0 1 15468 16078 
0 0 0 0 0 0 0 1 15478 16069 
0 0 0 0 0 0 0 1 15488 16060 
0 0 0 0 0 0 0 1 15498 16051 
0 0 0 0 0 0 0 1 15508 16042 
0 0 0 0 0 0 0 1 15518 16033 
0 0 0 0 0 0 0 1 15528 16024 
0 0 0 0 0 0 0 1 15538 16015 
0 0 0 0 0 0 0 1 15548 16006 
0 0 0 0 0 0 0 1 15558 15997 
0 0 0 0 0 0 0 1 15568 15988 
0 0 0 0 0 0 0 1 15578 15979 
0 0 0 0 0 0 0 1 15588 15970 
0 0 0 0 0 0 0 1 15598 15961 
0 0 0 0 0 0 0 1 15608 15952 
0 0 0 0 0 0 0 1 15618 15943 
0 0 0 0 0 0 0 1 15628 15934 
0 0 0 0 0 0 0 1 15638 15925 
0 0 0 0 0 0 0 1 15648 15916 
0 0 0 0 0 0 0 1 15658 15907 
0 0 0 0 0 0 0 1 15668 15898 
0 0 0 0 0 0 0 1 15678 15889 
0 0 0 0 0 0 0 1 15688 15880 
0 0 0 0 0 0 0 1 15698 15871 
0 0 0 0 0 0 0 1 15708 15862 
0 0 0 0 0 0 0 1 15718 15853 
0 0 0 0 0 0 0 1 15728 15844 
0 0 0 0 0 0 0 1 15738 15835 
0 0 0 0 0 0 0 1 15748 15826 
0 0 0 0 0 0 0 1 15758 15817 
0 0 0 0 0 0 0 1 15768 15808 
0 0 0 0 0 0 0 1 15778 15799 
0 0 0 0 0 0 0 1 15788 15790 
0 0 0 0 0 0 0 1 15798 15781 
0 0 0 0 0 0 0 1 15808 15772 
0 0 0 0 0 0 0 1 15818 15763 
0 0 0 0 0 0 0 1 15828 15754 
0 0 0 0 0 0 0 1 15838 15745 
0 0 0 0 0 0 0 1 15848 15736 
0 0 0 0 0 0 0 1 15858 15727 
0 0 0 0 0 0 0 1 15868 15718 
0 0 0 0 0 0 0 1 15878 15709 
0 0 0 0 0 0 0 1 15888 15700 
0 0 0 0 0 0 0 1 15898 15691 
0 0 0 0 0 0 0 1 15908 15682 
0 0 0 0 0 0 0 1 15918 15673 
0 0 0 0 0 0 0 1 15928 15664 
0 0 0 0 0 0 0 1 15938 15655 
0 0 0 0 0 0 0 1 15948 15646 
0 0 0 0 0 0 0 1 15958 15637 
0 0 0 0 0 0 0 1 15968 15628 
0 0 0 0 0 0 0 1 15978 15619 
0 0 0 0 0 0 0 1 15988 15610 
0 0 0 0 0 0 0 1 15998 15601 
0 0 0 0 0 0 0 1 16008 15592 
0 0 0 0 0 0 0 1 16018 15583 
0 0 0 0 0 0 0 1 16028 15574 
0 0 0 0 0 0 0 1 16038 15565 
0 0 0 0 0 0 0 1 16048 15556 
0 0 0 0 0 0 0 1 16058 15547 
0 0 0 0 0 0 0 1 16068 15538 
0 0 0 0 0 0 0 1 16078 15529 
0 0 0 0 0 0 0 1 16088 15520 
0 0 0 0 0 0 0 1 16098 15511 
0 0 0 0 0 0 0 1 16108 15502 
0 0 0 0 0 0 0 1 16118 15493 
0 0 0 0 0 0 0 1 16128 15484 
0 0 0 0 0 0 0 1 16138 15475 
0 0 0 0 0 0 0 1 16148 15466 
0 0 0 0 0 0 0 1 16158 15457 
0 0 0 0 0 0 0 1 16168 15448 
0 0 0 0 0 0 0 1 16178 15439 
0 0 0 0 0 0 0 1 16188 15430 
0 0 0 0 0 0 0 1 16198 15421 
0 0 0 0 0 0 0 1 16208 15412 
0 0 0 0 0 0 0 1 16218 15403 
0 0 0 0 0 0 0 1 16228 15394 
0 0 0 0 0 0 0 1 16238 15385 
0 0 0 0 0 0 0 1 16248 15376 
0 0 0 0 0 0 0 1 16258 15367 
0 0 0 0 0 0 0 1 16268 15358 
0 0 0 0 0 0 0 1 16278 15349 
0 0 0 0 0 0 0 1 16288 15340 
0 0 0 0 0 0 0 1 16298 15331 
0 0 0 0 0 0 0 1 16308 15322 
0 0 0 0 0 0 0 1 16318 15313 
0 0 0 0 0 0 0 1 16328 15304 
0 0 0 0 0 0 0 1 16338 15295 
0 0 0 0 0 0 0 1 16348 15286 
0 0 0 0 0 0 0 1 16358 15277 
0 0 0 0 0 0 0 1 16368 15268 
0 0 0 0 0 0 0 1 16378 15259 
0 0 0 0 0 0 0 1 16388 15250 
0 0 0 0 0 0 0 1 16398 15241 
0 0 0 0 0 0 0 1 16408 15232 
0 0 0 0 0 0 0 1 16418 15223 
0 0 0 0 0 0 0 1 16428 15214 
0 0 0 0 0 0 0 1 16438 15205 
0 0 0 0 0 0 0 1 16448 15196 
0 0 0 0 0 0 0 1 16458 15187 
0 0 0 0 0 0 0 1 16468 15178 
0 0 0 0 0 0 0 1 16478 15169 
0 0 0 0 0 0 0 1 16488 15160 
0 0 0 0 0 0 0 1 16498 15151 
0 0 0 0 0 0 0 1 16508 15142 
0 0 0 0 0 0 0 1 16518 15133 
0 0 0 0 0 0 0 1 16528 15124 
0 0 0 0 0 0 0 1 16538 15115 
0 0 0 0 0 0 0 1 16548 15106 
0 0 0 0 0 0 0 1 16558 15097 
0 0 0 0 0 0 0 1 16568 15088 
0 0 0 0 0 0 0 1 16578 15079 
0 0 0 0 0 0 0 1 16588 15070 
0 0 0 0 0 0 0 1 16598 15061 
0 0 0 0 0 0 0 1 16608 15052 
0 0 0 0 0 0 0 1 16618 15043 
0 0 0 0 0 0 0 1 16628 15034 
0 0 0 0 0 0 0 1 16638 15025 
0 0 0 0 0 0 0 1 16648 15016 
0 0 0 0 0 0 0 1 16658 15007 
0 0 0 0 0 0 0 1 16668 14998 
0 0 0 0 0 0 0 1 16678 14989 
0 0 0 0 0 0 0 1 16688 14980 
0 0 0 0 0 0 0 1 16698 14971 
0 0 0 0 0 0 0 1 16708 14962 
0 0 0 0 0 0 0 1 16718 14953 
0 0 0 0 0 0 0 1 16728 14944 
0 0 0 0 0 0 0 1 16738 14935 
0 0 0 0 0 0 0 1 16748 14926 
0 0 0 0 0 0 0 1 16758 14917 
0 0 0 0 0 0 0 1 16768 14908 
0 0 0 0 0 0 0 1 16778 14899 
0 0 0 0 0 0 0 1 16788 14890 
0 0 0 0 0 0 0 1 16798 14881 
0 0 0 0 0 0 0 1 16808 14872 
0 0 0 0 0 0 0 1 16818 14863 
0 0 0 0 0 0 0 1 16828 14854 
0 0 0 0 0 0 0 1 16838 14845 
0 0 0 0 0 0 0 1 16848 14836 
0 0 0 0 0 0 0 1 16858 14827 
0 0 0 0 0 0 0 1 16868 14818 
0 0 0 0 0 0 0 1 16878 14809 
0 0 0 0 0 0 0 1 16888 14800 
0 0 0 0 0 0 0 1 16898 14791 
0 0 0 0 0 0 0 1 16908 14782 
0 0 0 0 0 0 0 1 16918 14773 
0 0 0 0 0 0 0 1 16928 14764 
0 0 0 0 0 0 0 1 16938 14755 
0 0 0 0 0 0 0 1 16948 14746 
0 0 0 0 0 0 0 1 16958 14737 
0 0 0 0 0 0 0 1 16968 14728 
0 0 0 0 0 0 0 1 16978 14719 
0 0 0 0 0 0 0 1 16988 14710 
0 0 0 0 0 0 0 1 16998 14701 
0 0 0 0 0 0 0 1 17008 14692 
0 0 0 0 0 0 0 1 17018 14683 
0 0 0 0 0 0 0 1 17028 14674 
0 0 0 0 0 0 0 1 17038 14665 
0 0 0 0 0 0 0 1 17048 14656 
0 0 0 0 0 0 0 1 17058 14647 
0 0 0 0 0 0 0 1 17068 14638 
0 0 0 0 0 0 0 1 17078 14629 
0 0 0 0 0 0 0 1 17088 14620 
0 0 0 0 0 0 0 1 17098 14611 
0 0 0 0 0 0 0 1 17108 14602 
0 0 0 0 0 0 0 1 17118 14593 
0 0 0 0 0 0 0 1 17128 14584 
0 0 0 0 0 0 0 1 17138 14575 
0 0 0 0 0 0 0 1 17148 14566 
0 0 0 0 0 0 0 1 17158 14557 
0 0 0 0 0 0 0 1 17168 14548 
0 0 0 0 0 0 0 1 17178 14539 
0 0 0 0 0 0 0 1 17188 14530 
0 0 0 0 0 0 0 1 17198 14521 
0 0 0 0 0 0 0 1 17208 14512 
0 0 0 0 0 0 0 1 17218 14503 
0 0 0 0 0 0 0 1 17228 14494 
0 0 0 0 0 0 0 1 17238 14485 
0 0 0 0 0 0 0 1 17248 14476 
0 0 0 0 0 0 0 1 17258 14467 
0 0 0 0 0 0 0 1 17268 14458 
0 0 0 0 0 0 0 1 17278 14449 
0 0 0 0 0 0 0 1 17288 14440 
0 0 0 0 0 0 0 1 17298 14431 
0 0 0 0 0 0 0 1 17308 14422 
0 0 0 0 0 0 0 1 17318 14413 
0 0 0 0 0 0 0 1 17328 14404 
0 0 0 0 0 0 0 1 17338 14395 
0 0 0 0 0 0 0 1 17348 14386 
0 0 0 0 0 0 0 1 17358 14377 
0 0 0 0 0 0 0 1 17368 14368 
0 0 0 0 0 0 0 1 17378 14359 
0 0 0 0 0 0 0 1 17388 14350 
0 0 0 0 0 0 0 1 17398 14341 
0 0 0 0 0 0 0 1 17408 14332 
0 0 0 0 0 0 0 1 17418 14323 
0 0 0 0 0 0 0 1 17428 14314 
0 0 0 0 0 0 0 1 17438 14305 
0 0 0 0 0 0 0 1 17448 14296 
0 0 0 0 0 0 0 1 17458 14287 
0 0 0 0 0 0 0 1 17468 14278 
0 0 0 0 0 0 0 1 17478 14269 
0 0 0 0 0 0 0 1 17488 14260 
0 0 0 0 0 0 0 1 17498 14251 
0 0 0 0 0 0 0 1 17508 14242 
0 0 0 0 0 0 0 1 17518 14233 
0 0 0 0 0 0 0 1 17528 14224 
0 0 0 0 0 0 0 1 17538 14215 
0 0 0 0 0 0 0 1 17548 14206 
0 0 0 0 0 0 0 1 17558 14197 
0 0 0 0 0 0 0 1 17568 14188 
0 0 0 0 0 0 0 1 17578 14179 
0 0 0 0 0 0 0 1 17588 14170 
0 0 0 0 0 0 0 1 17598 14161 
0 0 0 0 0 0 0 1 17608 14152 
0 0 0 0 0 0 0 1 17618 14143 
0 0 0 0 0 0 0 1 17628 14134 
0 0 0 0 0 0 0 1 17638 14125 
0 0 0 0 0 0 0 1 17648 14116 
0 0 0 0 0 0 0 1 17658 14107 
0 0 0 0 0 0 0 1 17668 14098 
0 0 0 0 0 0 0 1 17678 14089 
0 0 0 0 0 0 0 1 17688 14080 
0 0 0 0 0 0 0 1 17698 14071 
0 0 0 0 0 0 0 1 17708 14062 
0 0 0 0 0 0 0 1 17718 14053 
0 0 0 0 0 0 0 1 17728 14044 
0 0 0 0 0 0 0 1 17738 14035 
0 0 0 0 0 0 0 1 17748 14026 
0 0 0 0 0 0 0 1 17758 14017 
0 0 0 0 0 0 0 1 17768 14008 
0 0 0 0 0 0 0 1 17778 13999 
0 0 0 0 0 0 0 1 17788 13990 
0 0 0 0 0 0 0 1 17798 13981 
0 0 0 0 0 0 0 1 17808 13972 
0 0 0 0 0 0 0 1 17818 13963 
0 0 0 0 0 0 0 1 17828 13954 
0 0 0 0 0 0 0 1 17838 13945 
0 0 0 0 0 0 0 1 17848 13936 
0 0 0 0 0 0 0 1 17858 13927 
0 0 0 0 0 0 0 1 17868 13918 
0 0 0 0 0 0 0 1 17878 13909 
0 0 0 0 0 0 0 1 17888 13900 
0 0 0 0 0 0 0 1 17898 13891 
0 0 0 0 0 0 0 1 17908 13882 
0 0 0 0 0 0 0 1 17918 13873 
0 0 0 0 0 0 0 1 17928 13864 
0 0 0 0 0 0 0 1 17938 13855 
0 0 0 0 0 0 0 1 17948 13846 
0 0 0 0 0 0 0 1 17958 13837 
0 0 0 0 0 0 0 1 17968 13828 
0 0 0 0 0 0 0 1 17978 13819 
0 0 0 0 0 0 0 1 17988 13810 
0 0 0 0 0 0 0 1 17998 13801 
0 0 0 0 0 0 0 1 18008 13792 
0 0 0 0 0 0 0 1 18018 13783 
0 0 0 0 0 0 0 1 18028 13774 
0 0 0 0 0 0 0 1 18038 13765 
0 0 0 0 0 0 0 1 18048 13756 
0 0 0 0 0 0 0 1 18058 13747 
0 0 0 0 0 0 0 1 18068 13738 
0 0 0 0 0 0 0 1 18078 13729 
0 0 0 0 0 0 0 1 18088 13720 
0 0 0 0 0 0 0 1 18098 13711 
0 0 0 0 0 0 0 1 18108 13702 
0 0 0 0 0 0 0 1 18118 13693 
0 0 0 0 0 0 0 1 18128 13684 
0 0 0 0 0 0 0 1 18138 13675 
0 0 0 0 0 0 0 1 18148 13666 
0 0 0 0 0 0 0 1 18158 13657 
0 0 0 0 0 0 0 1 18168 13648 
0 0 0 0 0 0 0 1 18178 13639 
0 0 0 0 0 0 0 1 18188 13630 
0 0 0 0 0 0 0 1 18198 13621 
0 0 0 0 0 0 0 1 18208 13612 
0 0 0 0 0 0 0 1 18218 13603 
0 0 0 0 0 0 0 1 18228 13594 
0 0 0 0 0 0 0 1 18238 13585 
0 0 0 0 0 0 0 1 18248 13576 
0 0 0 0 0 0 0 1 18258 13567 
0 0 0 0 0 0 0 1 18268 13558 
0 0 0 0 0 0 0 1 18278 13549 
0 0 0 0 0 0 0 1 18288 13540 
0 0 0 0 0 0 0 1 18298 13531 
0 0 0 0 0 0 0 1 18308 13522 
0 0 0 0 0 0 0 1 18318 13513 
0 0 0 0 0 0 0 1 18328 13504 
0 0 0 0 0 0 0 1 18338 13495 
0 0 0 0 0 0 0 1 18348 13486 
0 0 0 0 0 0 0 1 18358 13477 
0 0 0 0 0 0 0 1 18368 13468 
0 0 0 0 0 0 0 1 18378 13459 
0 0 0 0 0 0 0 1 18388 13450 
0 0 0 0 0 0 0 1 18398 13441 
0 0 0 0 0 0 0 1 18408 13432 
0 0 0 0 0 0 0 1 18418 13423 
0 0 0 0 0 0 0 1 18428 13414 
0 0 0 0 0 0 0 1 18438 13405 
0 0 0 0 0 0 0 1 18448 13396 
0 0 0 0 0 0 0 1 18458 13387 
0 0 0 0 0 0 0 1 18468 13378 
0 0 0 0 0 0 0 1 18478 13369 
0 0 0 0 0 0 0 1 18488 13360 
0 0 0 0 0 0 0 1 18498 13351 
0 0 0 0 0 0 0 1 18508 13342 
0 0 0 0 0 0 0 1 18518 13333 
0 0 0 0 0 0 0 1 18528 13324 
0 0 0 0 0 0 0 1 18538 13315 
0 0 0 0 0 0 0 1 18548 13306 
0 0 0 0 0 0 0 1 18558 13297 
0 0 0 0 0 0 0 1 18568 13288 
0 0 0 0 0 0 0 1 18578 13279 
0 0 0 0 0 0 0 1 18588 13270 
0 0 0 0 0 0 0 1 18598 13261 
0 0 0 0 0 0 0 1 18608 13252 
0 0 0 0 0 0 0 1 18618 13243 
0 0 0 0 0 0 0 1 18628 13234 
0 0 0 0 0 0 0 1 18638 13225 
0 0 0 0 0 0 0 1 18648 13216 
0 0 0 0 0 0 0 1 18658 13207 
0 0 0 0 0 0 0 1 18668 13198 
0 0 0 0 0 0 0 1 18678 13189 
0 0 0 0 0 0 0 1 18688 13180 
0 0 0 0 0 0 0 1 18698 13171 
0 0 0 0 0 0 0 1 18708 13162 
0 0 0 0 0 0 0 1 18718 13153 
0 0 0 0 0 0 0 1 18728 13144 
0 0 0 0 0 0 0 1 18738 13135 
0 0 0 0 0 0 0 1 18748 13126 
0 0 0 0 0 0 0 1 18758 13117 
0 0 0 0 0 0 0 1 18768 13108 
0 0 0 0 0 0 0 1 18778 13099 
0 0 0 0 0 0 0 1 18788 13090 
0 0 0 0 0 0 0 1 18798 13081 
0 0 0 0 0 0 0 1 18808 13072 
0 0 0 0 0 0 0 1 18818 13063 
0 0 0 0 0 0 0 1 18828 13054 
0 0 0 0 0 0 0 1 18838 13045 
0 0 0 0 0 0 0 1 18848 13036 
0 0 0 0 0 0 0 1 18858 13027 
0 0 0 0 0 0 0 1 18868 13018 
0 0 0 0 0 0 0 1 18878 13009 
0 0 0 0 0 0 0 1 18888 13000 
0 0 0 0 0 0 0 1 18898 12991 
0 0 0 0 0 0 0 1 18908 12982 
0 0 0 0 0 0 0 1 18918 12973 
0 0 0 0 0 0 0 1 18928 12964 
0 0 0 0 0 0 0 1 18938 12955 
0 0 0 0 0 0 0 1 18948 12946 
0 0 0 0 0 0 0 1 18958 12937 
0 0 0 0 0 0 0 1 18968 12928 
0 0 0 0 0 0 0 1 18978 12919 
0 0 0 0 0 0 0 1 18988 12910 
0 0 0 0 0 0 0 1 18998 12901 
0 0 0 0 0 0 0 1 19008 12892 
0 0 0 0 0 0 0 1 19018 12883 
0 0 0 0 0 0 0 1 19028 12874 
0 0 0 0 0 0 0 1 19038 12865 
0 0 0 0 0 0 0 1 19048 12856 
0 0 0 0 0 0 0 1 19058 12847 
0 0 0 0 0 0 0 1 19068 12838 
0 0 0 0 0 0 0 1 19078 12829 
0 0 0 0 0 0 0 1 19088 12820 
0 0 0 0 0 0 0 1 19098 12811 
0 0 0 0 0 0 0 1 19108 12802 
0 0 0 0 0 0 0 1 19118 12793 
0 0 0 0 0 0 0 1 19128 12784 
0 0 0 0 0 0 0 1 19138 12775 
0 0 0 0 0 0 0 1 19148 12766 
0 0 0 0 0 0 0 1 19158 12757 
0 0 0 0 0 0 0 1 19168 12748 
0 0 0 0 0 0 0 1 19178 12739 
0 0 0 0 0 0 0 1 19188 12730 
0 0 0 0 0 0 0 1 19198 12721 
0 0 0 0 0 0 0 1 19208 12712 
0 0 0 0 0 0 0 1 19218 12703 
0 0 0 0 0 0 0 1 19228 12694 
0 0 0 0 0 0 0 1 19238 12685 
0 0 0 0 0 0 0 1 19248 12676 
0 0 0 0 0 0 0 1 19258 12667 
0 0 0 0 0 0 0 1 19268 12658 
0 0 0 0 0 0 0 1 19278 12649 
0 0 0 0 0 0 0 1 19288 12640 
0 0 0 0 0 0 0 1 19298 12631 
0 0 0 0 0 0 0 1 19308 12622 
0 0 0 0 0 0 0 1 19318 12613 
0 0 0 0 0 0 0 1 19328 12604 
0 0 0 0 0 0 0 1 19338 12595 
0 0 0 0 0 0 0 1 19348 12586 
0 0 0 0 0 0 0 1 19358 12577 
0 0 0 0 0 0 0 1 19368 12568 
0 0 0 0 0 0 0 1 19378 12559 
0 0 0 0 0 0 0 1 19388 12550 
0 0 0 0 0 0 0 1 19398 12541 
0 0 0 0 0 0 0 1 19408 12532 
0 0 0 0 0 0 0 1 19418 12523 
0 0 0 0 0 0 0 1 19428 12514 
0 0 0 0 0 0 0 1 19438 12505 
0 0 0 0 0 0 0 1 19448 12496 
0 0 0 0 0 0 0 1 19458 12487 
0 0 0 0 0 0 0 1 19468 12478 
0 0 0 0 0 0 0 1 19478 12469 
0 0 0 0 0 0 0 1 19488 12460 
0 0 0 0 0 0 0 1 19498 12451 
0 0 0 0 0 0 0 1 19508 12442 
0 0 0 0 0 0 0 1 19518 12433 
0 0 0 0 0 0 0 1 19528 12424 
0 0 0 0 0 0 0 1 19538 12415 
0 0 0 0 0 0 0 1 19548 12406 
0 0 0 0 0 0 0 1 19558 12397 
0 0 0 0 0 0 0 1 19568 12388 
0 0 0 0 0 0 0 1 19578 12379 
0 0 0 0 0 0 0 1 19588 12370 
0 0 0 0 0 0 0 1 19598 12361 
0 0 0 0 0 0 0 1 19608 12352 
0 0 0 0 0 0 0 1 19618 12343 
0 0 0 0 0 0 0 1 19628 12334 
0 0 0 0 0 0 0 1 19638 12325 
0 0 0 0 0 0 0 1 19648 12316 
0 0 0 0 0 0 0 1 19658 12307 
0 0 0 0 0 0 0 1 19668 12298 
0 0 0 0 0 0 0 1 19678 12289 
0 0 0 0 0 0 0 1 19688 12280 
0 0 0 0 0 0 0 1 19698 12271 
0 0 0 0 0 0 0 1 19708 12262 
0 0 0 0 0 0 0 1 19718 12253 
0 0 0 0 0 0 0 1 19728 12244 
0 0 0 0 0 0 0 1 19738 12235 
0 0 0 0 0 0 0 1 19748 12226 
0 0 0 0 0 0 0 1 19758 12217 
0 0 0 0 0 0 0 1 19768 12208 
0 0 0 0 0 0 0 1 19778 12199 
0 0 0 0 0 0 0 1 19788 12190 
0 0 0 0 0 0 0 1 19798 12181 
0 0 0 0 0 0 0 1 19808 12172 
0 0 0 0 0 0 0 1 19818 12163 
0 0 0 0 0 0 0 1 19828 12154 
0 0 0 0 0 0 0 1 19838 12145 
0 0 0 0 0 0 0 1 19848 12136 
0 0 0 0 0 0 0 1 19858 12127 
0 0 0 0 0 0 0 1 19868 12118 
0 0 0 0 0 0 0 1 19878 12109 
0 0 0 0 0 0 0 1 19888 12100 
0 0 0 0 0 0 0 1 19898 12091 
0 0 0 0 0 0 0 1 19908 12082 
0 0 0 0 0 0 0 1 19918 12073 
0 0 0 0 0 0 0 1 19928 12064 
0 0 0 0 0 0 0 1 19938 12055 
0 0 0 0 0 0 0 1 19948 12046 
0 0 0 0 0 0 0 1 19958 12037 
0 0 0 0 0 0 0 1 19968 12028 
0 0 0 0 0 0 0 1 19978 12019 
0 0 0 0 0 0 0 1 19988 12010 
0 0 0 0 0 0 0 1 19998 12001 
0 0 0 0 0 0 0 1 20008 11992 
0 0 0 0 0 0 0 1 20018 11983 
0 0 0 0 0 0 0 1 20028 11974 
0 0 0 0 0 0 0 1 20038 11965 
0 0 0 0 0 0 0 1 20048 11956 
0 0 0 0 0 0 0 1 20058 11947 
0 0 0 0 0 0 0 1 20068 11938 
0 0 0 0 0 0 0 1 20078 11929 
0 0 0 0 0 0 0 1 20088 11920 
0 0 0 0 0 0 0 1 20098 11911 
0 0 0 0 0 0 0 1 20108 11902 
0 0 0 0 0 0 0 1 20118 11893 
0 0 0 0 0 0 0 1 20128 11884 
0 0 0 0 0 0 0 1 20138 11875 
0 0 0 0 0 0 0 1 20148 11866 
0 0 0 0 0 0 0 1 20158 11857 
0 0 0 0 0 0 0 1 20168 11848 
0 0 0 0 0 0 0 1 20178 11839 
0 0 0 0 0 0 0 1 20188 11830 
0 0 0 0 0 0 0 1 20198 11821 
0 0 0 0 0 0 0 1 20208 11812 
0 0 0 0 0 0 0 1 20218 11803 
0 0 0 0 0 0 0 1 20228 11794 
0 0 0 0 0 0 0 1 20238 11785 
0 0 0 0 0 0 0 1 20248 11776 
0 0 0 0 0 0 0 1 20258 11767 
0 0 0 0 0 0 0 1 20268 11758 
0 0 0 0 0 0 0 1 20278 11749 
0 0 0 0 0 0 0 1 20288 11740 
0 0 0 0 0 0 0 1 20298 11731 
0 0 0 0 0 0 0 1 20308 11722 
0 0 0 0 0 0 0 1 20318 11713 
0 0 0 0 0 0 0 1 20328 11704 
0 0 0 0 0 0 0 1 20338 11695 
0 0 0 0 0 0 0 1 20348 11686 
0 0 0 0 0 0 0 1 20358 11677 
0 0 0 0 0 0 0 1 20368 11668 
0 0 0 0 0 0 0 1 20378 11659 
0 0 0 0 0 0 0 1 20388 11650 
0 0 0 0 0 0 0 1 20398 11641 
0 0 0 0 0 0 0 1 20408 11632 
0 0 0 0 0 0 0 1 20418 11623 
0 0 0 0 0 0 0 1 20428 11614 
0 0 0 0 0 0 0 1 20438 11605 
0 0 0 0 0 0 0 1 20448 11596 
0 0 0 0 0 0 0 1 20458 11587 
0 0 0 0 0 0 0 1 20468 11578 
0 0 0 0 0 0 0 1 20478 11569 
0 0 0 0 0 0 0 1 20488 11560 
0 0 0 0 0 0 0 1 20498 11551 
0 0 0 0 0 0 0 1 20508 11542 
0 0 0 0 0 0 0 1 20518 11533 
0 0 0 0 0 0 0 1 20528 11524 
0 0 0 0 0 0 0 1 20538 11515 
0 0 0 0 0 0 0 1 20548 11506 
0 0 0 0 0 0 0 1 20558 11497 
0 0 0 0 0 0 0 1 20568 11488 
0 0 0 0 0 0 0 1 20578 11479 
0 0 0 0 0 0 0 1 20588 11470 
0 0 0 0 0 0 0 1 20598 11461 
0 0 0 0 0 0 0 1 20608 11452 
0 0 0 0 0 0 0 1 20618 11443 
0 0 0 0 0 0 0 1 20628 11434 
0 0 0 0 0 0 0 1 20638 11425 
0 0 0 0 0 0 0 1 20648 11416 
0 0 0 0 0 0 0 1 20658 11407 
0 0 0 0 0 0 0 1 20668 11398 
0 0 0 0 0 0 0 1 20678 11389 
0 0 0 0 0 0 0 1 20688 11380 
0 0 0 0 0 0 0 1 20698 11371 
0 0 0 0 0 0 0 1 20708 11362 
0 0 0 0 0 0 0 1 20718 11353 
0 0 0 0 0 0 0 1 20728 11344 
0 0 0 0 0 0 0 1 20738 11335 
0 0 0 0 0 0 0 1 20748 11326 
0 0 0 0 0 0 0 1 20758 11317 
0 0 0 0 0 0 0 1 20768 11308 
0 0 0 0 0 0 0 1 20778 11299 
0 0 0 0 0 0 0 1 20788 11290 
0 0 0 0 0 0 0 1 20798 11281 
0 0 0 0 0 0 0 1 20808 11272 
0 0 0 0 0 0 0 1 20818 11263 
0 0 0 0 0 0 0 1 20828 11254 
0 0 0 0 0 0 0 1 20838 11245 
0 0 0 0 0 0 0 1 20848 11236 
0 0 0 0 0 0 0 1 20858 11227 
0 0 0 0 0 0 0 1 20868 11218 
0 0 0 0 0 0 0 1 20878 11209 
0 0 0 0 0 0 0 1 20888 11200 
0 0 0 0 0 0 0 1 20898 11191 
0 0 0 0 0 0 0 1 20908 11182 
0 0 0 0 0 0 0 1 20918 11173 
0 0 0 0 0 0 0 1 20928 11164 
0 0 0 0 0 0 0 1 20938 11155 
0 0 0 0 0 0 0 1 20948 11146 
0 0 0 0 0 0 0 1 20958 11137 
0 0 0 0 0 0 0 1 20968 11128 
0 0 0 0 0 0 0 1 20978 11119 
0 0 0 0 0 0 0 1 20988 11110 
0 0 0 0 0 0 0 1 20998 11101 
0 0 0 0 0 0 0 1 21008 11092 
0 0 0 0 0 0 0 1 21018 11083 
0 0 0 0 0 0 0 1 21028 11074 
0 0 0 0 0 0 0 1 21038 11065 
0 0 0 0 0 0 0 1 21048 11056 
0 0 0 0 0 0 0 1 21058 11047 
0 0 0 0 0 0 0 1 21068 11038 
0 0 0 0 0 0 0 1 21078 11029 
0 0 0 0 0 0 0 1 21088 11020 
0 0 0 0 0 0 0 1 21098 11011 
0 0 0 0 0 0 0 1 21108 11002 
0 0 0 0 0 0 0 1 21118 10993 
0 0 0 0 0 0 0 1 21128 10984 
0 0 0 0 0 0 0 1 21138 10975 
0 0 0 0 0 0 0 1 21148 10966 
0 0 0 0 0 0 0 1 21158 10957 
0 0 0 0 0 0 0 1 21168 10948 
0 0 0 0 0 0 0 1 21178 10939 
0 0 0 0 0 0 0 1 21188 10930 
0 0 0 0 0 0 0 1 21198 10921 
0 0 0 0 0 0 0 1 21208 10912 
0 0 0 0 0 0 0 1 21218 10903 
0 0 0 0 0 0 0 1 21228 10894 
0 0 0 0 0 0 0 1 21238 10885 
0 0 0 0 0 0 0 1 21248 10876 
0 0 0 0 0 0 0 1 21258 10867 
0 0 0 0 0 0 0 1 21268 10858 
0 0 0 0 0 0 0 1 21278 10849 
0 0 0 0 0 0 0 1 21288 10840 
0 0 0 0 0 0 0 1 21298 10831 
0 0 0 0 0 0 0 1 21308 10822 
0 0 0 0 0 0 0 1 21318 10813 
0 0 0 0 0 0 0 1 21328 10804 
0 0 0 0 0 0 0 1 21338 10795 
0 0 0 0 0 0 0 1 21348 10786 
0 0 0 0 0 0 0 1 21358 10777 
0 0 0 0 0 0 0 1 21368 10768 
0 0 0 0 0 0 0 1 21378 10759 
0 0 0 0 0 0 0 1 21388 10750 
0 0 0 0 0 0 0 1 21398 10741 
0 0 0 0 0 0 0 1 21408 10732 
0 0 0 0 0 0 0 1 21418 10723 
0 0 0 0 0 0 0 1 21428 10714 
0 0 0 0 0 0 0 1 21438 10705 
0 0 0 0 0 0 0 1 21448 10696 
0 0 0 0 0 0 0 1 21458 10687 
0 0 0 0 0 0 0 1 21468 10678 
0 0 0 0 0 0 0 1 21478 10669 
0 0 0 0 0 0 0 1 21488 10660 
0 0 0 0 0 0 0 1 21498 10651 
0 0 0 0 0 0 0 1 21508 10642 
0 0 0 0 0 0 0 1 21518 10633 
0 0 0 0 0 0 0 1 21528 10624 
0 0 0 0 0 0 0 1 21538 10615 
0 0 0 0 0 0 0 1 21548 10606 
0 0 0 0 0 0 0 1 21558 10597 
0 0 0 0 0 0 0 1 21568 10588 
0 0 0 0 0 0 0 1 21578 10579 
0 0 0 0 0 0 0 1 21588 10570 
0 0 0 0 0 0 0 1 21598 10561 
0 0 0 0 0 0 0 1 21608 10552 
0 0 0 0 0 0 0 1 21618 10543 
0 0 0 0 0 0 0 1 21628 10534 
0 0 0 0 0 0 0 1 21638 10525 
0 0 0 0 0 0 0 1 21648 10516 
0 0 0 0 0 0 0 1 21658 10507 
0 0 0 0 0 0 0 1 21668 10498 
0 0 0 0 0 0 0 1 21678 10489 
0 0 0 0 0 0 0 1 21688 10480 
0 0 0 0 0 0 0 1 21698 10471 
0 0 0 0 0 0 0 1 21708 10462 
0 0 0 0 0 0 0 1 21718 10453 
0 0 0 0 0 0 0 1 21728 10444 
0 0 0 0 0 0 0 1 21738 10435 
0 0 0 0 0 0 0 1 21748 10426 
0 0 0 0 0 0 0 1 21758 10417 
0 0 0 0 0 0 0 1 21768 10408 
0 0 0 0 0 0 0 1 21778 10399 
0 0 0 0 0 0 0 1 21788 10390 
0 0 0 0 0 0 0 1 21798 10381 
0 0 0 0 0 0 0 1 21808 10372 
0 0 0 0 0 0 0 1 21818 10363 
0 0 0 0 0 0 0 1 21828 10354 
0 0 0 0 0 0 0 1 21838 10345 
0 0 0 0 0 0 0 1 21848 10336 
0 0 0 0 0 0 0 1 21858 10327 
0 0 0 0 0 0 0 1 21868 10318 
0 0 0 0 0 0 0 1 21878 10309 
0 0 0 0 0 0 0 1 21888 10300 
0 0 0 0 0 0 0 1 21898 10291 
0 0 0 0 0 0 0 1 21908 10282 
0 0 0 0 0 0 0 1 21918 10273 
0 0 0 0 0 0 0 1 21928 10264 
0 0 0 0 0 0 0 1 21938 10255 
0 0 0 0 0 0 0 1 21948 10246 
0 0 0 0 0 0 0 1 21958 10237 
0 0 0 0 0 0 0 1 21968 10228 
0 0 0 0 0 0 0 1 21978 10219 
0 0 0 0 0 0 0 1 21988 10210 
0 0 0 0 0 0 0 1 21998 10201 
0 0 0 0 0 0 0 1 22008 10192 
0 0 0 0 0 0 0 1 22018 10183 
0 0 0 0 0 0 0 1 22028 10174 
0 0 0 0 0 0 0 1 22038 10165 
0 0 0 0 0 0 0 1 22048 10156 
0 0 0 0 0 0 0 1 22058 10147 
0 0 0 0 0 0 0 1 22068 10138 
0 0 0 0 0 0 0 1 22078 10129 
0 0 0 0 0 0 0 1 22088 10120 
0 0 0 0 0 0 0 1 22098 10111 
0 0 0 0 0 0 0 1 22108 10102 
0 0 0 0 0 0 0 1 22118 10093 
0 0 0 0 0 0 0 1 22128 10084 
0 0 0 0 0 0 0 1 22138 10075 
0 0 0 0 0 0 0 1 22148 10066 
0 0 0 0 0 0 0 1 22158 10057 
0 0 0 0 0 0 0 1 22168 10048 
0 0 0 0 0 0 0 1 22178 10039 
0 0 0 0 0 0 0 1 22188 10030 
0 0 0 0 0 0 0 1 22198 10021 
0 0 0 0 0 0 0 1 22208 10012 
0 0 0 0 0 0 0 1 22218 10003 
0 0 0 0 0 0 0 1 22228 9994 
0 0 0 0 0 0 0 1 22238 9985 
0 0 0 0 0 0 0 1 22248 9976 
0 0 0 0 0 0 0 1 22258 9967 
0 0 0 0 0 0 0 1 22268 9958 
0 0 0 0 0 0 0 1 22278 9949 
0 0 0 0 0 0 0 1 22288 9940 
0 0 0 0 0 0 0 1 22298 9931 
0 0 0 0 0 0 0 1 22308 9922 
0 0 0 0 0 0 0 1 22318 9913 
0 0 0 0 0 0 0 1 22328 9904 
0 0 0 0 0 0 0 1 22338 9895 
0 0 0 0 0 0 0 1 22348 9886 
0 0 0 0 0 0 0 1 22358 9877 
0 0 0 0 0 0 0 1 22368 9868 
0 0 0 0 0 0 0 1 22378 9859 
0 0 0 0 0 0 0 1 22388 9850 
0 0 0 0 0 0 0 1 22398 9841 
0 0 0 0 0 0 0 1 22408 9832 
0 0 0 0 0 0 0 1 22418 9823 
0 0 0 0 0 0 0 1 22428 9814 
0 0 0 0 0 0 0 1 22438 9805 
0 0 0 0 0 0 0 1 22448 9796 
0 0 0 0 0 0 0 1 22458 9787 
0 0 0 0 0 0 0 1 22468 9778 
0 0 0 0 0 0 0 1 22478 9769 
0 0 0 0 0 0 0 1 22488 9760 
0 0 0 0 0 0 0 1 22498 9751 
0 0 0 0 0 0 0 1 22508 9742 
0 0 0 0 0 0 0 1 22518 9733 
0 0 0 0 0 0 0 1 22528 9724 
0 0 0 0 0 0 0 1 22538 9715 
0 0 0 0 0 0 0 1 22548 9706 
0 0 0 0 0 0 0 1 22558 9697 
0 0 0 0 0 0 0 1 22568 9688 
0 0 0 0 0 0 0 1 22578 9679 
0 0 0 0 0 0 0 1 22588 9670 
0 0 0 0 0 0 0 1 22598 9661 
0 0 0 0 0 0 0 1 22608 9652 
0 0 0 0 0 0 0 1 22618 9643 
0 0 0 0 0 0 0 1 22628 9634 
0 0 0 0 0 0 0 1 22638 9625 
0 0 0 0 0 0 0 1 22648 9616 
0 0 0 0 0 0 0 1 22658 9607 
0 0 0 0 0 0 0 1 22668 9598 
0 0 0 0 0 0 0 1 22678 9589 
0 0 0 0 0 0 0 1 22688 9580 
0 0 0 0 0 0 0 1 22698 9571 
0 0 0 0 0 0 0 1 22708 9562 
0 0 0 0 0 0 0 1 22718 9553 
0 0 0 0 0 0 0 1 22728 9544 
0 0 0 0 0 0 0 1 22738 9535 
0 0 0 0 0 0 0 1 22748 9526 
0 0 0 0 0 0 0 1 22758 9517 
0 0 0 0 0 0 0 1 22768 9508 
0 0 0 0 0 0 0 1 22778 9499 
0 0 0 0 0 0 0 1 22788 9490 
0 0 0 0 0 0 0 1 22798 9481 
0 0 0 0 0 0 0 1 22808 9472 
0 0 0 0 0 0 0 1 22818 9463 
0 0 0 0 0 0 0 1 22828 9454 
0 0 0 0 0 0 0 1 22838 9445 
0 0 0 0 0 0 0 1 22848 9436 
0 0 0 0 0 0 0 1 22858 9427 
0 0 0 0 0 0 0 1 22868 9418 
0 0 0 0 0 0 0 1 22878 9409 
0 0 0 0 0 0 0 1 22888 9400 
0 0 0 0 0 0 0 1 22898 9391 
0 0 0 0 0 0 0 1 22908 9382 
0 0 0 0 0 0 0 1 22918 9373 
0 0 0 0 0 0 0 1 22928 9364 
0 0 0 0 0 0 0 1 22938 9355 
0 0 0 0 0 0 0 1 22948 9346 
0 0 0 0 0 0 0 1 22958 9337 
0 0 0 0 0 0 0 1 22968 9328 
0 0 0 0 0 0 0 1 22978 9319 
0 0 0 0 0 0 0 1 22988 9310 
0 0 0 0 0 0 0 1 22998 9301 
0 0 0 0 0 0 0 1 23008 9292 
0 0 0 0 0 0 0 1 23018 9283 
0 0 0 0 0 0 0 1 23028 9274 
0 0 0 0 0 0 0 1 23038 9265 
0 0 0 0 0 0 0 1 23048 9256 
0 0 0 0 0 0 0 1 23058 9247 
0 0 0 0 0 0 0 1 23068 9238 
0 0 0 0 0 0 0 1 23078 9229 
0 0 0 0 0 0 0 1 23088 9220 
0 0 0 0 0 0 0 1 23098 9211 
0 0 0 0 0 0 0 1 23108 9202 
0 0 0 0 0 0 0 1 23118 9193 
0 0 0 0 0 0 0 1 23128 9184 
0 0 0 0 0 0 0 1 23138 9175 
0 0 0 0 0 0 0 1 23148 9166 
0 0 0 0 0 0 0 1 23158 9157 
0 0 0 0 0 0 0 1 23168 9148 
0 0 0 0 0 0 0 1 23178 9139 
0 0 0 0 0 0 0 1 23188 9130 
0 0 0 0 0 0 0 1 23198 9121 
0 0 0 0 0 0 0 1 23208 9112 
0 0 0 0 0 0 0 1 23218 9103 
0 0 0 0 0 0 0 1 23228 9094 
0 0 0 0 0 0 0 1 23238 9085 
0 0 0 0 0 0 0 1 23248 9076 
0 0 0 0 0 0 0 1 23258 9067 
0 0 0 0 0 0 0 1 23268 9058 
0 0 0 0 0 0 0 1 23278 9049 
0 0 0 0 0 0 0 1 23288 9040 
0 0 0 0 0 0 0 1 23298 9031 
0 0 0 0 0 0 0 1 23308 9022 
0 0 0 0 0 0 0 1 23318 9013 
0 0 0 0 0 0 0 1 23328 9004 
0 0 0 0 0 0 0 1 23338 8995 
0 0 0 0 0 0 0 1 23348 8986 
0 0 0 0 0 0 0 1 23358 8977 
0 0 0 0 0 0 0 1 23368 8968 
0 0 0 0 0 0 0 1 23378 8959 
0 0 0 0 0 0 0 1 23388 8950 
0 0 0 0 0 0 0 1 23398 8941 
0 0 0 0 0 0 0 1 23408 8932 
0 0 0 0 0 0 0 1 23418 8923 
0 0 0 0 0 0 0 1 23428 8914 
0 0 0 0 0 0 0 1 23438 8905 
0 0 0 0 0 0 0 1 23448 8896 
0 0 0 0 0 0 0 1 23458 8887 
0 0 0 0 0 0 0 1 23468 8878 
0 0 0 0 0 0 0 1 23478 8869 
0 0 0 0 0 0 0 1 23488 8860 
0 0 0 0 0 0 0 1 23498 8851 
0 0 0 0 0 0 0 1 23508 8842 
0 0 0 0 0 0 0 1 23518 8833 
0 0 0 0 0 0 0 1 23528 8824 
0 0 0 0 0 0 0 1 23538 8815 
0 0 0 0 0 0 0 1 23548 8806 
0 0 0 0 0 0 0 1 23558 8797 
0 0 0 0 0 0 0 1 23568 8788 
0 0 0 0 0 0 0 1 23578 8779 
0 0 0 0 0 0 0 1 23588 8770 
0 0 0 0 0 0 0 1 23598 8761 
0 0 0 0 0 0 0 1 23608 8752 
0 0 0 0 0 0 0 1 23618 8743 
0 0 0 0 0 0 0 1 23628 8734 
0 0 0 0 0 0 0 1 23638 8725 
0 0 0 0 0 0 0 1 23648 8716 
0 0 0 0 0 0 0 1 23658 8707 
0 0 0 0 0 0 0 1 23668 8698 
0 0 0 0 0 0 0 1 23678 8689 
0 0 0 0 0 0 0 1 23688 8680 
0 0 0 0 0 0 0 1 23698 8671 
0 0 0 0 0 0 0 1 23708 8662 
0 0 0 0 0 0 0 1 23718 8653 
0 0 0 0 0 0 0 1 23728 8644 
0 0 0 0 0 0 0 1 23738 8635 
0 0 0 0 0 0 0 1 23748 8626 
0 0 0 0 0 0 0 1 23758 8617 
0 0 0 0 0 0 0 1 23768 8608 
0 0 0 0 0 0 0 1 23778 8599 
0 0 0 0 0 0 0 1 23788 8590 
0 0 0 0 0 0 0 1 23798 8581 
0 0 0 0 0 0 0 1 23808 8572 
0 0 0 0 0 0 0 1 23818 8563 
0 0 0 0 0 0 0 1 23828 8554 
0 0 0 0 0 0 0 1 23838 8545 
0 0 0 0 0 0 0 1 23848 8536 
0 0 0 0 0 0 0 1 23858 8527 
0 0 0 0 0 0 0 1 23868 8518 
0 0 0 0 0 0 0 1 23878 8509 
0 0 0 0 0 0 0 1 23888 8500 
0 0 0 0 0 0 0 1 23898 8491 
0 0 0 0 0 0 0 1 23908 8482 
0 0 0 0 0 0 0 1 23918 8473 
0 0 0 0 0 0 0 1 23928 8464 
0 0 0 0 0 0 0 1 23938 8455 
0 0 0 0 0 0 0 1 23948 8446 
0 0 0 0 0 0 0 1 23958 8437 
0 0 0 0 0 0 0 1 23968 8428 
0 0 0 0 0 0 0 1 23978 8419 
0 0 0 0 0 0 0 1 23988 8410 
0 0 0 0 0 0 0 1 23998 8401 
0 0 0 0 0 0 0 1 24008 8392 
0 0 0 0 0 0 0 1 24018 8383 
0 0 0 0 0 0 0 1 24028 8374 
0 0 0 0 0 0 0 1 24038 8365 
0 0 0 0 0 0 0 1 24048 8356 
0 0 0 0 0 0 0 1 24058 8347 
0 0 0 0 0 0 0 1 24068 8338 
0 0 0 0 0 0 0 1 24078 8329 
0 0 0 0 0 0 0 1 24088 8320 
0 0 0 0 0 0 0 1 24098 8311 
0 0 0 0 0 0 0 1 24108 8302 
0 0 0 0 0 0 0 1 24118 8293 
0 0 0 0 0 0 0 1 24128 8284 
0 0 0 0 0 0 0 1 24138 8275 
0 0 0 0 0 0 0 1 24148 8266 
0 0 0 0 0 0 0 1 24158 8257 
0 0 0 0 0 0 0 1 24168 8248 
0 0 0 0 0 0 0 1 24178 8239 
0 0 0 0 0 0 0 1 24188 8230 
0 0 0 0 0 0 0 1 24198 8221 
0 0 0 0 0 0 0 1 24208 8212 
0 0 0 0 0 0 0 1 24218 8203 
0 0 0 0 0 0 0 1 24228 8194 
0 0 0 0 0 0 0 1 24238 8185 
0 0 0 0 0 0 0 1 24248 8176 
0 0 0 0 0 0 0 1 24258 8167 
0 0 0 0 0 0 0 1 24268 8158 
0 0 0 0 0 0 0 1 24278 8149 
0 0 0 0 0 0 0 1 24288 8140 
0 0 0 0 0 0 0 1 24298 8131 
0 0 0 0 0 0 0 1 24308 8122 
0 0 0 0 0 0 0 1 24318 8113 
0 0 0 0 0 0 0 1 24328 8104 
0 0 0 0 0 0 0 1 24338 8095 
0 0 0 0 0 0 0 1 24348 8086 
0 0 0 0 0 0 0 1 24358 8077 
0 0 0 0 0 0 0 1 24368 8068 
0 0 0 0 0 0 0 1 24378 8059 
0 0 0 0 0 0 0 1 24388 8050 
0 0 0 0 0 0 0 1 24398 8041 
0 0 0 0 0 0 0 1 24408 8032 
0 0 0 0 0 0 0 1 24418 8023 
0 0 0 0 0 0 0 1 24428 8014 
0 0 0 0 0 0 0 1 24438 8005 
0 0 0 0 0 0 0 1 24448 7996 
0 0 0 0 0 0 0 1 24458 7987 
0 0 0 0 0 0 0 1 24468 7978 
0 0 0 0 0 0 0 1 24478 7969 
0 0 0 0 0 0 0 1 24488 7960 
0 0 0 0 0 0 0 1 24498 7951 
0 0 0 0 0 0 0 1 24508 7942 
0 0 0 0 0 0 0 1 24518 7933 
0 0 0 0 0 0 0 1 24528 7924 
0 0 0 0 0 0 0 1 24538 7915 
0 0 0 0 0 0 0 1 24548 7906 
0 0 0 0 0 0 0 1 24558 7897 
0 0 0 0 0 0 0 1 24568 7888 
0 0 0 0 0 0 0 1 24578 7879 
0 0 0 0 0 0 0 1 24588 7870 
0 0 0 0 0 0 0 1 24598 7861 
0 0 0 0 0 0 0 1 24608 7852 
0 0 0 0 0 0 0 1 24618 7843 
0 0 0 0 0 0 0 1 24628 7834 
0 0 0 0 0 0 0 1 24638 7825 
0 0 0 0 0 0 0 1 24648 7816 
0 0 0 0 0 0 0 1 24658 7807 
0 0 0 0 0 0 0 1 24668 7798 
0 0 0 0 0 0 0 1 24678 7789 
0 0 0 0 0 0 0 1 24688 7780 
0 0 0 0 0 0 0 1 24698 7771 
0 0 0 0 0 0 0 1 24708 7762 
0 0 0 0 0 0 0 1 24718 7753 
0 0 0 0 0 0 0 1 24728 7744 
0 0 0 0 0 0 0 1 24738 7735 
0 0 0 0 0 0 0 1 24748 7726 
0 0 0 0 0 0 0 1 24758 7717 
0 0 0 0 0 0 0 1 24768 7708 
0 0 0 0 0 0 0 1 24778 7699 
0 0 0 0 0 0 0 1 24788 7690 
0 0 0 0 0 0 0 1 24798 7681 
0 0 0 0 0 0 0 1 24808 7672 
0 0 0 0 0 0 0 1 24818 7663 
0 0 0 0 0 0 0 1 24828 7654 
0 0 0 0 0 0 0 1 24838 7645 
0 0 0 0 0 0 0 1 24848 7636 
0 0 0 0 0 0 0 1 24858 7627 
0 0 0 0 0 0 0 1 24868 7618 
0 0 0 0 0 0 0 1 24878 7609 
0 0 0 0 0 0 0 1 24888 7600 
0 0 0 0 0 0 0 1 24898 7591 
0 0 0 0 0 0 0 1 24908 7582 
0 0 0 0 0 0 0 1 24918 7573 
0 0 0 0 0 0 0 1 24928 7564 
0 0 0 0 0 0 0 1 24938 7555 
0 0 0 0 0 0 0 1 24948 7546 
0 0 0 0 0 0 0 1 24958 7537 
0 0 0 0 0 0 0 1 24968 7528 
0 0 0 0 0 0 0 1 24978 7519 
0 0 0 0 0 0 0 1 24988 7510 
0 0 0 0 0 0 0 1 24998 7501 
0 0 0 0 0 0 0 1 25008 7492 
0 0 0 0 0 0 0 1 25018 7483 
0 0 0 0 0 0 0 1 25028 7474 
0 0 0 0 0 0 0 1 25038 7465 
0 0 0 0 0 0 0 1 25048 7456 
0 0 0 0 0 0 0 1 25058 7447 
0 0 0 0 0 0 0 1 25068 7438 
0 0 0 0 0 0 0 1 25078 7429 
0 0 0 0 0 0 0 1 25088 7420 
0 0 0 0 0 0 0 1 25098 7411 
0 0 0 0 0 0 0 1 25108 7402 
0 0 0 0 0 0 0 1 25118 7393 
0 0 0 0 0 0 0 1 25128 7384 
0 0 0 0 0 0 0 1 25138 7375 
0 0 0 0 0 0 0 1 25148 7366 
0 0 0 0 0 0 0 1 25158 7357 
0 0 0 0 0 0 0 1 25168 7348 
0 0 0 0 0 0 0 1 25178 7339 
0 0 0 0 0 0 0 1 25188 7330 
0 0 0 0 0 0 0 1 25198 7321 
0 0 0 0 0 0 0 1 25208 7312 
0 0 0 0 0 0 0 1 25218 7303 
0 0 0 0 0 0 0 1 25228 7294 
0 0 0 0 0 0 0 1 25238 7285 
0 0 0 0 0 0 0 1 25248 7276 
0 0 0 0 0 0 0 1 25258 7267 
0 0 0 0 0 0 0 1 25268 7258 
0 0 0 0 0 0 0 1 25278 7249 
0 0 0 0 0 0 0 1 25288 7240 
0 0 0 0 0 0 0 1 25298 7231 
0 0 0 0 0 0 0 1 25308 7222 
0 0 0 0 0 0 0 1 25318 7213 
0 0 0 0 0 0 0 1 25328 7204 
0 0 0 0 0 0 0 1 25338 7195 
0 0 0 0 0 0 0 1 25348 7186 
0 0 0 0 0 0 0 1 25358 7177 
0 0 0 0 0 0 0 1 25368 7168 
0 0 0 0 0 0 0 1 25378 7159 
0 0 0 0 0 0 0 1 25388 7150 
0 0 0 0 0 0 0 1 25398 7141 
0 0 0 0 0 0 0 1 25408 7132 
0 0 0 0 0 0 0 1 25418 7123 
0 0 0 0 0 0 0 1 25428 7114 
0 0 0 0 0 0 0 1 25438 7105 
0 0 0 0 0 0 0 1 25448 7096 
0 0 0 0 0 0 0 1 25458 7087 
0 0 0 0 0 0 0 1 25468 7078 
0 0 0 0 0 0 0 1 25478 7069 
0 0 0 0 0 0 0 1 25488 7060 
0 0 0 0 0 0 0 1 25498 7051 
0 0 0 0 0 0 0 1 25508 7042 
0 0 0 0 0 0 0 1 25518 7033 
0 0 0 0 0 0 0 1 25528 7024 
0 0 0 0 0 0 0 1 25538 7015 
0 0 0 0 0 0 0 1 25548 7006 
0 0 0 0 0 0 0 1 25558 6997 
0 0 0 0 0 0 0 1 25568 6988 
0 0 0 0 0 0 0 1 25578 6979 
0 0 0 0 0 0 0 1 25588 6970 
0 0 0 0 0 0 0 1 25598 6961 
0 0 0 0 0 0 0 1 25608 6952 
0 0 0 0 0 0 0 1 25618 6943 
0 0 0 0 0 0 0 1 25628 6934 
0 0 0 0 0 0 0 1 25638 6925 
0 0 0 0 0 0 0 1 25648 6916 
0 0 0 0 0 0 0 1 25658 6907 
0 0 0 0 0 0 0 1 25668 6898 
0 0 0 0 0 0 0 1 25678 6889 
0 0 0 0 0 0 0 1 25688 6880 
0 0 0 0 0 0 0 1 25698 6871 
0 0 0 0 0 0 0 1 25708 6862 
0 0 0 0 0 0 0 1 25718 6853 
0 0 0 0 0 0 0 1 25728 6844 
0 0 0 0 0 0 0 1 25738 6835 
0 0 0 0 0 0 0 1 25748 6826 
0 0 0 0 0 0 0 1 25758 6817 
0 0 0 0 0 0 0 1 25768 6808 
0 0 0 0 0 0 0 1 25778 6799 
0 0 0 0 0 0 0 1 25788 6790 
0 0 0 0 0 0 0 1 25798 6781 
0 0 0 0 0 0 0 1 25808 6772 
0 0 0 0 0 0 0 1 25818 6763 
0 0 0 0 0 0 0 1 25828 6754 
0 0 0 0 0 0 0 1 25838 6745 
0 0 0 0 0 0 0 1 25848 6736 
0 0 0 0 0 0 0 1 25858 6727 
0 0 0 0 0 0 0 1 25868 6718 
0 0 0 0 0 0 0 1 25878 6709 
0 0 0 0 0 0 0 1 25888 6700 
0 0 0 0 0 0 0 1 25898 6691 
0 0 0 0 0 0 0 1 25908 6682 
0 0 0 0 0 0 0 1 25918 6673 
0 0 0 0 0 0 0 1 25928 6664 
0 0 0 0 0 0 0 1 25938 6655 
0 0 0 0 0 0 0 1 25948 6646 
0 0 0 0 0 0 0 1 25958 6637 
0 0 0 0 0 0 0 1 25968 6628 
0 0 0 0 0 0 0 1 25978 6619 
0 0 0 0 0 0 0 1 25988 6610 
0 0 0 0 0 0 0 1 25998 6601 
0 0 0 0 0 0 0 1 26008 6592 
0 0 0 0 0 0 0 1 26018 6583 
0 0 0 0 0 0 0 1 26028 6574 
0 0 0 0 0 0 0 1 26038 6565 
0 0 0 0 0 0 0 1 26048 6556 
0 0 0 0 0 0 0 1 26058 6547 
0 0 0 0 0 0 0 1 26068 6538 
0 0 0 0 0 0 0 1 26078 6529 
0 0 0 0 0 0 0 1 26088 6520 
0 0 0 0 0 0 0 1 26098 6511 
0 0 0 0 0 0 0 1 26108 6502 
0 0 0 0 0 0 0 1 26118 6493 
0 0 0 0 0 0 0 1 26128 6484 
0 0 0 0 0 0 0 1 26138 6475 
0 0 0 0 0 0 0 1 26148 6466 
0 0 0 0 0 0 0 1 26158 6457 
0 0 0 0 0 0 0 1 26168 6448 
0 0 0 0 0 0 0 1 26178 6439 
0 0 0 0 0 0 0 1 26188 6430 
0 0 0 0 0 0 0 1 26198 6421 
0 0 0 0 0 0 0 1 26208 6412 
0 0 0 0 0 0 0 1 26218 6403 
0 0 0 0 0 0 0 1 26228 6394 
0 0 0 0 0 0 0 1 26238 6385 
0 0 0 0 0 0 0 1 26248 6376 
0 0 0 0 0 0 0 1 26258 6367 
0 0 0 0 0 0 0 1 26268 6358 
0 0 0 0 0 0 0 1 26278 6349 
0 0 0 0 0 0 0 1 26288 6340 
0 0 0 0 0 0 0 1 26298 6331 
0 0 0 0 0 0 0 1 26308 6322 
0 0 0 0 0 0 0 1 26318 6313 
0 0 0 0 0 0 0 1 26328 6304 
0 0 0 0 0 0 0 1 26338 6295 
0 0 0 0 0 0 0 1 26348 6286 
0 0 0 0 0 0 0 1 26358 6277 
0 0 0 0 0 0 0 1 26368 6268 
0 0 0 0 0 0 0 1 26378 6259 
0 0 0 0 0 0 0 1 26388 6250 
0 0 0 0 0 0 0 1 26398 6241 
0 0 0 0 0 0 0 1 26408 6232 
0 0 0 0 0 0 0 1 26418 6223 
0 0 0 0 0 0 0 1 26428 6214 
0 0 0 0 0 0 0 1 26438 6205 
0 0 0 0 0 0 0 1 26448 6196 
0 0 0 0 0 0 0 1 26458 6187 
0 0 0 0 0 0 0 1 26468 6178 
0 0 0 0 0 0 0 1 26478 6169 
0 0 0 0 0 0 0 1 26488 6160 
0 0 0 0 0 0 0 1 26498 6151 
0 0 0 0 0 0 0 1 26508 6142 
0 0 0 0 0 0 0 1 26518 6133 
0 0 0 0 0 0 0 1 26528 6124 
0 0 0 0 0 0 0 1 26538 6115 
0 0 0 0 0 0 0 1 26548 6106 
0 0 0 0 0 0 0 1 26558 6097 
0 0 0 0 0 0 0 1 26568 6088 
0 0 0 0 0 0 0 1 26578 6079 
0 0 0 0 0 0 0 1 26588 6070 
0 0 0 0 0 0 0 1 26598 6061 
0 0 0 0 0 0 0 1 26608 6052 
0 0 0 0 0 0 0 1 26618 6043 
0 0 0 0 0 0 0 1 26628 6034 
0 0 0 0 0 0 0 1 26638 6025 
0 0 0 0 0 0 0 1 26648 6016 
0 0 0 0 0 0 0 1 26658 6007 
0 0 0 0 0 0 0 1 26668 5998 
0 0 0 0 0 0 0 1 26678 5989 
0 0 0 0 0 0 0 1 26688 5980 
0 0 0 0 0 0 0 1 26698 5971 
0 0 0 0 0 0 0 1 26708 5962 
0 0 0 0 0 0 0 1 26718 5953 
0 0 0 0 0 0 0 1 26728 5944 
0 0 0 0 0 0 0 1 26738 5935 
0 0 0 0 0 0 0 1 26748 5926 
0 0 0 0 0 0 0 1 26758 5917 
0 0 0 0 0 0 0 1 26768 5908 
0 0 0 0 0 0 0 1 26778 5899 
0 0 0 0 0 0 0 1 26788 5890 
0 0 0 0 0 0 0 1 26798 5881 
0 0 0 0 0 0 0 1 26808 5872 
0 0 0 0 0 0 0 1 26818 5863 
0 0 0 0 0 0 0 1 26828 5854 
0 0 0 0 0 0 0 1 26838 5845 
0 0 0 0 0 0 0 1 26848 5836 
0 0 0 0 0 0 0 1 26858 5827 
0 0 0 0 0 0 0 1 26868 5818 
0 0 0 0 0 0 0 1 26878 5809 
0 0 0 0 0 0 0 1 26888 5800 
0 0 0 0 0 0 0 1 26898 5791 
0 0 0 0 0 0 0 1 26908 5782 
0 0 0 0 0 0 0 1 26918 5773 
0 0 0 0 0 0 0 1 26928 5764 
0 0 0 0 0 0 0 1 26938 5755 
0 0 0 0 0 0 0 1 26948 5746 
0 0 0 0 0 0 0 1 26958 5737 
0 0 0 0 0 0 0 1 26968 5728 
0 0 0 0 0 0 0 1 26978 5719 
0 0 0 0 0 0 0 1 26988 5710 
0 0 0 0 0 0 0 1 26998 5701 
0 0 0 0 0 0 0 1 27008 5692 
0 0 0 0 0 0 0 1 27018 5683 
0 0 0 0 0 0 0 1 27028 5674 
0 0 0 0 0 0 0 1 27038 5665 
0 0 0 0 0 0 0 1 27048 5656 
0 0 0 0 0 0 0 1 27058 5647 
0 0 0 0 0 0 0 1 27068 5638 
0 0 0 0 0 0 0 1 27078 5629 
0 0 0 0 0 0 0 1 27088 5620 
0 0 0 0 0 0 0 1 27098 5611 
0 0 0 0 0 0 0 1 27108 5602 
0 0 0 0 0 0 0 1 27118 5593 
0 0 0 0 0 0 0 1 27128 5584 
0 0 0 0 0 0 0 1 27138 5575 
0 0 0 0 0 0 0 1 27148 5566 
0 0 0 0 0 0 0 1 27158 5557 
0 0 0 0 0 0 0 1 27168 5548 
0 0 0 0 0 0 0 1 27178 5539 
0 0 0 0 0 0 0 1 27188 5530 
0 0 0 0 0 0 0 1 27198 5521 
0 0 0 0 0 0 0 1 27208 5512 
0 0 0 0 0 0 0 1 27218 5503 
0 0 0 0 0 0 0 1 27228 5494 
0 0 0 0 0 0 0 1 27238 5485 
0 0 0 0 0 0 0 1 27248 5476 
0 0 0 0 0 0 0 1 27258 5467 
0 0 0 0 0 0 0 1 27268 5458 
0 0 0 0 0 0 0 1 27278 5449 
0 0 0 0 0 0 0 1 27288 5440 
0 0 0 0 0 0 0 1 27298 5431 
0 0 0 0 0 0 0 1 27308 5422 
0 0 0 0 0 0 0 1 27318 5413 
0 0 0 0 0 0 0 1 27328 5404 
0 0 0 0 0 0 0 1 27338 5395 
0 0 0 0 0 0 0 1 27348 5386 
0 0 0 0 0 0 0 1 27358 5377 
0 0 0 0 0 0 0 1 27368 5368 
0 0 0 0 0 0 0 1 27378 5359 
0 0 0 0 0 0 0 1 27388 5350 
0 0 0 0 0 0 0 1 27398 5341 
0 0 0 0 0 0 0 1 27408 5332 
0 0 0 0 0 0 0 1 27418 5323 
0 0 0 0 0 0 0 1 27428 5314 
0 0 0 0 0 0 0 1 27438 5305 
0 0 0 0 0 0 0 1 27448 5296 
0 0 0 0 0 0 0 1 27458 5287 
0 0 0 0 0 0 0 1 27468 5278 
0 0 0 0 0 0 0 1 27478 5269 
0 0 0 0 0 0 0 1 27488 5260 
0 0 0 0 0 0 0 1 27498 5251 
0 0 0 0 0 0 0 1 27508 5242 
0 0 0 0 0 0 0 1 27518 5233 
0 0 0 0 0 0 0 1 27528 5224 
0 0 0 0 0 0 0 1 27538 5215 
0 0 0 0 0 0 0 1 27548 5206 
0 0 0 0 0 0 0 1 27558 5197 
0 0 0 0 0 0 0 1 27568 5188 
0 0 0 0 0 0 0 1 27578 5179 
0 0 0 0 0 0 0 1 27588 5170 
0 0 0 0 0 0 0 1 27598 5161 
0 0 0 0 0 0 0 1 27608 5152 
0 0 0 0 0 0 0 1 27618 5143 
0 0 0 0 0 0 0 1 27628 5134 
0 0 0 0 0 0 0 1 27638 5125 
0 0 0 0 0 0 0 1 27648 5116 
0 0 0 0 0 0 0 1 27658 5107 
0 0 0 0 0 0 0 1 27668 5098 
0 0 0 0 0 0 0 1 27678 5089 
0 0 0 0 0 0 0 1 27688 5080 
0 0 0 0 0 0 0 1 27698 5071 
0 0 0 0 0 0 0 1 27708 5062 
0 0 0 0 0 0 0 1 27718 5053 
0 0 0 0 0 0 0 1 27728 5044 
0 0 0 0 0 0 0 1 27738 5035 
0 0 0 0 0 0 0 1 27748 5026 
0 0 0 0 0 0 0 1 27758 5017 
0 0 0 0 0 0 0 1 27768 5008 
0 0 0 0 0 0 0 1 27778 4999 
0 0 0 0 0 0 0 1 27788 4990 
0 0 0 0 0 0 0 1 27798 4981 
0 0 0 0 0 0 0 1 27808 4972 
0 0 0 0 0 0 0 1 27818 4963 
0 0 0 0 0 0 0 1 27828 4954 
0 0 0 0 0 0 0 1 27838 4945 
0 0 0 0 0 0 0 1 27848 4936 
0 0 0 0 0 0 0 1 27858 4927 
0 0 0 0 0 0 0 1 27868 4918 
0 0 0 0 0 0 0 1 27878 4909 
0 0 0 0 0 0 0 1 27888 4900 
0 0 0 0 0 0 0 1 27898 4891 
0 0 0 0 0 0 0 1 27908 4882 
0 0 0 0 0 0 0 1 27918 4873 
0 0 0 0 0 0 0 1 27928 4864 
0 0 0 0 0 0 0 1 27938 4855 
0 0 0 0 0 0 0 1 27948 4846 
0 0 0 0 0 0 0 1 27958 4837 
0 0 0 0 0 0 0 1 27968 4828 
0 0 0 0 0 0 0 1 27978 4819 
0 0 0 0 0 0 0 1 27988 4810 
0 0 0 0 0 0 0 1 27998 4801 
0 0 0 0 0 0 0 1 28008 4792 
0 0 0 0 0 0 0 1 28018 4783 
0 0 0 0 0 0 0 1 28028 4774 
0 0 0 0 0 0 0 1 28038 4765 
0 0 0 0 0 0 0 1 28048 4756 
0 0 0 0 0 0 0 1 28058 4747 
0 0 0 0 0 0 0 1 28068 4738 
0 0 0 0 0 0 0 1 28078 4729 
0 0 0 0 0 0 0 1 28088 4720 
0 0 0 0 0 0 0 1 28098 4711 
0 0 0 0 0 0 0 1 28108 4702 
0 0 0 0 0 0 0 1 28118 4693 
0 0 0 0 0 0 0 1 28128 4684 
0 0 0 0 0 0 0 1 28138 4675 
0 0 0 0 0 0 0 1 28148 4666 
0 0 0 0 0 0 0 1 28158 4657 
0 0 0 0 0 0 0 1 28168 4648 
0 0 0 0 0 0 0 1 28178 4639 
0 0 0 0 0 0 0 1 28188 4630 
0 0 0 0 0 0 0 1 28198 4621 
0 0 0 0 0 0 0 1 28208 4612 
0 0 0 0 0 0 0 1 28218 4603 
0 0 0 0 0 0 0 1 28228 4594 
0 0 0 0 0 0 0 1 28238 4585 
0 0 0 0 0 0 0 1 28248 4576 
0 0 0 0 0 0 0 1 28258 4567 
0 0 0 0 0 0 0 1 28268 4558 
0 0 0 0 0 0 0 1 28278 4549 
0 0 0 0 0 0 0 1 28288 4540 
0 0 0 0 0 0 0 1 28298 4531 
0 0 0 0 0 0 0 1 28308 4522 
0 0 0 0 0 0 0 1 28318 4513 
0 0 0 0 0 0 0 1 28328 4504 
0 0 0 0 0 0 0 1 28338 4495 
0 0 0 0 0 0 0 1 28348 4486 
0 0 0 0 0 0 0 1 28358 4477 
0 0 0 0 0 0 0 1 28368 4468 
0 0 0 0 0 0 0 1 28378 4459 
0 0 0 0 0 0 0 1 28388 4450 
0 0 0 0 0 0 0 1 28398 4441 
0 0 0 0 0 0 0 1 28408 4432 
0 0 0 0 0 0 0 1 28418 4423 
0 0 0 0 0 0 0 1 28428 4414 
0 0 0 0 0 0 0 1 28438 4405 
0 0 0 0 0 0 0 1 28448 4396 
0 0 0 0 0 0 0 1 28458 4387 
0 0 0 0 0 0 0 1 28468 4378 
0 0 0 0 0 0 0 1 28478 4369 
0 0 0 0 0 0 0 1 28488 4360 
0 0 0 0 0 0 0 1 28498 4351 
0 0 0 0 0 0 0 1 28508 4342 
0 0 0 0 0 0 0 1 28518 4333 
0 0 0 0 0 0 0 1 28528 4324 
0 0 0 0 0 0 0 1 28538 4315 
0 0 0 0 0 0 0 1 28548 4306 
0 0 0 0 0 0 0 1 28558 4297 
0 0 0 0 0 0 0 1 28568 4288 
0 0 0 0 0 0 0 1 28578 4279 
0 0 0 0 0 0 0 1 28588 4270 
0 0 0 0 0 0 0 1 28598 4261 
0 0 0 0 0 0 0 1 28608 4252 
0 0 0 0 0 0 0 1 28618 4243 
0 0 0 0 0 0 0 1 28628 4234 
0 0 0 0 0 0 0 1 28638 4225 
0 0 0 0 0 0 0 1 28648 4216 
0 0 0 0 0 0 0 1 28658 4207 
0 0 0 0 0 0 0 1 28668 4198 
0 0 0 0 0 0 0 1 28678 4189 
0 0 0 0 0 0 0 1 28688 4180 
0 0 0 0 0 0 0 1 28698 4171 
0 0 0 0 0 0 0 1 28708 4162 
0 0 0 0 0 0 0 1 28718 4153 
0 0 0 0 0 0 0 1 28728 4144 
0 0 0 0 0 0 0 1 28738 4135 
0 0 0 0 0 0 0 1 28748 4126 
0 0 0 0 0 0 0 1 28758 4117 
0 0 0 0 0 0 0 1 28768 4108 
0 0 0 0 0 0 0 1 28778 4099 
0 0 0 0 0 0 0 1 28788 4090 
0 0 0 0 0 0 0 1 28798 4081 
0 0 0 0 0 0 0 1 28808 4072 
0 0 0 0 0 0 0 1 28818 4063 
0 0 0 0 0 0 0 1 28828 4054 
0 0 0 0 0 0 0 1 28838 4045 
0 0 0 0 0 0 0 1 28848 4036 
0 0 0 0 0 0 0 1 28858 4027 
0 0 0 0 0 0 0 1 28868 4018 
0 0 0 0 0 0 0 1 28878 4009 
0 0 0 0 0 0 0 1 28888 4000 
0 0 0 0 0 0 0 1 28898 3991 
0 0 0 0 0 0 0 1 28908 3982 
0 0 0 0 0 0 0 1 28918 3973 
0 0 0 0 0 0 0 1 28928 3964 
0 0 0 0 0 0 0 1 28938 3955 
0 0 0 0 0 0 0 1 28948 3946 
0 0 0 0 0 0 0 1 28958 3937 
0 0 0 0 0 0 0 1 28968 3928 
0 0 0 0 0 0 0 1 28978 3919 
0 0 0 0 0 0 0 1 28988 3910 
0 0 0 0 0 0 0 1 28998 3901 
0 0 0 0 0 0 0 1 29008 3892 
0 0 0 0 0 0 0 1 29018 3883 
0 0 0 0 0 0 0 1 29028 3874 
0 0 0 0 0 0 0 1 29038 3865 
0 0 0 0 0 0 0 1 29048 3856 
0 0 0 0 0 0 0 1 29058 3847 
0 0 0 0 0 0 0 1 29068 3838 
0 0 0 0 0 0 0 1 29078 3829 
0 0 0 0 0 0 0 1 29088 3820 
0 0 0 0 0 0 0 1 29098 3811 
0 0 0 0 0 0 0 1 29108 3802 
0 0 0 0 0 0 0 1 29118 3793 
0 0 0 0 0 0 0 1 29128 3784 
0 0 0 0 0 0 0 1 29138 3775 
0 0 0 0 0 0 0 1 29148 3766 
0 0 0 0 0 0 0 1 29158 3757 
0 0 0 0 0 0 0 1 29168 3748 
0 0 0 0 0 0 0 1 29178 3739 
0 0 0 0 0 0 0 1 29188 3730 
0 0 0 0 0 0 0 1 29198 3721 
0 0 0 0 0 0 0 1 29208 3712 
0 0 0 0 0 0 0 1 29218 3703 
0 0 0 0 0 0 0 1 29228 3694 
0 0 0 0 0 0 0 1 29238 3685 
0 0 0 0 0 0 0 1 29248 3676 
0 0 0 0 0 0 0 1 29258 3667 
0 0 0 0 0 0 0 1 29268 3658 
0 0 0 0 0 0 0 1 29278 3649 
0 0 0 0 0 0 0 1 29288 3640 
0 0 0 0 0 0 0 1 29298 3631 
0 0 0 0 0 0 0 1 29308 3622 
0 0 0 0 0 0 0 1 29318 3613 
0 0 0 0 0 0 0 1 29328 3604 
0 0 0 0 0 0 0 1 29338 3595 
0 0 0 0 0 0 0 1 29348 3586 
0 0 0 0 0 0 0 1 29358 3577 
0 0 0 0 0 0 0 1 29368 3568 
0 0 0 0 0 0 0 1 29378 3559 
0 0 0 0 0 0 0 1 29388 3550 
0 0 0 0 0 0 0 1 29398 3541 
0 0 0 0 0 0 0 1 29408 3532 
0 0 0 0 0 0 0 1 29418 3523 
0 0 0 0 0 0 0 1 29428 3514 
0 0 0 0 0 0 0 1 29438 3505 
0 0 0 0 0 0 0 1 29448 3496 
0 0 0 0 0 0 0 1 29458 3487 
0 0 0 0 0 0 0 1 29468 3478 
0 0 0 0 0 0 0 1 29478 3469 
0 0 0 0 0 0 0 1 29488 3460 
0 0 0 0 0 0 0 1 29498 3451 
0 0 0 0 0 0 0 1 29508 3442 
0 0 0 0 0 0 0 1 29518 3433 
0 0 0 0 0 0 0 1 29528 3424 
0 0 0 0 0 0 0 1 29538 3415 
0 0 0 0 0 0 0 1 29548 3406 
0 0 0 0 0 0 0 1 29558 3397 
0 0 0 0 0 0 0 1 29568 3388 
0 0 0 0 0 0 0 1 29578 3379 
0 0 0 0 0 0 0 1 29588 3370 
0 0 0 0 0 0 0 1 29598 3361 
0 0 0 0 0 0 0 1 29608 3352 
0 0 0 0 0 0 0 1 29618 3343 
0 0 0 0 0 0 0 1 29628 3334 
0 0 0 0 0 0 0 1 29638 3325 
0 0 0 0 0 0 0 1 29648 3316 
0 0 0 0 0 0 0 1 29658 3307 
0 0 0 0 0 0 0 1 29668 3298 
0 0 0 0 0 0 0 1 29678 3289 
0 0 0 0 0 0 0 1 29688 3280 
0 0 0 0 0 0 0 1 29698 3271 
0 0 0 0 0 0 0 1 29708 3262 
0 0 0 0 0 0 0 1 29718 3253 
0 0 0 0 0 0 0 1 29728 3244 
0 0 0 0 0 0 0 1 29738 3235 
0 0 0 0 0 0 0 1 29748 3226 
0 0 0 0 0 0 0 1 29758 3217 
0 0 0 0 0 0 0 1 29768 3208 
0 0 0 0 0 0 0 1 29778 3199 
0 0 0 0 0 0 0 1 29788 3190 
0 0 0 0 0 0 0 1 29798 3181 
0 0 0 0 0 0 0 1 29808 3172 
0 0 0 0 0 0 0 1 29818 3163 
0 0 0 0 0 0 0 1 29828 3154 
0 0 0 0 0 0 0 1 29838 3145 
0 0 0 0 0 0 0 1 29848 3136 
0 0 0 0 0 0 0 1 29858 3127 
0 0 0 0 0 0 0 1 29868 3118 
0 0 0 0 0 0 0 1 29878 3109 
0 0 0 0 0 0 0 1 29888 3100 
0 0 0 0 0 0 0 1 29898 3091 
0 0 0 0 0 0 0 1 29908 3082 
0 0 0 0 0 0 0 1 29918 3073 
0 0 0 0 0 0 0 1 29928 3064 
0 0 0 0 0 0 0 1 29938 3055 
0 0 0 0 0 0 0 1 29948 3046 
0 0 0 0 0 0 0 1 29958 3037 
0 0 0 0 0 0 0 1 29968 3028 
0 0 0 0 0 0 0 1 29978 3019 
0 0 0 0 0 0 0 1 29988 3010 
0 0 0 0 0 0 0 1 29998 3001 
0 0 0 0 0 0 0 1 30008 2992 
0 0 0 0 0 0 0 1 30018 2983 
0 0 0 0 0 0 0 1 30028 2974 
0 0 0 0 0 0 0 1 30038 2965 
0 0 0 0 0 0 0 1 30048 2956 
0 0 0 0 0 0 0 1 30058 2947 
0 0 0 0 0 0 0 1 30068 2938 
0 0 0 0 0 0 0 1 30078 2929 
0 0 0 0 0 0 0 1 30088 2920 
0 0 0 0 0 0 0 1 30098 2911 
0 0 0 0 0 0 0 1 30108 2902 
0 0 0 0 0 0 0 1 30118 2893 
0 0 0 0 0 0 0 1 30128 2884 
0 0 0 0 0 0 0 1 30138 2875 
0 0 0 0 0 0 0 1 30148 2866 
0 0 0 0 0 0 0 1 30158 2857 
0 0 0 0 0 0 0 1 30168 2848 
0 0 0 0 0 0 0 1 30178 2839 
0 0 0 0 0 0 0 1 30188 2830 
0 0 0 0 0 0 0 1 30198 2821 
0 0 0 0 0 0 0 1 30208 2812 
0 0 0 0 0 0 0 1 30218 2803 
0 0 0 0 0 0 0 1 30228 2794 
0 0 0 0 0 0 0 1 30238 2785 
0 0 0 0 0 0 0 1 30248 2776 
0 0 0 0 0 0 0 1 30258 2767 
0 0 0 0 0 0 0 1 30268 2758 
0 0 0 0 0 0 0 1 30278 2749 
0 0 0 0 0 0 0 1 30288 2740 
0 0 0 0 0 0 0 1 30298 2731 
0 0 0 0 0 0 0 1 30308 2722 
0 0 0 0 0 0 0 1 30318 2713 
0 0 0 0 0 0 0 1 30328 2704 
0 0 0 0 0 0 0 1 30338 2695 
0 0 0 0 0 0 0 1 30348 2686 
0 0 0 0 0 0 0 1 30358 2677 
0 0 0 0 0 0 0 1 30368 2668 
0 0 0 0 0 0 0 1 30378 2659 
0 0 0 0 0 0 0 1 30388 2650 
0 0 0 0 0 0 0 1 30398 2641 
0 0 0 0 0 0 0 1 30408 2632 
0 0 0 0 0 0 0 1 30418 2623 
0 0 0 0 0 0 0 1 30428 2614 
0 0 0 0 0 0 0 1 30438 2605 
0 0 0 0 0 0 0 1 30448 2596 
0 0 0 0 0 0 0 1 30458 2587 
0 0 0 0 0 0 0 1 30468 2578 
0 0 0 0 0 0 0 1 30478 2569 
0 0 0 0 0 0 0 1 30488 2560 
0 0 0 0 0 0 0 1 30498 2551 
0 0 0 0 0 0 0 1 30508 2542 
0 0 0 0 0 0 0 1 30518 2533 
0 0 0 0 0 0 0 1 30528 2524 
0 0 0 0 0 0 0 1 30538 2515 
0 0 0 0 0 0 0 1 30548 2506 
0 0 0 0 0 0 0 1 30558 2497 
0 0 0 0 0 0 0 1 30568 2488 
0 0 0 0 0 0 0 1 30578 2479 
0 0 0 0 0 0 0 1 30588 2470 
0 0 0 0 0 0 0 1 30598 2461 
0 0 0 0 0 0 0 1 30608 2452 
0 0 0 0 0 0 0 1 30618 2443 
0 0 0 0 0 0 0 1 30628 2434 
0 0 0 0 0 0 0 1 30638 2425 
0 0 0 0 0 0 0 1 30648 2416 
0 0 0 0 0 0 0 1 30658 2407 
0 0 0 0 0 0 0 1 30668 2398 
0 0 0 0 0 0 0 1 30678 2389 
0 0 0 0 0 0 0 1 30688 2380 
0 0 0 0 0 0 0 1 30698 2371 
0 0 0 0 0 0 0 1 30708 2362 
0 0 0 0 0 0 0 1 30718 2353 
0 0 0 0 0 0 0 1 30728 2344 
0 0 0 0 0 0 0 1 30738 2335 
0 0 0 0 0 0 0 1 30748 2326 
0 0 0 0 0 0 0 1 30758 2317 
0 0 0 0 0 0 0 1 30768 2308 
0 0 0 0 0 0 0 1 30778 2299 
0 0 0 0 0 0 0 1 30788 2290 
0 0 0 0 0 0 0 1 30798 2281 
0 0 0 0 0 0 0 1 30808 2272 
0 0 0 0 0 0 0 1 30818 2263 
0 0 0 0 0 0 0 1 30828 2254 
0 0 0 0 0 0 0 1 30838 2245 
0 0 0 0 0 0 0 1 30848 2236 
0 0 0 0 0 0 0 1 30858 2227 
0 0 0 0 0 0 0 1 30868 2218 
0 0 0 0 0 0 0 1 30878 2209 
0 0 0 0 0 0 0 1 30888 2200 
0 0 0 0 0 0 0 1 30898 2191 
0 0 0 0 0 0 0 1 30908 2182 
0 0 0 0 0 0 0 1 30918 2173 
0 0 0 0 0 0 0 1 30928 2164 
0 0 0 0 0 0 0 1 30938 2155 
0 0 0 0 0 0 0 1 30948 2146 
0 0 0 0 0 0 0 1 30958 2137 
0 0 0 0 0 0 0 1 30968 2128 
0 0 0 0 0 0 0 1 30978 2119 
0 0 0 0 0 0 0 1 30988 2110 
0 0 0 0 0 0 0 1 30998 2101 
0 0 0 0 0 0 0 1 31008 2092 
0 0 0 0 0 0 0 1 31018 2083 
0 0 0 0 0 0 0 1 31028 2074 
0 0 0 0 0 0 0 1 31038 2065 
0 0 0 0 0 0 0 1 31048 2056 
0 0 0 0 0 0 0 1 31058 2047 
0 0 0 0 0 0 0 1 31068 2038 
0 0 0 0 0 0 0 1 31078 2029 
0 0 0 0 0 0 0 1 31088 2020 
0 0 0 0 0 0 0 1 31098 2011 
0 0 0 0 0 0 0 1 31108 2002 
0 0 0 0 0 0 0 1 31118 1993 
0 0 0 0 0 0 0 1 31128 1984 
0 0 0 0 0 0 0 1 31138 1975 
0 0 0 0 0 0 0 1 31148 1966 
0 0 0 0 0 0 0 1 31158 1957 
0 0 0 0 0 0 0 1 31168 1948 
0 0 0 0 0 0 0 1 31178 1939 
0 0 0 0 0 0 0 1 31188 1930 
0 0 0 0 0 0 0 1 31198 1921 
0 0 0 0 0 0 0 1 31208 1912 
0 0 0 0 0 0 0 1 31218 1903 
0 0 0 0 0 0 0 1 31228 1894 
0 0 0 0 0 0 0 1 31238 1885 
0 0 0 0 0 0 0 1 31248 1876 
0 0 0 0 0 0 0 1 31258 1867 
0 0 0 0 0 0 0 1 31268 1858 
0 0 0 0 0 0 0 1 31278 1849 
0 0 0 0 0 0 0 1 31288 1840 
0 0 0 0 0 0 0 1 31298 1831 
0 0 0 0 0 0 0 1 31308 1822 
0 0 0 0 0 0 0 1 31318 1813 
0 0 0 0 0 0 0 1 31328 1804 
0 0 0 0 0 0 0 1 31338 1795 
0 0 0 0 0 0 0 1 31348 1786 
0 0 0 0 0 0 0 1 31358 1777 
0 0 0 0 0 0 0 1 31368 1768 
0 0 0 0 0 0 0 1 31378 1759 
0 0 0 0 0 0 0 1 31388 1750 
0 0 0 0 0 0 0 1 31398 1741 
0 0 0 0 0 0 0 1 31408 1732 
0 0 0 0 0 0 0 1 31418 1723 
0 0 0 0 0 0 0 1 31428 1714 
0 0 0 0 0 0 0 1 31438 1705 
0 0 0 0 0 0 0 1 31448 1696 
0 0 0 0 0 0 0 1 31458 1687 
0 0 0 0 0 0 0 1 31468 1678 
0 0 0 0 0 0 0 1 31478 1669 
0 0 0 0 0 0 0 1 31488 1660 
0 0 0 0 0 0 0 1 31498 1651 
0 0 0 0 0 0 0 1 31508 1642 
0 0 0 0 0 0 0 1 31518 1633 
0 0 0 0 0 0 0 1 31528 1624 
0 0 0 0 0 0 0 1 31538 1615 
0 0 0 0 0 0 0 1 31548 1606 
0 0 0 0 0 0 0 1 31558 1597 
0 0 0 0 0 0 0 1 31568 1588 
0 0 0 0 0 0 0 1 31578 1579 
0 0 0 0 0 0 0 1 31588 1570 
0 0 0 0 0 0 0 1 31598 1561 
0 0 0 0 0 0 0 1 31608 1552 
0 0 0 0 0 0 0 1 31618 1543 
0 0 0 0 0 0 0 1 31628 1534 
0 0 0 0 0 0 0 1 31638 1525 
0 0 0 0 0 0 0 1 31648 1516 
0 0 0 0 0 0 0 1 31658 1507 
0 0 0 0 0 0 0 1 31668 1498 
0 0 0 0 0 0 0 1 31678 1489 
0 0 0 0 0 0 0 1 31688 1480 
0 0 0 0 0 0 0 1 31698 1471 
0 0 0 0 0 0 0 1 31708 1462 
0 0 0 0 0 0 0 1 31718 1453 
0 0 0 0 0 0 0 1 31728 1444 
0 0 0 0 0 0 0 1 31738 1435 
0 0 0 0 0 0 0 1 31748 1426 
0 0 0 0 0 0 0 1 31758 1417 
0 0 0 0 0 0 0 1 31768 1408 
0 0 0 0 0 0 0 1 31778 1399 
0 0 0 0 0 0 0 1 31788 1390 
0 0 0 0 0 0 0 1 31798 1381 
0 0 0 0 0 0 0 1 31808 1372 
0 0 0 0 0 0 0 1 31818 1363 
0 0 0 0 0 0 0 1 31828 1354 
0 0 0 0 0 0 0 1 31838 1345 
0 0 0 0 0 0 0 1 31848 1336 
0 0 0 0 0 0 0 1 31858 1327 
0 0 0 0 0 0 0 1 31868 1318 
0 0 0 0 0 0 0 1 31878 1309 
0 0 0 0 0 0 0 1 31888 1300 
0 0 0 0 0 0 0 1 31898 1291 
0 0 0 0 0 0 0 1 31908 1282 
0 0 0 0 0 0 0 1 31918 1273 
0 0 0 0 0 0 0 1 31928 1264 
0 0 0 0 0 0 0 1 31938 1255 
0 0 0 0 0 0 0 1 31948 1246 
0 0 0 0 0 0 0 1 31958 1237 
0 0 0 0 0 0 0 1 31968 1228 
0 0 0 0 0 0 0 1 31978 1219 
0 0 0 0 0 0 0 1 31988 1210 
0 0 0 0 0 0 0 1 31998 1201 
0 0 0 0 0 0 0 1 32008 1192 
0 0 0 0 0 0 0 1 32018 1183 
0 0 0 0 0 0 0 1 32028 1174 
0 0 0 0 0 0 0 1 32038 1165 
0 0 0 0 0 0 0 1 32048 1156 
0 0 0 0 0 0 0 1 32058 1147 
0 0 0 0 0 0 0 1 32068 1138 
0 0 0 0 0 0 0 1 32078 1129 
0 0 0 0 0 0 0 1 32088 1120 
0 0 0 0 0 0 0 1 32098 1111 
0 0 0 0 0 0 0 1 32108 1102 
0 0 0 0 0 0 0 1 32118 1093 
0 0 0 0 0 0 0 1 32128 1084 
0 0 0 0 0 0 0 1 32138 1075 
0 0 0 0 0 0 0 1 32148 1066 
0 0 0 0 0 0 0 1 32158 1057 
0 0 0 0 0 0 0 1 32168 1048 
0 0 0 0 0 0 0 1 32178 1039 
0 0 0 0 0 0 0 1 32188 1030 
0 0 0 0 0 0 0 1 32198 1021 
0 0 0 0 0 0 0 1 32208 1012 
0 0 0 0 0 0 0 1 32218 1003 
0 0 0 0 0 0 0 1 32228 994 
0 0 0 0 0 0 0 1 32238 985 
0 0 0 0 0 0 0 1 32248 976 
0 0 0 0 0 0 0 1 32258 967 
0 0 0 0 0 0 0 1 32268 958 
0 0 0 0 0 0 0 1 32278 949 
0 0 0 0 0 0 0 1 32288 940 
0 0 0 0 0 0 0 1 32298 931 
0 0 0 0 0 0 0 1 32308 922 
0 0 0 0 0 0 0 1 32318 913 
0 0 0 0 0 0 0 1 32328 904 
0 0 0 0 0 0 0 1 32338 895 
0 0 0 0 0 0 0 1 32348 886 
0 0 0 0 0 0 0 1 32358 877 
0 0 0 0 0 0 0 1 32368 868 
0 0 0 0 0 0 0 1 32378 859 
0 0 0 0 0 0 0 1 32388 850 
0 0 0 0 0 0 0 1 32398 841 
0 0 0 0 0 0 0 1 32408 832 
0 0 0 0 0 0 0 1 32418 823 
0 0 0 0 0 0 0 1 32428 814 
0 0 0 0 0 0 0 1 32438 805 
0 0 0 0 0 0 0 1 32448 796 
0 0 0 0 0 0 0 1 32458 787 
0 0 0 0 0 0 0 1 32468 778 
0 0 0 0 0 0 0 1 32478 769 
0 0 0 0 0 0 0 1 32488 760 
0 0 0 0 0 0 0 1 32498 751 
0 0 0 0 0 0 0 1 32508 742 
0 0 0 0 0 0 0 1 32518 733 
0 0 0 0 0 0 0 1 32528 724 
0 0 0 0 0 0 0 1 32538 715 
0 0 0 0 0 0 0 1 32548 706 
0 0 0 0 0 0 0 1 32558 697 
0 0 0 0 0 0 0 1 32568 688 
0 0 0 0 0 0 0 1 32578 679 
0 0 0 0 0 0 0 1 32588 670 
0 0 0 0 0 0 0 1 32598 661 
0 0 0 0 0 0 0 1 32608 652 
0 0 0 0 0 0 0 1 32618 643 
0 0 0 0 0 0 0 1 32628 634 
0 0 0 0 0 0 0 1 32638 625 
0 0 0 0 0 0 0 1 32648 616 
0 0 0 0 0 0 0 1 32658 607 
0 0 0 0 0 0 0 1 32668 598 
0 0 0 0 0 0 0 1 32678 589 
0 0 0 0 0 0 0 1 32688 580 
0 0 0 0 0 0 0 1 32698 571 
0 0 0 0 0 0 0 1 32708 562 
0 0 0 0 0 0 0 1 32718 553 
0 0 0 0 0 0 0 1 32728 544 
0 0 0 0 0 0 0 1 32738 535 
0 0 0 0 0 0 0 1 32748 526 
0 0 0 0 0 0 0 1 32758 517 
0 0 0 0 0 0 0 1 32768 508 
0 0 0 0 0 0 0 1 32778 499 
0 0 0 0 0 0 0 1 32788 490 
0 0 0 0 0 0 0 1 32798 481 
0 0 0 0 0 0 0 1 32808 472 
0 0 0 0 0 0 0 1 32818 463 
0 0 0 0 0 0 0 1 32828 454 
0 0 0 0 0 0 0 1 32838 445 
0 0 0 0 0 0 0 1 32848 436 
0 0 0 0 0 0 0 1 32858 427 
0 0 0 0 0 0 0 1 32868 418 
0 0 0 0 0 0 0 1 32878 409 
0 0 0 0 0 0 0 1 32888 400 
0 0 0 0 0 0 0 1 32898 391 
0 0 0 0 0 0 0 1 32908 382 
0 0 0 0 0 0 0 1 32918 373 
0 0 0 0 0 0 0 1 32928 364 
0 0 0 0 0 0 0 1 32938 355 
0 0 0 0 0 0 0 1 32948 346 
0 0 0 0 0 0 0 1 32958 337 
0 0 0 0 0 0 0 1 32968 328 
0 0 0 0 0 0 0 1 32978 319 
0 0 0 0 0 0 0 1 32988 310 
0 0 0 0 0 0 0 1 32998 301 
0 0 0 0 0 0 0 1 33008 292 
0 0 0 0 0 0 0 1 33018 283 
0 0 0 0 0 0 0 1 33028 274 
0 0 0 0 0 0 0 1 33038 265 
0 0 0 0 0 0 0 1 33048 256 
0 0 0 0 0 0 0 1 33058 247 
0 0 0 0 0 0 0 1 33068 238 
0 0 0 0 0 0 0 1 33078 229 
0 0 0 0 0 0 0 1 33088 220 
0 0 0 0 0 0 0 1 33098 211 
0 0 0 0 0 0 0 1 33108 202 
0 0 0 0 0 0 0 1 33118 193 
0 0 0 0 0 0 0 1 33128 184 
0 0 0 0 0 0 0 1 33138 175 
0 0 0 0 0 0 0 1 33148 166 
0 0 0 0 0 0 0 1 33158 157 
0 0 0 0 0 0 0 1 33168 148 
0 0 0 0 0 0 0 1 33178 139 
0 0 0 0 0 0 0 1 33188 130 
0 0 0 0 0 0 0 1 33198 121 
0 0 0 0 0 0 0 1 33208 112 
0 0 0 0 0 0 0 1 33218 103 
0 0 0 0 0 0 0 1 33228 94 
0 0 0 0 0 0 0 1 33238 85 
0 0 0 0 0 0 0 1 33248 76 
0 0 0 0 0 0 0 1 33258 67 
0 0 0 0 0 0 0 1 33268 58 
0 0 0 0 0 0 0 1 33278 49 
0 0 0 0 0 0 0 1 33288 40 
0 0 0 0 0 0 0 1 33298 31 
0 0 0 0 0 0 0 1 33308 22 
0 0 0 0 0 0 0 1 33318 13 
0 0 0 0 0 0 0 1 33328 4 
0 0 0 0 0 0 0 2 6 29993 
0 0 0 0 0 0 0 2 16 29984 
0 0 0 0 0 0 0 2 26 29975 
0 0 0 0 0 0 0 2 36 29966 
0 0 0 0 0 0 0 2 46 29957 
0 0 0 0 0 0 0 2 56 29948 
0 0 0 0 0 0 0 2 66 29939 
0 0 0 0 0 0 0 2 76 29930 
0 0 0 0 0 0 0 2 86 29921 
0 0 0 0 0 0 0 2 96 29912 
0 0 0 0 0 0 0 2 106 29903 
0 0 0 0 0 0 0 2 116 29894 
0 0 0 0 0 0 0 2 126 29885 
0 0 0 0 0 0 0 2 136 29876 
0 0 0 0 0 0 0 2 146 29867 
0 0 0 0 0 0 0 2 156 29858 
0 0 0 0 0 0 0 2 166 29849 
0 0 0 0 0 0 0 2 176 29840 
0 0 0 0 0 0 0 2 186 29831 
0 0 0 0 0 0 0 2 196 29822 
0 0 0 0 0 0 0 2 206 29813 
0 0 0 0 0 0 0 2 216 29804 
0 0 0 0 0 0 0 2 226 29795 
0 0 0 0 0 0 0 2 236 29786 
0 0 0 0 0 0 0 2 246 29777 
0 0 0 0 0 0 0 2 256 29768 
0 0 0 0 0 0 0 2 266 29759 
0 0 0 0 0 0 0 2 276 29750 
0 0 0 0 0 0 0 2 286 29741 
0 0 0 0 0 0 0 2 296 29732 
0 0 0 0 0 0 0 2 306 29723 
0 0 0 0 0 0 0 2 316 29714 
0 0 0 0 0 0 0 2 326 29705 
0 0 0 0 0 0 0 2 336 29696 
0 0 0 0 0 0 0 2 346 29687 
0 0 0 0 0 0 0 2 356 29678 
0 0 0 0 0 0 0 2 366 29669 
0 0 0 0 0 0 0 2 376 29660 
0 0 0 0 0 0 0 2 386 29651 
0 0 0 0 0 0 0 2 396 29642 
0 0 0 0 0 0 0 2 406 29633 
0 0 0 0 0 0 0 2 416 29624 
0 0 0 0 0 0 0 2 426 29615 
0 0 0 0 0 0 0 2 436 29606 
0 0 0 0 0 0 0 2 446 29597 
0 0 0 0 0 0 0 2 456 29588 
0 0 0 0 0 0 0 2 466 29579 
0 0 0 0 0 0 0 2 476 29570 
0 0 0 0 0 0 0 2 486 29561 
0 0 0 0 0 0 0 2 496 29552 
0 0 0 0 0 0 0 2 506 29543 
0 0 0 0 0 0 0 2 516 29534 
0 0 0 0 0 0 0 2 526 29525 
0 0 0 0 0 0 0 2 536 29516 
0 0 0 0 0 0 0 2 546 29507 
0 0 0 0 0 0 0 2 556 29498 
0 0 0 0 0 0 0 2 566 29489 
0 0 0 0 0 0 0 2 576 29480 
0 0 0 0 0 0 0 2 586 29471 
0 0 0 0 0 0 0 2 596 29462 
0 0 0 0 0 0 0 2 606 29453 
0 0 0 0 0 0 0 2 616 29444 
0 0 0 0 0 0 0 2 626 29435 
0 0 0 0 0 0 0 2 636 29426 
0 0 0 0 0 0 0 2 646 29417 
0 0 0 0 0 0 0 2 656 29408 
0 0 0 0 0 0 0 2 666 29399 
0 0 0 0 0 0 0 2 676 29390 
0 0 0 0 0 0 0 2 686 29381 
0 0 0 0 0 0 0 2 696 29372 
0 0 0 0 0 0 0 2 706 29363 
0 0 0 0 0 0 0 2 716 29354 
0 0 0 0 0 0 0 2 726 29345 
0 0 0 0 0 0 0 2 736 29336 
0 0 0 0 0 0 0 2 746 29327 
0 0 0 0 0 0 0 2 756 29318 
0 0 0 0 0 0 0 2 766 29309 
0 0 0 0 0 0 0 2 776 29300 
0 0 0 0 0 0 0 2 786 29291 
0 0 0 0 0 0 0 2 796 29282 
0 0 0 0 0 0 0 2 806 29273 
0 0 0 0 0 0 0 2 816 29264 
0 0 0 0 0 0 0 2 826 29255 
0 0 0 0 0 0 0 2 836 29246 
0 0 0 0 0 0 0 2 846 29237 
0 0 0 0 0 0 0 2 856 29228 
0 0 0 0 0 0 0 2 866 29219 
0 0 0 0 0 0 0 2 876 29210 
0 0 0 0 0 0 0 2 886 29201 
0 0 0 0 0 0 0 2 896 29192 
0 0 0 0 0 0 0 2 906 29183 
0 0 0 0 0 0 0 2 916 29174 
0 0 0 0 0 0 0 2 926 29165 
0 0 0 0 0 0 0 2 936 29156 
0 0 0 0 0 0 0 2 946 29147 
0 0 0 0 0 0 0 2 956 29138 
0 0 0 0 0 0 0 2 966 29129 
0 0 0 0 0 0 0 2 976 29120 
0 0 0 0 0 0 0 2 986 29111 
0 0 0 0 0 0 0 2 996 29102 
0 0 0 0 0 0 0 2 1006 29093 
0 0 0 0 0 0 0 2 1016 29084 
0 0 0 0 0 0 0 2 1026 29075 
0 0 0 0 0 0 0 2 1036 29066 
0 0 0 0 0 0 0 2 1046 29057 
0 0 0 0 0 0 0 2 1056 29048 
0 0 0 0 0 0 0 2 1066 29039 
0 0 0 0 0 0 0 2 1076 29030 
0 0 0 0 0 0 0 2 1086 29021 
0 0 0 0 0 0 0 2 1096 29012 
0 0 0 0 0 0 0 2 1106 29003 
0 0 0 0 0 0 0 2 1116 28994 
0 0 0 0 0 0 0 2 1126 28985 
0 0 0 0 0 0 0 2 1136 28976 
0 0 0 0 0 0 0 2 1146 28967 
0 0 0 0 0 0 0 2 1156 28958 
0 0 0 0 0 0 0 2 1166 28949 
0 0 0 0 0 0 0 2 1176 28940 
0 0 0 0 0 0 0 2 1186 28931 
0 0 0 0 0 0 0 2 1196 28922 
0 0 0 0 0 0 0 2 1206 28913 
0 0 0 0 0 0 0 2 1216 28904 
0 0 0 0 0 0 0 2 1226 28895 
0 0 0 0 0 0 0 2 1236 28886 
0 0 0 0 0 0 0 2 1246 28877 
0 0 0 0 0 0 0 2 1256 28868 
0 0 0 0 0 0 0 2 1266 28859 
0 0 0 0 0 0 0 2 1276 28850 
0 0 0 0 0 0 0 2 1286 28841 
0 0 0 0 0 0 0 2 1296 28832 
0 0 0 0 0 0 0 2 1306 28823 
0 0 0 0 0 0 0 2 1316 28814 
0 0 0 0 0 0 0 2 1326 28805 
0 0 0 0 0 0 0 2 1336 28796 
0 0 0 0 0 0 0 2 1346 28787 
0 0 0 0 0 0 0 2 1356 28778 
0 0 0 0 0 0 0 2 1366 28769 
0 0 0 0 0 0 0 2 1376 28760 
0 0 0 0 0 0 0 2 1386 28751 
0 0 0 0 0 0 0 2 1396 28742 
0 0 0 0 0 0 0 2 1406 28733 
0 0 0 0 0 0 0 2 1416 28724 
0 0 0 0 0 0 0 2 1426 28715 
0 0 0 0 0 0 0 2 1436 28706 
0 0 0 0 0 0 0 2 1446 28697 
0 0 0 0 0 0 0 2 1456 28688 
0 0 0 0 0 0 0 2 1466 28679 
0 0 0 0 0 0 0 2 1476 28670 
0 0 0 0 0 0 0 2 1486 28661 
0 0 0 0 0 0 0 2 1496 28652 
0 0 0 0 0 0 0 2 1506 28643 
0 0 0 0 0 0 0 2 1516 28634 
0 0 0 0 0 0 0 2 1526 28625 
0 0 0 0 0 0 0 2 1536 28616 
0 0 0 0 0 0 0 2 1546 28607 
0 0 0 0 0 0 0 2 1556 28598 
0 0 0 0 0 0 0 2 1566 28589 
0 0 0 0 0 0 0 2 1576 28580 
0 0 0 0 0 0 0 2 1586 28571 
0 0 0 0 0 0 0 2 1596 28562 
0 0 0 0 0 0 0 2 1606 28553 
0 0 0 0 0 0 0 2 1616 28544 
0 0 0 0 0 0 0 2 1626 28535 
0 0 0 0 0 0 0 2 1636 28526 
0 0 0 0 0 0 0 2 1646 28517 
0 0 0 0 0 0 0 2 1656 28508 
0 0 0 0 0 0 0 2 1666 28499 
0 0 0 0 0 0 0 2 1676 28490 
0 0 0 0 0 0 0 2 1686 28481 
0 0 0 0 0 0 0 2 1696 28472 
0 0 0 0 0 0 0 2 1706 28463 
0 0 0 0 0 0 0 2 1716 28454 
0 0 0 0 0 0 0 2 1726 28445 
0 0 0 0 0 0 0 2 1736 28436 
0 0 0 0 0 0 0 2 1746 28427 
0 0 0 0 0 0 0 2 1756 28418 
0 0 0 0 0 0 0 2 1766 28409 
0 0 0 0 0 0 0 2 1776 28400 
0 0 0 0 0 0 0 2 1786 28391 
0 0 0 0 0 0 0 2 1796 28382 
0 0 0 0 0 0 0 2 1806 28373 
0 0 0 0 0 0 0 2 1816 28364 
0 0 0 0 0 0 0 2 1826 28355 
0 0 0 0 0 0 0 2 1836 28346 
0 0 0 0 0 0 0 2 1846 28337 
0 0 0 0 0 0 0 2 1856 28328 
0 0 0 0 0 0 0 2 1866 28319 
0 0 0 0 0 0 0 2 1876 28310 
0 0 0 0 0 0 0 2 1886 28301 
0 0 0 0 0 0 0 2 1896 28292 
0 0 0 0 0 0 0 2 1906 28283 
0 0 0 0 0 0 0 2 1916 28274 
0 0 0 0 0 0 0 2 1926 28265 
0 0 0 0 0 0 0 2 1936 28256 
0 0 0 0 0 0 0 2 1946 28247 
0 0 0 0 0 0 0 2 1956 28238 
0 0 0 0 0 0 0 2 1966 28229 
0 0 0 0 0 0 0 2 1976 28220 
0 0 0 0 0 0 0 2 1986 28211 
0 0 0 0 0 0 0 2 1996 28202 
0 0 0 0 0 0 0 2 2006 28193 
0 0 0 0 0 0 0 2 2016 28184 
0 0 0 0 0 0 0 2 2026 28175 
0 0 0 0 0 0 0 2 2036 28166 
0 0 0 0 0 0 0 2 2046 28157 
0 0 0 0 0 0 0 2 2056 28148 
0 0 0 0 0 0 0 2 2066 28139 
0 0 0 0 0 0 0 2 2076 28130 
0 0 0 0 0 0 0 2 2086 28121 
0 0 0 0 0 0 0 2 2096 28112 
0 0 0 0 0 0 0 2 2106 28103 
0 0 0 0 0 0 0 2 2116 28094 
0 0 0 0 0 0 0 2 2126 28085 
0 0 0 0 0 0 0 2 2136 28076 
0 0 0 0 0 0 0 2 2146 28067 
0 0 0 0 0 0 0 2 2156 28058 
0 0 0 0 0 0 0 2 2166 28049 
0 0 0 0 0 0 0 2 2176 28040 
0 0 0 0 0 0 0 2 2186 28031 
0 0 0 0 0 0 0 2 2196 28022 
0 0 0 0 0 0 0 2 2206 28013 
0 0 0 0 0 0 0 2 2216 28004 
0 0 0 0 0 0 0 2 2226 27995 
0 0 0 0 0 0 0 2 2236 27986 
0 0 0 0 0 0 0 2 2246 27977 
0 0 0 0 0 0 0 2 2256 27968 
0 0 0 0 0 0 0 2 2266 27959 
0 0 0 0 0 0 0 2 2276 27950 
0 0 0 0 0 0 0 2 2286 27941 
0 0 0 0 0 0 0 2 2296 27932 
0 0 0 0 0 0 0 2 2306 27923 
0 0 0 0 0 0 0 2 2316 27914 
0 0 0 0 0 0 0 2 2326 27905 
0 0 0 0 0 0 0 2 2336 27896 
0 0 0 0 0 0 0 2 2346 27887 
0 0 0 0 0 0 0 2 2356 27878 
0 0 0 0 0 0 0 2 2366 27869 
0 0 0 0 0 0 0 2 2376 27860 
0 0 0 0 0 0 0 2 2386 27851 
0 0 0 0 0 0 0 2 2396 27842 
0 0 0 0 0 0 0 2 2406 27833 
0 0 0 0 0 0 0 2 2416 27824 
0 0 0 0 0 0 0 2 2426 27815 
0 0 0 0 0 0 0 2 2436 27806 
0 0 0 0 0 0 0 2 2446 27797 
0 0 0 0 0 0 0 2 2456 27788 
0 0 0 0 0 0 0 2 2466 27779 
0 0 0 0 0 0 0 2 2476 27770 
0 0 0 0 0 0 0 2 2486 27761 
0 0 0 0 0 0 0 2 2496 27752 
0 0 0 0 0 0 0 2 2506 27743 
0 0 0 0 0 0 0 2 2516 27734 
0 0 0 0 0 0 0 2 2526 27725 
0 0 0 0 0 0 0 2 2536 27716 
0 0 0 0 0 0 0 2 2546 27707 
0 0 0 0 0 0 0 2 2556 27698 
0 0 0 0 0 0 0 2 2566 27689 
0 0 0 0 0 0 0 2 2576 27680 
0 0 0 0 0 0 0 2 2586 27671 
0 0 0 0 0 0 0 2 2596 27662 
0 0 0 0 0 0 0 2 2606 27653 
0 0 0 0 0 0 0 2 2616 27644 
0 0 0 0 0 0 0 2 2626 27635 
0 0 0 0 0 0 0 2 2636 27626 
0 0 0 0 0 0 0 2 2646 27617 
0 0 0 0 0 0 0 2 2656 27608 
0 0 0 0 0 0 0 2 2666 27599 
0 0 0 0 0 0 0 2 2676 27590 
0 0 0 0 0 0 0 2 2686 27581 
0 0 0 0 0 0 0 2 2696 27572 
0 0 0 0 0 0 0 2 2706 27563 
0 0 0 0 0 0 0 2 2716 27554 
0 0 0 0 0 0 0 2 2726 27545 
0 0 0 0 0 0 0 2 2736 27536 
0 0 0 0 0 0 0 2 2746 27527 
0 0 0 0 0 0 0 2 2756 27518 
0 0 0 0 0 0 0 2 2766 27509 
0 0 0 0 0 0 0 2 2776 27500 
0 0 0 0 0 0 0 2 2786 27491 
0 0 0 0 0 0 0 2 2796 27482 
0 0 0 0 0 0 0 2 2806 27473 
0 0 0 0 0 0 0 2 2816 27464 
0 0 0 0 0 0 0 2 2826 27455 
0 0 0 0 0 0 0 2 2836 27446 
0 0 0 0 0 0 0 2 2846 27437 
0 0 0 0 0 0 0 2 2856 27428 
0 0 0 0 0 0 0 2 2866 27419 
0 0 0 0 0 0 0 2 2876 27410 
0 0 0 0 0 0 0 2 2886 27401 
0 0 0 0 0 0 0 2 2896 27392 
0 0 0 0 0 0 0 2 2906 27383 
0 0 0 0 0 0 0 2 2916 27374 
0 0 0 0 0 0 0 2 2926 27365 
0 0 0 0 0 0 0 2 2936 27356 
0 0 0 0 0 0 0 2 2946 27347 
0 0 0 0 0 0 0 2 2956 27338 
0 0 0 0 0 0 0 2 2966 27329 
0 0 0 0 0 0 0 2 2976 27320 
0 0 0 0 0 0 0 2 2986 27311 
0 0 0 0 0 0 0 2 2996 27302 
0 0 0 0 0 0 0 2 3006 27293 
0 0 0 0 0 0 0 2 3016 27284 
0 0 0 0 0 0 0 2 3026 27275 
0 0 0 0 0 0 0 2 3036 27266 
0 0 0 0 0 0 0 2 3046 27257 
0 0 0 0 0 0 0 2 3056 27248 
0 0 0 0 0 0 0 2 3066 27239 
0 0 0 0 0 0 0 2 3076 27230 
0 0 0 0 0 0 0 2 3086 27221 
0 0 0 0 0 0 0 2 3096 27212 
0 0 0 0 0 0 0 2 3106 27203 
0 0 0 0 0 0 0 2 3116 27194 
0 0 0 0 0 0 0 2 3126 27185 
0 0 0 0 0 0 0 2 3136 27176 
0 0 0 0 0 0 0 2 3146 27167 
0 0 0 0 0 0 0 2 3156 27158 
0 0 0 0 0 0 0 2 3166 27149 
0 0 0 0 0 0 0 2 3176 27140 
0 0 0 0 0 0 0 2 3186 27131 
0 0 0 0 0 0 0 2 3196 27122 
0 0 0 0 0 0 0 2 3206 27113 
0 0 0 0 0 0 0 2 3216 27104 
0 0 0 0 0 0 0 2 3226 27095 
0 0 0 0 0 0 0 2 3236 27086 
0 0 0 0 0 0 0 2 3246 27077 
0 0 0 0 0 0 0 2 3256 27068 
0 0 0 0 0 0 0 2 3266 27059 
0 0 0 0 0 0 0 2 3276 27050 
0 0 0 0 0 0 0 2 3286 27041 
0 0 0 0 0 0 0 2 3296 27032 
0 0 0 0 0 0 0 2 3306 27023 
0 0 0 0 0 0 0 2 3316 27014 
0 0 0 0 0 0 0 2 3326 27005 
0 0 0 0 0 0 0 2 3336 26996 
0 0 0 0 0 0 0 2 3346 26987 
0 0 0 0 0 0 0 2 3356 26978 
0 0 0 0 0 0 0 2 3366 26969 
0 0 0 0 0 0 0 2 3376 26960 
0 0 0 0 0 0 0 2 3386 26951 
0 0 0 0 0 0 0 2 3396 26942 
0 0 0 0 0 0 0 2 3406 26933 
0 0 0 0 0 0 0 2 3416 26924 
0 0 0 0 0 0 0 2 3426 26915 
0 0 0 0 0 0 0 2 3436 26906 
0 0 0 0 0 0 0 2 3446 26897 
0 0 0 0 0 0 0 2 3456 26888 
0 0 0 0 0 0 0 2 3466 26879 
0 0 0 0 0 0 0 2 3476 26870 
0 0 0 0 0 0 0 2 3486 26861 
0 0 0 0 0 0 0 2 3496 26852 
0 0 0 0 0 0 0 2 3506 26843 
0 0 0 0 0 0 0 2 3516 26834 
0 0 0 0 0 0 0 2 3526 26825 
0 0 0 0 0 0 0 2 3536 26816 
0 0 0 0 0 0 0 2 3546 26807 
0 0 0 0 0 0 0 2 3556 26798 
0 0 0 0 0 0 0 2 3566 26789 
0 0 0 0 0 0 0 2 3576 26780 
0 0 0 0 0 0 0 2 3586 26771 
0 0 0 0 0 0 0 2 3596 26762 
0 0 0 0 0 0 0 2 3606 26753 
0 0 0 0 0 0 0 2 3616 26744 
0 0 0 0 0 0 0 2 3626 26735 
0 0 0 0 0 0 0 2 3636 26726 
0 0 0 0 0 0 0 2 3646 26717 
0 0 0 0 0 0 0 2 3656 26708 
0 0 0 0 0 0 0 2 3666 26699 
0 0 0 0 0 0 0 2 3676 26690 
0 0 0 0 0 0 0 2 3686 26681 
0 0 0 0 0 0 0 2 3696 26672 
0 0 0 0 0 0 0 2 3706 26663 
0 0 0 0 0 0 0 2 3716 26654 
0 0 0 0 0 0 0 2 3726 26645 
0 0 0 0 0 0 0 2 3736 26636 
0 0 0 0 0 0 0 2 3746 26627 
0 0 0 0 0 0 0 2 3756 26618 
0 0 0 0 0 0 0 2 3766 26609 
0 0 0 0 0 0 0 2 3776 26600 
0 0 0 0 0 0 0 2 3786 26591 
0 0 0 0 0 0 0 2 3796 26582 
0 0 0 0 0 0 0 2 3806 26573 
0 0 0 0 0 0 0 2 3816 26564 
0 0 0 0 0 0 0 2 3826 26555 
0 0 0 0 0 0 0 2 3836 26546 
0 0 0 0 0 0 0 2 3846 26537 
0 0 0 0 0 0 0 2 3856 26528 
0 0 0 0 0 0 0 2 3866 26519 
0 0 0 0 0 0 0 2 3876 26510 
0 0 0 0 0 0 0 2 3886 26501 
0 0 0 0 0 0 0 2 3896 26492 
0 0 0 0 0 0 0 2 3906 26483 
0 0 0 0 0 0 0 2 3916 26474 
0 0 0 0 0 0 0 2 3926 26465 
0 0 0 0 0 0 0 2 3936 26456 
0 0 0 0 0 0 0 2 3946 26447 
0 0 0 0 0 0 0 2 3956 26438 
0 0 0 0 0 0 0 2 3966 26429 
0 0 0 0 0 0 0 2 3976 26420 
0 0 0 0 0 0 0 2 3986 26411 
0 0 0 0 0 0 0 2 3996 26402 
0 0 0 0 0 0 0 2 4006 26393 
0 0 0 0 0 0 0 2 4016 26384 
0 0 0 0 0 0 0 2 4026 26375 
0 0 0 0 0 0 0 2 4036 26366 
0 0 0 0 0 0 0 2 4046 26357 
0 0 0 0 0 0 0 2 4056 26348 
0 0 0 0 0 0 0 2 4066 26339 
0 0 0 0 0 0 0 2 4076 26330 
0 0 0 0 0 0 0 2 4086 26321 
0 0 0 0 0 0 0 2 4096 26312 
0 0 0 0 0 0 0 2 4106 26303 
0 0 0 0 0 0 0 2 4116 26294 
0 0 0 0 0 0 0 2 4126 26285 
0 0 0 0 0 0 0 2 4136 26276 
0 0 0 0 0 0 0 2 4146 26267 
0 0 0 0 0 0 0 2 4156 26258 
0 0 0 0 0 0 0 2 4166 26249 
0 0 0 0 0 0 0 2 4176 26240 
0 0 0 0 0 0 0 2 4186 26231 
0 0 0 0 0 0 0 2 4196 26222 
0 0 0 0 0 0 0 2 4206 26213 
0 0 0 0 0 0 0 2 4216 26204 
0 0 0 0 0 0 0 2 4226 26195 
0 0 0 0 0 0 0 2 4236 26186 
0 0 0 0 0 0 0 2 4246 26177 
0 0 0 0 0 0 0 2 4256 26168 
0 0 0 0 0 0 0 2 4266 26159 
0 0 0 0 0 0 0 2 4276 26150 
0 0 0 0 0 0 0 2 4286 26141 
0 0 0 0 0 0 0 2 4296 26132 
0 0 0 0 0 0 0 2 4306 26123 
0 0 0 0 0 0 0 2 4316 26114 
0 0 0 0 0 0 0 2 4326 26105 
0 0 0 0 0 0 0 2 4336 26096 
0 0 0 0 0 0 0 2 4346 26087 
0 0 0 0 0 0 0 2 4356 26078 
0 0 0 0 0 0 0 2 4366 26069 
0 0 0 0 0 0 0 2 4376 26060 
0 0 0 0 0 0 0 2 4386 26051 
0 0 0 0 0 0 0 2 4396 26042 
0 0 0 0 0 0 0 2 4406 26033 
0 0 0 0 0 0 0 2 4416 26024 
0 0 0 0 0 0 0 2 4426 26015 
0 0 0 0 0 0 0 2 4436 26006 
0 0 0 0 0 0 0 2 4446 25997 
0 0 0 0 0 0 0 2 4456 25988 
0 0 0 0 0 0 0 2 4466 25979 
0 0 0 0 0 0 0 2 4476 25970 
0 0 0 0 0 0 0 2 4486 25961 
0 0 0 0 0 0 0 2 4496 25952 
0 0 0 0 0 0 0 2 4506 25943 
0 0 0 0 0 0 0 2 4516 25934 
0 0 0 0 0 0 0 2 4526 25925 
0 0 0 0 0 0 0 2 4536 25916 
0 0 0 0 0 0 0 2 4546 25907 
0 0 0 0 0 0 0 2 4556 25898 
0 0 0 0 0 0 0 2 4566 25889 
0 0 0 0 0 0 0 2 4576 25880 
0 0 0 0 0 0 0 2 4586 25871 
0 0 0 0 0 0 0 2 4596 25862 
0 0 0 0 0 0 0 2 4606 25853 
0 0 0 0 0 0 0 2 4616 25844 
0 0 0 0 0 0 0 2 4626 25835 
0 0 0 0 0 0 0 2 4636 25826 
0 0 0 0 0 0 0 2 4646 25817 
0 0 0 0 0 0 0 2 4656 25808 
0 0 0 0 0 0 0 2 4666 25799 
0 0 0 0 0 0 0 2 4676 25790 
0 0 0 0 0 0 0 2 4686 25781 
0 0 0 0 0 0 0 2 4696 25772 
0 0 0 0 0 0 0 2 4706 25763 
0 0 0 0 0 0 0 2 4716 25754 
0 0 0 0 0 0 0 2 4726 25745 
0 0 0 0 0 0 0 2 4736 25736 
0 0 0 0 0 0 0 2 4746 25727 
0 0 0 0 0 0 0 2 4756 25718 
0 0 0 0 0 0 0 2 4766 25709 
0 0 0 0 0 0 0 2 4776 25700 
0 0 0 0 0 0 0 2 4786 25691 
0 0 0 0 0 0 0 2 4796 25682 
0 0 0 0 0 0 0 2 4806 25673 
0 0 0 0 0 0 0 2 4816 25664 
0 0 0 0 0 0 0 2 4826 25655 
0 0 0 0 0 0 0 2 4836 25646 
0 0 0 0 0 0 0 2 4846 25637 
0 0 0 0 0 0 0 2 4856 25628 
0 0 0 0 0 0 0 2 4866 25619 
0 0 0 0 0 0 0 2 4876 25610 
0 0 0 0 0 0 0 2 4886 25601 
0 0 0 0 0 0 0 2 4896 25592 
0 0 0 0 0 0 0 2 4906 25583 
0 0 0 0 0 0 0 2 4916 25574 
0 0 0 0 0 0 0 2 4926 25565 
0 0 0 0 0 0 0 2 4936 25556 
0 0 0 0 0 0 0 2 4946 25547 
0 0 0 0 0 0 0 2 4956 25538 
0 0 0 0 0 0 0 2 4966 25529 
0 0 0 0 0 0 0 2 4976 25520 
0 0 0 0 0 0 0 2 4986 25511 
0 0 0 0 0 0 0 2 4996 25502 
0 0 0 0 0 0 0 2 5006 25493 
0 0 0 0 0 0 0 2 5016 25484 
0 0 0 0 0 0 0 2 5026 25475 
0 0 0 0 0 0 0 2 5036 25466 
0 0 0 0 0 0 0 2 5046 25457 
0 0 0 0 0 0 0 2 5056 25448 
0 0 0 0 0 0 0 2 5066 25439 
0 0 0 0 0 0 0 2 5076 25430 
0 0 0 0 0 0 0 2 5086 25421 
0 0 0 0 0 0 0 2 5096 25412 
0 0 0 0 0 0 0 2 5106 25403 
0 0 0 0 0 0 0 2 5116 25394 
0 0 0 0 0 0 0 2 5126 25385 
0 0 0 0 0 0 0 2 5136 25376 
0 0 0 0 0 0 0 2 5146 25367 
0 0 0 0 0 0 0 2 5156 25358 
0 0 0 0 0 0 0 2 5166 25349 
0 0 0 0 0 0 0 2 5176 25340 
0 0 0 0 0 0 0 2 5186 25331 
0 0 0 0 0 0 0 2 5196 25322 
0 0 0 0 0 0 0 2 5206 25313 
0 0 0 0 0 0 0 2 5216 25304 
0 0 0 0 0 0 0 2 5226 25295 
0 0 0 0 0 0 0 2 5236 25286 
0 0 0 0 0 0 0 2 5246 25277 
0 0 0 0 0 0 0 2 5256 25268 
0 0 0 0 0 0 0 2 5266 25259 
0 0 0 0 0 0 0 2 5276 25250 
0 0 0 0 0 0 0 2 5286 25241 
0 0 0 0 0 0 0 2 5296 25232 
0 0 0 0 0 0 0 2 5306 25223 
0 0 0 0 0 0 0 2 5316 25214 
0 0 0 0 0 0 0 2 5326 25205 
0 0 0 0 0 0 0 2 5336 25196 
0 0 0 0 0 0 0 2 5346 25187 
0 0 0 0 0 0 0 2 5356 25178 
0 0 0 0 0 0 0 2 5366 25169 
0 0 0 0 0 0 0 2 5376 25160 
0 0 0 0 0 0 0 2 5386 25151 
0 0 0 0 0 0 0 2 5396 25142 
0 0 0 0 0 0 0 2 5406 25133 
0 0 0 0 0 0 0 2 5416 25124 
0 0 0 0 0 0 0 2 5426 25115 
0 0 0 0 0 0 0 2 5436 25106 
0 0 0 0 0 0 0 2 5446 25097 
0 0 0 0 0 0 0 2 5456 25088 
0 0 0 0 0 0 0 2 5466 25079 
0 0 0 0 0 0 0 2 5476 25070 
0 0 0 0 0 0 0 2 5486 25061 
0 0 0 0 0 0 0 2 5496 25052 
0 0 0 0 0 0 0 2 5506 25043 
0 0 0 0 0 0 0 2 5516 25034 
0 0 0 0 0 0 0 2 5526 25025 
0 0 0 0 0 0 0 2 5536 25016 
0 0 0 0 0 0 0 2 5546 25007 
0 0 0 0 0 0 0 2 5556 24998 
0 0 0 0 0 0 0 2 5566 24989 
0 0 0 0 0 0 0 2 5576 24980 
0 0 0 0 0 0 0 2 5586 24971 
0 0 0 0 0 0 0 2 5596 24962 
0 0 0 0 0 0 0 2 5606 24953 
0 0 0 0 0 0 0 2 5616 24944 
0 0 0 0 0 0 0 2 5626 24935 
0 0 0 0 0 0 0 2 5636 24926 
0 0 0 0 0 0 0 2 5646 24917 
0 0 0 0 0 0 0 2 5656 24908 
0 0 0 0 0 0 0 2 5666 24899 
0 0 0 0 0 0 0 2 5676 24890 
0 0 0 0 0 0 0 2 5686 24881 
0 0 0 0 0 0 0 2 5696 24872 
0 0 0 0 0 0 0 2 5706 24863 
0 0 0 0 0 0 0 2 5716 24854 
0 0 0 0 0 0 0 2 5726 24845 
0 0 0 0 0 0 0 2 5736 24836 
0 0 0 0 0 0 0 2 5746 24827 
0 0 0 0 0 0 0 2 5756 24818 
0 0 0 0 0 0 0 2 5766 24809 
0 0 0 0 0 0 0 2 5776 24800 
0 0 0 0 0 0 0 2 5786 24791 
0 0 0 0 0 0 0 2 5796 24782 
0 0 0 0 0 0 0 2 5806 24773 
0 0 0 0 0 0 0 2 5816 24764 
0 0 0 0 0 0 0 2 5826 24755 
0 0 0 0 0 0 0 2 5836 24746 
0 0 0 0 0 0 0 2 5846 24737 
0 0 0 0 0 0 0 2 5856 24728 
0 0 0 0 0 0 0 2 5866 24719 
0 0 0 0 0 0 0 2 5876 24710 
0 0 0 0 0 0 0 2 5886 24701 
0 0 0 0 0 0 0 2 5896 24692 
0 0 0 0 0 0 0 2 5906 24683 
0 0 0 0 0 0 0 2 5916 24674 
0 0 0 0 0 0 0 2 5926 24665 
0 0 0 0 0 0 0 2 5936 24656 
0 0 0 0 0 0 0 2 5946 24647 
0 0 0 0 0 0 0 2 5956 24638 
0 0 0 0 0 0 0 2 5966 24629 
0 0 0 0 0 0 0 2 5976 24620 
0 0 0 0 0 0 0 2 5986 24611 
0 0 0 0 0 0 0 2 5996 24602 
0 0 0 0 0 0 0 2 6006 24593 
0 0 0 0 0 0 0 2 6016 24584 
0 0 0 0 0 0 0 2 6026 24575 
0 0 0 0 0 0 0 2 6036 24566 
0 0 0 0 0 0 0 2 6046 24557 
0 0 0 0 0 0 0 2 6056 24548 
0 0 0 0 0 0 0 2 6066 24539 
0 0 0 0 0 0 0 2 6076 24530 
0 0 0 0 0 0 0 2 6086 24521 
0 0 0 0 0 0 0 2 6096 24512 
0 0 0 0 0 0 0 2 6106 24503 
0 0 0 0 0 0 0 2 6116 24494 
0 0 0 0 0 0 0 2 6126 24485 
0 0 0 0 0 0 0 2 6136 24476 
0 0 0 0 0 0 0 2 6146 24467 
0 0 0 0 0 0 0 2 6156 24458 
0 0 0 0 0 0 0 2 6166 24449 
0 0 0 0 0 0 0 2 6176 24440 
0 0 0 0 0 0 0 2 6186 24431 
0 0 0 0 0 0 0 2 6196 24422 
0 0 0 0 0 0 0 2 6206 24413 
0 0 0 0 0 0 0 2 6216 24404 
0 0 0 0 0 0 0 2 6226 24395 
0 0 0 0 0 0 0 2 6236 24386 
0 0 0 0 0 0 0 2 6246 24377 
0 0 0 0 0 0 0 2 6256 24368 
0 0 0 0 0 0 0 2 6266 24359 
0 0 0 0 0 0 0 2 6276 24350 
0 0 0 0 0 0 0 2 6286 24341 
0 0 0 0 0 0 0 2 6296 24332 
0 0 0 0 0 0 0 2 6306 24323 
0 0 0 0 0 0 0 2 6316 24314 
0 0 0 0 0 0 0 2 6326 24305 
0 0 0 0 0 0 0 2 6336 24296 
0 0 0 0 0 0 0 2 6346 24287 
0 0 0 0 0 0 0 2 6356 24278 
0 0 0 0 0 0 0 2 6366 24269 
0 0 0 0 0 0 0 2 6376 24260 
0 0 0 0 0 0 0 2 6386 24251 
0 0 0 0 0 0 0 2 6396 24242 
0 0 0 0 0 0 0 2 6406 24233 
0 0 0 0 0 0 0 2 6416 24224 
0 0 0 0 0 0 0 2 6426 24215 
0 0 0 0 0 0 0 2 6436 24206 
0 0 0 0 0 0 0 2 6446 24197 
0 0 0 0 0 0 0 2 6456 24188 
0 0 0 0 0 0 0 2 6466 24179 
0 0 0 0 0 0 0 2 6476 24170 
0 0 0 0 0 0 0 2 6486 24161 
0 0 0 0 0 0 0 2 6496 24152 
0 0 0 0 0 0 0 2 6506 24143 
0 0 0 0 0 0 0 2 6516 24134 
0 0 0 0 0 0 0 2 6526 24125 
0 0 0 0 0 0 0 2 6536 24116 
0 0 0 0 0 0 0 2 6546 24107 
0 0 0 0 0 0 0 2 6556 24098 
0 0 0 0 0 0 0 2 6566 24089 
0 0 0 0 0 0 0 2 6576 24080 
0 0 0 0 0 0 0 2 6586 24071 
0 0 0 0 0 0 0 2 6596 24062 
0 0 0 0 0 0 0 2 6606 24053 
0 0 0 0 0 0 0 2 6616 24044 
0 0 0 0 0 0 0 2 6626 24035 
0 0 0 0 0 0 0 2 6636 24026 
0 0 0 0 0 0 0 2 6646 24017 
0 0 0 0 0 0 0 2 6656 24008 
0 0 0 0 0 0 0 2 6666 23999 
0 0 0 0 0 0 0 2 6676 23990 
0 0 0 0 0 0 0 2 6686 23981 
0 0 0 0 0 0 0 2 6696 23972 
0 0 0 0 0 0 0 2 6706 23963 
0 0 0 0 0 0 0 2 6716 23954 
0 0 0 0 0 0 0 2 6726 23945 
0 0 0 0 0 0 0 2 6736 23936 
0 0 0 0 0 0 0 2 6746 23927 
0 0 0 0 0 0 0 2 6756 23918 
0 0 0 0 0 0 0 2 6766 23909 
0 0 0 0 0 0 0 2 6776 23900 
0 0 0 0 0 0 0 2 6786 23891 
0 0 0 0 0 0 0 2 6796 23882 
0 0 0 0 0 0 0 2 6806 23873 
0 0 0 0 0 0 0 2 6816 23864 
0 0 0 0 0 0 0 2 6826 23855 
0 0 0 0 0 0 0 2 6836 23846 
0 0 0 0 0 0 0 2 6846 23837 
0 0 0 0 0 0 0 2 6856 23828 
0 0 0 0 0 0 0 2 6866 23819 
0 0 0 0 0 0 0 2 6876 23810 
0 0 0 0 0 0 0 2 6886 23801 
0 0 0 0 0 0 0 2 6896 23792 
0 0 0 0 0 0 0 2 6906 23783 
0 0 0 0 0 0 0 2 6916 23774 
0 0 0 0 0 0 0 2 6926 23765 
0 0 0 0 0 0 0 2 6936 23756 
0 0 0 0 0 0 0 2 6946 23747 
0 0 0 0 0 0 0 2 6956 23738 
0 0 0 0 0 0 0 2 6966 23729 
0 0 0 0 0 0 0 2 6976 23720 
0 0 0 0 0 0 0 2 6986 23711 
0 0 0 0 0 0 0 2 6996 23702 
0 0 0 0 0 0 0 2 7006 23693 
0 0 0 0 0 0 0 2 7016 23684 
0 0 0 0 0 0 0 2 7026 23675 
0 0 0 0 0 0 0 2 7036 23666 
0 0 0 0 0 0 0 2 7046 23657 
0 0 0 0 0 0 0 2 7056 23648 
0 0 0 0 0 0 0 2 7066 23639 
0 0 0 0 0 0 0 2 7076 23630 
0 0 0 0 0 0 0 2 7086 23621 
0 0 0 0 0 0 0 2 7096 23612 
0 0 0 0 0 0 0 2 7106 23603 
0 0 0 0 0 0 0 2 7116 23594 
0 0 0 0 0 0 0 2 7126 23585 
0 0 0 0 0 0 0 2 7136 23576 
0 0 0 0 0 0 0 2 7146 23567 
0 0 0 0 0 0 0 2 7156 23558 
0 0 0 0 0 0 0 2 7166 23549 
0 0 0 0 0 0 0 2 7176 23540 
0 0 0 0 0 0 0 2 7186 23531 
0 0 0 0 0 0 0 2 7196 23522 
0 0 0 0 0 0 0 2 7206 23513 
0 0 0 0 0 0 0 2 7216 23504 
0 0 0 0 0 0 0 2 7226 23495 
0 0 0 0 0 0 0 2 7236 23486 
0 0 0 0 0 0 0 2 7246 23477 
0 0 0 0 0 0 0 2 7256 23468 
0 0 0 0 0 0 0 2 7266 23459 
0 0 0 0 0 0 0 2 7276 23450 
0 0 0 0 0 0 0 2 7286 23441 
0 0 0 0 0 0 0 2 7296 23432 
0 0 0 0 0 0 0 2 7306 23423 
0 0 0 0 0 0 0 2 7316 23414 
0 0 0 0 0 0 0 2 7326 23405 
0 0 0 0 0 0 0 2 7336 23396 
0 0 0 0 0 0 0 2 7346 23387 
0 0 0 0 0 0 0 2 7356 23378 
0 0 0 0 0 0 0 2 7366 23369 
0 0 0 0 0 0 0 2 7376 23360 
0 0 0 0 0 0 0 2 7386 23351 
0 0 0 0 0 0 0 2 7396 23342 
0 0 0 0 0 0 0 2 7406 23333 
0 0 0 0 0 0 0 2 7416 23324 
0 0 0 0 0 0 0 2 7426 23315 
0 0 0 0 0 0 0 2 7436 23306 
0 0 0 0 0 0 0 2 7446 23297 
0 0 0 0 0 0 0 2 7456 23288 
0 0 0 0 0 0 0 2 7466 23279 
0 0 0 0 0 0 0 2 7476 23270 
0 0 0 0 0 0 0 2 7486 23261 
0 0 0 0 0 0 0 2 7496 23252 
0 0 0 0 0 0 0 2 7506 23243 
0 0 0 0 0 0 0 2 7516 23234 
0 0 0 0 0 0 0 2 7526 23225 
0 0 0 0 0 0 0 2 7536 23216 
0 0 0 0 0 0 0 2 7546 23207 
0 0 0 0 0 0 0 2 7556 23198 
0 0 0 0 0 0 0 2 7566 23189 
0 0 0 0 0 0 0 2 7576 23180 
0 0 0 0 0 0 0 2 7586 23171 
0 0 0 0 0 0 0 2 7596 23162 
0 0 0 0 0 0 0 2 7606 23153 
0 0 0 0 0 0 0 2 7616 23144 
0 0 0 0 0 0 0 2 7626 23135 
0 0 0 0 0 0 0 2 7636 23126 
0 0 0 0 0 0 0 2 7646 23117 
0 0 0 0 0 0 0 2 7656 23108 
0 0 0 0 0 0 0 2 7666 23099 
0 0 0 0 0 0 0 2 7676 23090 
0 0 0 0 0 0 0 2 7686 23081 
0 0 0 0 0 0 0 2 7696 23072 
0 0 0 0 0 0 0 2 7706 23063 
0 0 0 0 0 0 0 2 7716 23054 
0 0 0 0 0 0 0 2 7726 23045 
0 0 0 0 0 0 0 2 7736 23036 
0 0 0 0 0 0 0 2 7746 23027 
0 0 0 0 0 0 0 2 7756 23018 
0 0 0 0 0 0 0 2 7766 23009 
0 0 0 0 0 0 0 2 7776 23000 
0 0 0 0 0 0 0 2 7786 22991 
0 0 0 0 0 0 0 2 7796 22982 
0 0 0 0 0 0 0 2 7806 22973 
0 0 0 0 0 0 0 2 7816 22964 
0 0 0 0 0 0 0 2 7826 22955 
0 0 0 0 0 0 0 2 7836 22946 
0 0 0 0 0 0 0 2 7846 22937 
0 0 0 0 0 0 0 2 7856 22928 
0 0 0 0 0 0 0 2 7866 22919 
0 0 0 0 0 0 0 2 7876 22910 
0 0 0 0 0 0 0 2 7886 22901 
0 0 0 0 0 0 0 2 7896 22892 
0 0 0 0 0 0 0 2 7906 22883 
0 0 0 0 0 0 0 2 7916 22874 
0 0 0 0 0 0 0 2 7926 22865 
0 0 0 0 0 0 0 2 7936 22856 
0 0 0 0 0 0 0 2 7946 22847 
0 0 0 0 0 0 0 2 7956 22838 
0 0 0 0 0 0 0 2 7966 22829 
0 0 0 0 0 0 0 2 7976 22820 
0 0 0 0 0 0 0 2 7986 22811 
0 0 0 0 0 0 0 2 7996 22802 
0 0 0 0 0 0 0 2 8006 22793 
0 0 0 0 0 0 0 2 8016 22784 
0 0 0 0 0 0 0 2 8026 22775 
0 0 0 0 0 0 0 2 8036 22766 
0 0 0 0 0 0 0 2 8046 22757 
0 0 0 0 0 0 0 2 8056 22748 
0 0 0 0 0 0 0 2 8066 22739 
0 0 0 0 0 0 0 2 8076 22730 
0 0 0 0 0 0 0 2 8086 22721 
0 0 0 0 0 0 0 2 8096 22712 
0 0 0 0 0 0 0 2 8106 22703 
0 0 0 0 0 0 0 2 8116 22694 
0 0 0 0 0 0 0 2 8126 22685 
0 0 0 0 0 0 0 2 8136 22676 
0 0 0 0 0 0 0 2 8146 22667 
0 0 0 0 0 0 0 2 8156 22658 
0 0 0 0 0 0 0 2 8166 22649 
0 0 0 0 0 0 0 2 8176 22640 
0 0 0 0 0 0 0 2 8186 22631 
0 0 0 0 0 0 0 2 8196 22622 
0 0 0 0 0 0 0 2 8206 22613 
0 0 0 0 0 0 0 2 8216 22604 
0 0 0 0 0 0 0 2 8226 22595 
0 0 0 0 0 0 0 2 8236 22586 
0 0 0 0 0 0 0 2 8246 22577 
0 0 0 0 0 0 0 2 8256 22568 
0 0 0 0 0 0 0 2 8266 22559 
0 0 0 0 0 0 0 2 8276 22550 
0 0 0 0 0 0 0 2 8286 22541 
0 0 0 0 0 0 0 2 8296 22532 
0 0 0 0 0 0 0 2 8306 22523 
0 0 0 0 0 0 0 2 8316 22514 
0 0 0 0 0 0 0 2 8326 22505 
0 0 0 0 0 0 0 2 8336 22496 
0 0 0 0 0 0 0 2 8346 22487 
0 0 0 0 0 0 0 2 8356 22478 
0 0 0 0 0 0 0 2 8366 22469 
0 0 0 0 0 0 0 2 8376 22460 
0 0 0 0 0 0 0 2 8386 22451 
0 0 0 0 0 0 0 2 8396 22442 
0 0 0 0 0 0 0 2 8406 22433 
0 0 0 0 0 0 0 2 8416 22424 
0 0 0 0 0 0 0 2 8426 22415 
0 0 0 0 0 0 0 2 8436 22406 
0 0 0 0 0 0 0 2 8446 22397 
0 0 0 0 0 0 0 2 8456 22388 
0 0 0 0 0 0 0 2 8466 22379 
0 0 0 0 0 0 0 2 8476 22370 
0 0 0 0 0 0 0 2 8486 22361 
0 0 0 0 0 0 0 2 8496 22352 
0 0 0 0 0 0 0 2 8506 22343 
0 0 0 0 0 0 0 2 8516 22334 
0 0 0 0 0 0 0 2 8526 22325 
0 0 0 0 0 0 0 2 8536 22316 
0 0 0 0 0 0 0 2 8546 22307 
0 0 0 0 0 0 0 2 8556 22298 
0 0 0 0 0 0 0 2 8566 22289 
0 0 0 0 0 0 0 2 8576 22280 
0 0 0 0 0 0 0 2 8586 22271 
0 0 0 0 0 0 0 2 8596 22262 
0 0 0 0 0 0 0 2 8606 22253 
0 0 0 0 0 0 0 2 8616 22244 
0 0 0 0 0 0 0 2 8626 22235 
0 0 0 0 0 0 0 2 8636 22226 
0 0 0 0 0 0 0 2 8646 22217 
0 0 0 0 0 0 0 2 8656 22208 
0 0 0 0 0 0 0 2 8666 22199 
0 0 0 0 0 0 0 2 8676 22190 
0 0 0 0 0 0 0 2 8686 22181 
0 0 0 0 0 0 0 2 8696 22172 
0 0 0 0 0 0 0 2 8706 22163 
0 0 0 0 0 0 0 2 8716 22154 
0 0 0 0 0 0 0 2 8726 22145 
0 0 0 0 0 0 0 2 8736 22136 
0 0 0 0 0 0 0 2 8746 22127 
0 0 0 0 0 0 0 2 8756 22118 
0 0 0 0 0 0 0 2 8766 22109 
0 0 0 0 0 0 0 2 8776 22100 
0 0 0 0 0 0 0 2 8786 22091 
0 0 0 0 0 0 0 2 8796 22082 
0 0 0 0 0 0 0 2 8806 22073 
0 0 0 0 0 0 0 2 8816 22064 
0 0 0 0 0 0 0 2 8826 22055 
0 0 0 0 0 0 0 2 8836 22046 
0 0 0 0 0 0 0 2 8846 22037 
0 0 0 0 0 0 0 2 8856 22028 
0 0 0 0 0 0 0 2 8866 22019 
0 0 0 0 0 0 0 2 8876 22010 
0 0 0 0 0 0 0 2 8886 22001 
0 0 0 0 0 0 0 2 8896 21992 
0 0 0 0 0 0 0 2 8906 21983 
0 0 0 0 0 0 0 2 8916 21974 
0 0 0 0 0 0 0 2 8926 21965 
0 0 0 0 0 0 0 2 8936 21956 
0 0 0 0 0 0 0 2 8946 21947 
0 0 0 0 0 0 0 2 8956 21938 
0 0 0 0 0 0 0 2 8966 21929 
0 0 0 0 0 0 0 2 8976 21920 
0 0 0 0 0 0 0 2 8986 21911 
0 0 0 0 0 0 0 2 8996 21902 
0 0 0 0 0 0 0 2 9006 21893 
0 0 0 0 0 0 0 2 9016 21884 
0 0 0 0 0 0 0 2 9026 21875 
0 0 0 0 0 0 0 2 9036 21866 
0 0 0 0 0 0 0 2 9046 21857 
0 0 0 0 0 0 0 2 9056 21848 
0 0 0 0 0 0 0 2 9066 21839 
0 0 0 0 0 0 0 2 9076 21830 
0 0 0 0 0 0 0 2 9086 21821 
0 0 0 0 0 0 0 2 9096 21812 
0 0 0 0 0 0 0 2 9106 21803 
0 0 0 0 0 0 0 2 9116 21794 
0 0 0 0 0 0 0 2 9126 21785 
0 0 0 0 0 0 0 2 9136 21776 
0 0 0 0 0 0 0 2 9146 21767 
0 0 0 0 0 0 0 2 9156 21758 
0 0 0 0 0 0 0 2 9166 21749 
0 0 0 0 0 0 0 2 9176 21740 
0 0 0 0 0 0 0 2 9186 21731 
0 0 0 0 0 0 0 2 9196 21722 
0 0 0 0 0 0 0 2 9206 21713 
0 0 0 0 0 0 0 2 9216 21704 
0 0 0 0 0 0 0 2 9226 21695 
0 0 0 0 0 0 0 2 9236 21686 
0 0 0 0 0 0 0 2 9246 21677 
0 0 0 0 0 0 0 2 9256 21668 
0 0 0 0 0 0 0 2 9266 21659 
0 0 0 0 0 0 0 2 9276 21650 
0 0 0 0 0 0 0 2 9286 21641 
0 0 0 0 0 0 0 2 9296 21632 
0 0 0 0 0 0 0 2 9306 21623 
0 0 0 0 0 0 0 2 9316 21614 
0 0 0 0 0 0 0 2 9326 21605 
0 0 0 0 0 0 0 2 9336 21596 
0 0 0 0 0 0 0 2 9346 21587 
0 0 0 0 0 0 0 2 9356 21578 
0 0 0 0 0 0 0 2 9366 21569 
0 0 0 0 0 0 0 2 9376 21560 
0 0 0 0 0 0 0 2 9386 21551 
0 0 0 0 0 0 0 2 9396 21542 
0 0 0 0 0 0 0 2 9406 21533 
0 0 0 0 0 0 0 2 9416 21524 
0 0 0 0 0 0 0 2 9426 21515 
0 0 0 0 0 0 0 2 9436 21506 
0 0 0 0 0 0 0 2 9446 21497 
0 0 0 0 0 0 0 2 9456 21488 
0 0 0 0 0 0 0 2 9466 21479 
0 0 0 0 0 0 0 2 9476 21470 
0 0 0 0 0 0 0 2 9486 21461 
0 0 0 0 0 0 0 2 9496 21452 
0 0 0 0 0 0 0 2 9506 21443 
0 0 0 0 0 0 0 2 9516 21434 
0 0 0 0 0 0 0 2 9526 21425 
0 0 0 0 0 0 0 2 9536 21416 
0 0 0 0 0 0 0 2 9546 21407 
0 0 0 0 0 0 0 2 9556 21398 
0 0 0 0 0 0 0 2 9566 21389 
0 0 0 0 0 0 0 2 9576 21380 
0 0 0 0 0 0 0 2 9586 21371 
0 0 0 0 0 0 0 2 9596 21362 
0 0 0 0 0 0 0 2 9606 21353 
0 0 0 0 0 0 0 2 9616 21344 
0 0 0 0 0 0 0 2 9626 21335 
0 0 0 0 0 0 0 2 9636 21326 
0 0 0 0 0 0 0 2 9646 21317 
0 0 0 0 0 0 0 2 9656 21308 
0 0 0 0 0 0 0 2 9666 21299 
0 0 0 0 0 0 0 2 9676 21290 
0 0 0 0 0 0 0 2 9686 21281 
0 0 0 0 0 0 0 2 9696 21272 
0 0 0 0 0 0 0 2 9706 21263 
0 0 0 0 0 0 0 2 9716 21254 
0 0 0 0 0 0 0 2 9726 21245 
0 0 0 0 0 0 0 2 9736 21236 
0 0 0 0 0 0 0 2 9746 21227 
0 0 0 0 0 0 0 2 9756 21218 
0 0 0 0 0 0 0 2 9766 21209 
0 0 0 0 0 0 0 2 9776 21200 
0 0 0 0 0 0 0 2 9786 21191 
0 0 0 0 0 0 0 2 9796 21182 
0 0 0 0 0 0 0 2 9806 21173 
0 0 0 0 0 0 0 2 9816 21164 
0 0 0 0 0 0 0 2 9826 21155 
0 0 0 0 0 0 0 2 9836 21146 
0 0 0 0 0 0 0 2 9846 21137 
0 0 0 0 0 0 0 2 9856 21128 
0 0 0 0 0 0 0 2 9866 21119 
0 0 0 0 0 0 0 2 9876 21110 
0 0 0 0 0 0 0 2 9886 21101 
0 0 0 0 0 0 0 2 9896 21092 
0 0 0 0 0 0 0 2 9906 21083 
0 0 0 0 0 0 0 2 9916 21074 
0 0 0 0 0 0 0 2 9926 21065 
0 0 0 0 0 0 0 2 9936 21056 
0 0 0 0 0 0 0 2 9946 21047 
0 0 0 0 0 0 0 2 9956 21038 
0 0 0 0 0 0 0 2 9966 21029 
0 0 0 0 0 0 0 2 9976 21020 
0 0 0 0 0 0 0 2 9986 21011 
0 0 0 0 0 0 0 2 9996 21002 
0 0 0 0 0 0 0 2 10006 20993 
0 0 0 0 0 0 0 2 10016 20984 
0 0 0 0 0 0 0 2 10026 20975 
0 0 0 0 0 0 0 2 10036 20966 
0 0 0 0 0 0 0 2 10046 20957 
0 0 0 0 0 0 0 2 10056 20948 
0 0 0 0 0 0 0 2 10066 20939 
0 0 0 0 0 0 0 2 10076 20930 
0 0 0 0 0 0 0 2 10086 20921 
0 0 0 0 0 0 0 2 10096 20912 
0 0 0 0 0 0 0 2 10106 20903 
0 0 0 0 0 0 0 2 10116 20894 
0 0 0 0 0 0 0 2 10126 20885 
0 0 0 0 0 0 0 2 10136 20876 
0 0 0 0 0 0 0 2 10146 20867 
0 0 0 0 0 0 0 2 10156 20858 
0 0 0 0 0 0 0 2 10166 20849 
0 0 0 0 0 0 0 2 10176 20840 
0 0 0 0 0 0 0 2 10186 20831 
0 0 0 0 0 0 0 2 10196 20822 
0 0 0 0 0 0 0 2 10206 20813 
0 0 0 0 0 0 0 2 10216 20804 
0 0 0 0 0 0 0 2 10226 20795 
0 0 0 0 0 0 0 2 10236 20786 
0 0 0 0 0 0 0 2 10246 20777 
0 0 0 0 0 0 0 2 10256 20768 
0 0 0 0 0 0 0 2 10266 20759 
0 0 0 0 0 0 0 2 10276 20750 
0 0 0 0 0 0 0 2 10286 20741 
0 0 0 0 0 0 0 2 10296 20732 
0 0 0 0 0 0 0 2 10306 20723 
0 0 0 0 0 0 0 2 10316 20714 
0 0 0 0 0 0 0 2 10326 20705 
0 0 0 0 0 0 0 2 10336 20696 
0 0 0 0 0 0 0 2 10346 20687 
0 0 0 0 0 0 0 2 10356 20678 
0 0 0 0 0 0 0 2 10366 20669 
0 0 0 0 0 0 0 2 10376 20660 
0 0 0 0 0 0 0 2 10386 20651 
0 0 0 0 0 0 0 2 10396 20642 
0 0 0 0 0 0 0 2 10406 20633 
0 0 0 0 0 0 0 2 10416 20624 
0 0 0 0 0 0 0 2 10426 20615 
0 0 0 0 0 0 0 2 10436 20606 
0 0 0 0 0 0 0 2 10446 20597 
0 0 0 0 0 0 0 2 10456 20588 
0 0 0 0 0 0 0 2 10466 20579 
0 0 0 0 0 0 0 2 10476 20570 
0 0 0 0 0 0 0 2 10486 20561 
0 0 0 0 0 0 0 2 10496 20552 
0 0 0 0 0 0 0 2 10506 20543 
0 0 0 0 0 0 0 2 10516 20534 
0 0 0 0 0 0 0 2 10526 20525 
0 0 0 0 0 0 0 2 10536 20516 
0 0 0 0 0 0 0 2 10546 20507 
0 0 0 0 0 0 0 2 10556 20498 
0 0 0 0 0 0 0 2 10566 20489 
0 0 0 0 0 0 0 2 10576 20480 
0 0 0 0 0 0 0 2 10586 20471 
0 0 0 0 0 0 0 2 10596 20462 
0 0 0 0 0 0 0 2 10606 20453 
0 0 0 0 0 0 0 2 10616 20444 
0 0 0 0 0 0 0 2 10626 20435 
0 0 0 0 0 0 0 2 10636 20426 
0 0 0 0 0 0 0 2 10646 20417 
0 0 0 0 0 0 0 2 10656 20408 
0 0 0 0 0 0 0 2 10666 20399 
0 0 0 0 0 0 0 2 10676 20390 
0 0 0 0 0 0 0 2 10686 20381 
0 0 0 0 0 0 0 2 10696 20372 
0 0 0 0 0 0 0 2 10706 20363 
0 0 0 0 0 0 0 2 10716 20354 
0 0 0 0 0 0 0 2 10726 20345 
0 0 0 0 0 0 0 2 10736 20336 
0 0 0 0 0 0 0 2 10746 20327 
0 0 0 0 0 0 0 2 10756 20318 
0 0 0 0 0 0 0 2 10766 20309 
0 0 0 0 0 0 0 2 10776 20300 
0 0 0 0 0 0 0 2 10786 20291 
0 0 0 0 0 0 0 2 10796 20282 
0 0 0 0 0 0 0 2 10806 20273 
0 0 0 0 0 0 0 2 10816 20264 
0 0 0 0 0 0 0 2 10826 20255 
0 0 0 0 0 0 0 2 10836 20246 
0 0 0 0 0 0 0 2 10846 20237 
0 0 0 0 0 0 0 2 10856 20228 
0 0 0 0 0 0 0 2 10866 20219 
0 0 0 0 0 0 0 2 10876 20210 
0 0 0 0 0 0 0 2 10886 20201 
0 0 0 0 0 0 0 2 10896 20192 
0 0 0 0 0 0 0 2 10906 20183 
0 0 0 0 0 0 0 2 10916 20174 
0 0 0 0 0 0 0 2 10926 20165 
0 0 0 0 0 0 0 2 10936 20156 
0 0 0 0 0 0 0 2 10946 20147 
0 0 0 0 0 0 0 2 10956 20138 
0 0 0 0 0 0 0 2 10966 20129 
0 0 0 0 0 0 0 2 10976 20120 
0 0 0 0 0 0 0 2 10986 20111 
0 0 0 0 0 0 0 2 10996 20102 
0 0 0 0 0 0 0 2 11006 20093 
0 0 0 0 0 0 0 2 11016 20084 
0 0 0 0 0 0 0 2 11026 20075 
0 0 0 0 0 0 0 2 11036 20066 
0 0 0 0 0 0 0 2 11046 20057 
0 0 0 0 0 0 0 2 11056 20048 
0 0 0 0 0 0 0 2 11066 20039 
0 0 0 0 0 0 0 2 11076 20030 
0 0 0 0 0 0 0 2 11086 20021 
0 0 0 0 0 0 0 2 11096 20012 
0 0 0 0 0 0 0 2 11106 20003 
0 0 0 0 0 0 0 2 11116 19994 
0 0 0 0 0 0 0 2 11126 19985 
0 0 0 0 0 0 0 2 11136 19976 
0 0 0 0 0 0 0 2 11146 19967 
0 0 0 0 0 0 0 2 11156 19958 
0 0 0 0 0 0 0 2 11166 19949 
0 0 0 0 0 0 0 2 11176 19940 
0 0 0 0 0 0 0 2 11186 19931 
0 0 0 0 0 0 0 2 11196 19922 
0 0 0 0 0 0 0 2 11206 19913 
0 0 0 0 0 0 0 2 11216 19904 
0 0 0 0 0 0 0 2 11226 19895 
0 0 0 0 0 0 0 2 11236 19886 
0 0 0 0 0 0 0 2 11246 19877 
0 0 0 0 0 0 0 2 11256 19868 
0 0 0 0 0 0 0 2 11266 19859 
0 0 0 0 0 0 0 2 11276 19850 
0 0 0 0 0 0 0 2 11286 19841 
0 0 0 0 0 0 0 2 11296 19832 
0 0 0 0 0 0 0 2 11306 19823 
0 0 0 0 0 0 0 2 11316 19814 
0 0 0 0 0 0 0 2 11326 19805 
0 0 0 0 0 0 0 2 11336 19796 
0 0 0 0 0 0 0 2 11346 19787 
0 0 0 0 0 0 0 2 11356 19778 
0 0 0 0 0 0 0 2 11366 19769 
0 0 0 0 0 0 0 2 11376 19760 
0 0 0 0 0 0 0 2 11386 19751 
0 0 0 0 0 0 0 2 11396 19742 
0 0 0 0 0 0 0 2 11406 19733 
0 0 0 0 0 0 0 2 11416 19724 
0 0 0 0 0 0 0 2 11426 19715 
0 0 0 0 0 0 0 2 11436 19706 
0 0 0 0 0 0 0 2 11446 19697 
0 0 0 0 0 0 0 2 11456 19688 
0 0 0 0 0 0 0 2 11466 19679 
0 0 0 0 0 0 0 2 11476 19670 
0 0 0 0 0 0 0 2 11486 19661 
0 0 0 0 0 0 0 2 11496 19652 
0 0 0 0 0 0 0 2 11506 19643 
0 0 0 0 0 0 0 2 11516 19634 
0 0 0 0 0 0 0 2 11526 19625 
0 0 0 0 0 0 0 2 11536 19616 
0 0 0 0 0 0 0 2 11546 19607 
0 0 0 0 0 0 0 2 11556 19598 
0 0 0 0 0 0 0 2 11566 19589 
0 0 0 0 0 0 0 2 11576 19580 
0 0 0 0 0 0 0 2 11586 19571 
0 0 0 0 0 0 0 2 11596 19562 
0 0 0 0 0 0 0 2 11606 19553 
0 0 0 0 0 0 0 2 11616 19544 
0 0 0 0 0 0 0 2 11626 19535 
0 0 0 0 0 0 0 2 11636 19526 
0 0 0 0 0 0 0 2 11646 19517 
0 0 0 0 0 0 0 2 11656 19508 
0 0 0 0 0 0 0 2 11666 19499 
0 0 0 0 0 0 0 2 11676 19490 
0 0 0 0 0 0 0 2 11686 19481 
0 0 0 0 0 0 0 2 11696 19472 
0 0 0 0 0 0 0 2 11706 19463 
0 0 0 0 0 0 0 2 11716 19454 
0 0 0 0 0 0 0 2 11726 19445 
0 0 0 0 0 0 0 2 11736 19436 
0 0 0 0 0 0 0 2 11746 19427 
0 0 0 0 0 0 0 2 11756 19418 
0 0 0 0 0 0 0 2 11766 19409 
0 0 0 0 0 0 0 2 11776 19400 
0 0 0 0 0 0 0 2 11786 19391 
0 0 0 0 0 0 0 2 11796 19382 
0 0 0 0 0 0 0 2 11806 19373 
0 0 0 0 0 0 0 2 11816 19364 
0 0 0 0 0 0 0 2 11826 19355 
0 0 0 0 0 0 0 2 11836 19346 
0 0 0 0 0 0 0 2 11846 19337 
0 0 0 0 0 0 0 2 11856 19328 
0 0 0 0 0 0 0 2 11866 19319 
0 0 0 0 0 0 0 2 11876 19310 
0 0 0 0 0 0 0 2 11886 19301 
0 0 0 0 0 0 0 2 11896 19292 
0 0 0 0 0 0 0 2 11906 19283 
0 0 0 0 0 0 0 2 11916 19274 
0 0 0 0 0 0 0 2 11926 19265 
0 0 0 0 0 0 0 2 11936 19256 
0 0 0 0 0 0 0 2 11946 19247 
0 0 0 0 0 0 0 2 11956 19238 
0 0 0 0 0 0 0 2 11966 19229 
0 0 0 0 0 0 0 2 11976 19220 
0 0 0 0 0 0 0 2 11986 19211 
0 0 0 0 0 0 0 2 11996 19202 
0 0 0 0 0 0 0 2 12006 19193 
0 0 0 0 0 0 0 2 12016 19184 
0 0 0 0 0 0 0 2 12026 19175 
0 0 0 0 0 0 0 2 12036 19166 
0 0 0 0 0 0 0 2 12046 19157 
0 0 0 0 0 0 0 2 12056 19148 
0 0 0 0 0 0 0 2 12066 19139 
0 0 0 0 0 0 0 2 12076 19130 
0 0 0 0 0 0 0 2 12086 19121 
0 0 0 0 0 0 0 2 12096 19112 
0 0 0 0 0 0 0 2 12106 19103 
0 0 0 0 0 0 0 2 12116 19094 
0 0 0 0 0 0 0 2 12126 19085 
0 0 0 0 0 0 0 2 12136 19076 
0 0 0 0 0 0 0 2 12146 19067 
0 0 0 0 0 0 0 2 12156 19058 
0 0 0 0 0 0 0 2 12166 19049 
0 0 0 0 0 0 0 2 12176 19040 
0 0 0 0 0 0 0 2 12186 19031 
0 0 0 0 0 0 0 2 12196 19022 
0 0 0 0 0 0 0 2 12206 19013 
0 0 0 0 0 0 0 2 12216 19004 
0 0 0 0 0 0 0 2 12226 18995 
0 0 0 0 0 0 0 2 12236 18986 
0 0 0 0 0 0 0 2 12246 18977 
0 0 0 0 0 0 0 2 12256 18968 
0 0 0 0 0 0 0 2 12266 18959 
0 0 0 0 0 0 0 2 12276 18950 
0 0 0 0 0 0 0 2 12286 18941 
0 0 0 0 0 0 0 2 12296 18932 
0 0 0 0 0 0 0 2 12306 18923 
0 0 0 0 0 0 0 2 12316 18914 
0 0 0 0 0 0 0 2 12326 18905 
0 0 0 0 0 0 0 2 12336 18896 
0 0 0 0 0 0 0 2 12346 18887 
0 0 0 0 0 0 0 2 12356 18878 
0 0 0 0 0 0 0 2 12366 18869 
0 0 0 0 0 0 0 2 12376 18860 
0 0 0 0 0 0 0 2 12386 18851 
0 0 0 0 0 0 0 2 12396 18842 
0 0 0 0 0 0 0 2 12406 18833 
0 0 0 0 0 0 0 2 12416 18824 
0 0 0 0 0 0 0 2 12426 18815 
0 0 0 0 0 0 0 2 12436 18806 
0 0 0 0 0 0 0 2 12446 18797 
0 0 0 0 0 0 0 2 12456 18788 
0 0 0 0 0 0 0 2 12466 18779 
0 0 0 0 0 0 0 2 12476 18770 
0 0 0 0 0 0 0 2 12486 18761 
0 0 0 0 0 0 0 2 12496 18752 
0 0 0 0 0 0 0 2 12506 18743 
0 0 0 0 0 0 0 2 12516 18734 
0 0 0 0 0 0 0 2 12526 18725 
0 0 0 0 0 0 0 2 12536 18716 
0 0 0 0 0 0 0 2 12546 18707 
0 0 0 0 0 0 0 2 12556 18698 
0 0 0 0 0 0 0 2 12566 18689 
0 0 0 0 0 0 0 2 12576 18680 
0 0 0 0 0 0 0 2 12586 18671 
0 0 0 0 0 0 0 2 12596 18662 
0 0 0 0 0 0 0 2 12606 18653 
0 0 0 0 0 0 0 2 12616 18644 
0 0 0 0 0 0 0 2 12626 18635 
0 0 0 0 0 0 0 2 12636 18626 
0 0 0 0 0 0 0 2 12646 18617 
0 0 0 0 0 0 0 2 12656 18608 
0 0 0 0 0 0 0 2 12666 18599 
0 0 0 0 0 0 0 2 12676 18590 
0 0 0 0 0 0 0 2 12686 18581 
0 0 0 0 0 0 0 2 12696 18572 
0 0 0 0 0 0 0 2 12706 18563 
0 0 0 0 0 0 0 2 12716 18554 
0 0 0 0 0 0 0 2 12726 18545 
0 0 0 0 0 0 0 2 12736 18536 
0 0 0 0 0 0 0 2 12746 18527 
0 0 0 0 0 0 0 2 12756 18518 
0 0 0 0 0 0 0 2 12766 18509 
0 0 0 0 0 0 0 2 12776 18500 
0 0 0 0 0 0 0 2 12786 18491 
0 0 0 0 0 0 0 2 12796 18482 
0 0 0 0 0 0 0 2 12806 18473 
0 0 0 0 0 0 0 2 12816 18464 
0 0 0 0 0 0 0 2 12826 18455 
0 0 0 0 0 0 0 2 12836 18446 
0 0 0 0 0 0 0 2 12846 18437 
0 0 0 0 0 0 0 2 12856 18428 
0 0 0 0 0 0 0 2 12866 18419 
0 0 0 0 0 0 0 2 12876 18410 
0 0 0 0 0 0 0 2 12886 18401 
0 0 0 0 0 0 0 2 12896 18392 
0 0 0 0 0 0 0 2 12906 18383 
0 0 0 0 0 0 0 2 12916 18374 
0 0 0 0 0 0 0 2 12926 18365 
0 0 0 0 0 0 0 2 12936 18356 
0 0 0 0 0 0 0 2 12946 18347 
0 0 0 0 0 0 0 2 12956 18338 
0 0 0 0 0 0 0 2 12966 18329 
0 0 0 0 0 0 0 2 12976 18320 
0 0 0 0 0 0 0 2 12986 18311 
0 0 0 0 0 0 0 2 12996 18302 
0 0 0 0 0 0 0 2 13006 18293 
0 0 0 0 0 0 0 2 13016 18284 
0 0 0 0 0 0 0 2 13026 18275 
0 0 0 0 0 0 0 2 13036 18266 
0 0 0 0 0 0 0 2 13046 18257 
0 0 0 0 0 0 0 2 13056 18248 
0 0 0 0 0 0 0 2 13066 18239 
0 0 0 0 0 0 0 2 13076 18230 
0 0 0 0 0 0 0 2 13086 18221 
0 0 0 0 0 0 0 2 13096 18212 
0 0 0 0 0 0 0 2 13106 18203 
0 0 0 0 0 0 0 2 13116 18194 
0 0 0 0 0 0 0 2 13126 18185 
0 0 0 0 0 0 0 2 13136 18176 
0 0 0 0 0 0 0 2 13146 18167 
0 0 0 0 0 0 0 2 13156 18158 
0 0 0 0 0 0 0 2 13166 18149 
0 0 0 0 0 0 0 2 13176 18140 
0 0 0 0 0 0 0 2 13186 18131 
0 0 0 0 0 0 0 2 13196 18122 
0 0 0 0 0 0 0 2 13206 18113 
0 0 0 0 0 0 0 2 13216 18104 
0 0 0 0 0 0 0 2 13226 18095 
0 0 0 0 0 0 0 2 13236 18086 
0 0 0 0 0 0 0 2 13246 18077 
0 0 0 0 0 0 0 2 13256 18068 
0 0 0 0 0 0 0 2 13266 18059 
0 0 0 0 0 0 0 2 13276 18050 
0 0 0 0 0 0 0 2 13286 18041 
0 0 0 0 0 0 0 2 13296 18032 
0 0 0 0 0 0 0 2 13306 18023 
0 0 0 0 0 0 0 2 13316 18014 
0 0 0 0 0 0 0 2 13326 18005 
0 0 0 0 0 0 0 2 13336 17996 
0 0 0 0 0 0 0 2 13346 17987 
0 0 0 0 0 0 0 2 13356 17978 
0 0 0 0 0 0 0 2 13366 17969 
0 0 0 0 0 0 0 2 13376 17960 
0 0 0 0 0 0 0 2 13386 17951 
0 0 0 0 0 0 0 2 13396 17942 
0 0 0 0 0 0 0 2 13406 17933 
0 0 0 0 0 0 0 2 13416 17924 
0 0 0 0 0 0 0 2 13426 17915 
0 0 0 0 0 0 0 2 13436 17906 
0 0 0 0 0 0 0 2 13446 17897 
0 0 0 0 0 0 0 2 13456 17888 
0 0 0 0 0 0 0 2 13466 17879 
0 0 0 0 0 0 0 2 13476 17870 
0 0 0 0 0 0 0 2 13486 17861 
0 0 0 0 0 0 0 2 13496 17852 
0 0 0 0 0 0 0 2 13506 17843 
0 0 0 0 0 0 0 2 13516 17834 
0 0 0 0 0 0 0 2 13526 17825 
0 0 0 0 0 0 0 2 13536 17816 
0 0 0 0 0 0 0 2 13546 17807 
0 0 0 0 0 0 0 2 13556 17798 
0 0 0 0 0 0 0 2 13566 17789 
0 0 0 0 0 0 0 2 13576 17780 
0 0 0 0 0 0 0 2 13586 17771 
0 0 0 0 0 0 0 2 13596 17762 
0 0 0 0 0 0 0 2 13606 17753 
0 0 0 0 0 0 0 2 13616 17744 
0 0 0 0 0 0 0 2 13626 17735 
0 0 0 0 0 0 0 2 13636 17726 
0 0 0 0 0 0 0 2 13646 17717 
0 0 0 0 0 0 0 2 13656 17708 
0 0 0 0 0 0 0 2 13666 17699 
0 0 0 0 0 0 0 2 13676 17690 
0 0 0 0 0 0 0 2 13686 17681 
0 0 0 0 0 0 0 2 13696 17672 
0 0 0 0 0 0 0 2 13706 17663 
0 0 0 0 0 0 0 2 13716 17654 
0 0 0 0 0 0 0 2 13726 17645 
0 0 0 0 0 0 0 2 13736 17636 
0 0 0 0 0 0 0 2 13746 17627 
0 0 0 0 0 0 0 2 13756 17618 
0 0 0 0 0 0 0 2 13766 17609 
0 0 0 0 0 0 0 2 13776 17600 
0 0 0 0 0 0 0 2 13786 17591 
0 0 0 0 0 0 0 2 13796 17582 
0 0 0 0 0 0 0 2 13806 17573 
0 0 0 0 0 0 0 2 13816 17564 
0 0 0 0 0 0 0 2 13826 17555 
0 0 0 0 0 0 0 2 13836 17546 
0 0 0 0 0 0 0 2 13846 17537 
0 0 0 0 0 0 0 2 13856 17528 
0 0 0 0 0 0 0 2 13866 17519 
0 0 0 0 0 0 0 2 13876 17510 
0 0 0 0 0 0 0 2 13886 17501 
0 0 0 0 0 0 0 2 13896 17492 
0 0 0 0 0 0 0 2 13906 17483 
0 0 0 0 0 0 0 2 13916 17474 
0 0 0 0 0 0 0 2 13926 17465 
0 0 0 0 0 0 0 2 13936 17456 
0 0 0 0 0 0 0 2 13946 17447 
0 0 0 0 0 0 0 2 13956 17438 
0 0 0 0 0 0 0 2 13966 17429 
0 0 0 0 0 0 0 2 13976 17420 
0 0 0 0 0 0 0 2 13986 17411 
0 0 0 0 0 0 0 2 13996 17402 
0 0 0 0 0 0 0 2 14006 17393 
0 0 0 0 0 0 0 2 14016 17384 
0 0 0 0 0 0 0 2 14026 17375 
0 0 0 0 0 0 0 2 14036 17366 
0 0 0 0 0 0 0 2 14046 17357 
0 0 0 0 0 0 0 2 14056 17348 
0 0 0 0 0 0 0 2 14066 17339 
0 0 0 0 0 0 0 2 14076 17330 
0 0 0 0 0 0 0 2 14086 17321 
0 0 0 0 0 0 0 2 14096 17312 
0 0 0 0 0 0 0 2 14106 17303 
0 0 0 0 0 0 0 2 14116 17294 
0 0 0 0 0 0 0 2 14126 17285 
0 0 0 0 0 0 0 2 14136 17276 
0 0 0 0 0 0 0 2 14146 17267 
0 0 0 0 0 0 0 2 14156 17258 
0 0 0 0 0 0 0 2 14166 17249 
0 0 0 0 0 0 0 2 14176 17240 
0 0 0 0 0 0 0 2 14186 17231 
0 0 0 0 0 0 0 2 14196 17222 
0 0 0 0 0 0 0 2 14206 17213 
0 0 0 0 0 0 0 2 14216 17204 
0 0 0 0 0 0 0 2 14226 17195 
0 0 0 0 0 0 0 2 14236 17186 
0 0 0 0 0 0 0 2 14246 17177 
0 0 0 0 0 0 0 2 14256 17168 
0 0 0 0 0 0 0 2 14266 17159 
0 0 0 0 0 0 0 2 14276 17150 
0 0 0 0 0 0 0 2 14286 17141 
0 0 0 0 0 0 0 2 14296 17132 
0 0 0 0 0 0 0 2 14306 17123 
0 0 0 0 0 0 0 2 14316 17114 
0 0 0 0 0 0 0 2 14326 17105 
0 0 0 0 0 0 0 2 14336 17096 
0 0 0 0 0 0 0 2 14346 17087 
0 0 0 0 0 0 0 2 14356 17078 
0 0 0 0 0 0 0 2 14366 17069 
0 0 0 0 0 0 0 2 14376 17060 
0 0 0 0 0 0 0 2 14386 17051 
0 0 0 0 0 0 0 2 14396 17042 
0 0 0 0 0 0 0 2 14406 17033 
0 0 0 0 0 0 0 2 14416 17024 
0 0 0 0 0 0 0 2 14426 17015 
0 0 0 0 0 0 0 2 14436 17006 
0 0 0 0 0 0 0 2 14446 16997 
0 0 0 0 0 0 0 2 14456 16988 
0 0 0 0 0 0 0 2 14466 16979 
0 0 0 0 0 0 0 2 14476 16970 
0 0 0 0 0 0 0 2 14486 16961 
0 0 0 0 0 0 0 2 14496 16952 
0 0 0 0 0 0 0 2 14506 16943 
0 0 0 0 0 0 0 2 14516 16934 
0 0 0 0 0 0 0 2 14526 16925 
0 0 0 0 0 0 0 2 14536 16916 
0 0 0 0 0 0 0 2 14546 16907 
0 0 0 0 0 0 0 2 14556 16898 
0 0 0 0 0 0 0 2 14566 16889 
0 0 0 0 0 0 0 2 14576 16880 
0 0 0 0 0 0 0 2 14586 16871 
0 0 0 0 0 0 0 2 14596 16862 
0 0 0 0 0 0 0 2 14606 16853 
0 0 0 0 0 0 0 2 14616 16844 
0 0 0 0 0 0 0 2 14626 16835 
0 0 0 0 0 0 0 2 14636 16826 
0 0 0 0 0 0 0 2 14646 16817 
0 0 0 0 0 0 0 2 14656 16808 
0 0 0 0 0 0 0 2 14666 16799 
0 0 0 0 0 0 0 2 14676 16790 
0 0 0 0 0 0 0 2 14686 16781 
0 0 0 0 0 0 0 2 14696 16772 
0 0 0 0 0 0 0 2 14706 16763 
0 0 0 0 0 0 0 2 14716 16754 
0 0 0 0 0 0 0 2 14726 16745 
0 0 0 0 0 0 0 2 14736 16736 
0 0 0 0 0 0 0 2 14746 16727 
0 0 0 0 0 0 0 2 14756 16718 
0 0 0 0 0 0 0 2 14766 16709 
0 0 0 0 0 0 0 2 14776 16700 
0 0 0 0 0 0 0 2 14786 16691 
0 0 0 0 0 0 0 2 14796 16682 
0 0 0 0 0 0 0 2 14806 16673 
0 0 0 0 0 0 0 2 14816 16664 
0 0 0 0 0 0 0 2 14826 16655 
0 0 0 0 0 0 0 2 14836 16646 
0 0 0 0 0 0 0 2 14846 16637 
0 0 0 0 0 0 0 2 14856 16628 
0 0 0 0 0 0 0 2 14866 16619 
0 0 0 0 0 0 0 2 14876 16610 
0 0 0 0 0 0 0 2 14886 16601 
0 0 0 0 0 0 0 2 14896 16592 
0 0 0 0 0 0 0 2 14906 16583 
0 0 0 0 0 0 0 2 14916 16574 
0 0 0 0 0 0 0 2 14926 16565 
0 0 0 0 0 0 0 2 14936 16556 
0 0 0 0 0 0 0 2 14946 16547 
0 0 0 0 0 0 0 2 14956 16538 
0 0 0 0 0 0 0 2 14966 16529 
0 0 0 0 0 0 0 2 14976 16520 
0 0 0 0 0 0 0 2 14986 16511 
0 0 0 0 0 0 0 2 14996 16502 
0 0 0 0 0 0 0 2 15006 16493 
0 0 0 0 0 0 0 2 15016 16484 
0 0 0 0 0 0 0 2 15026 16475 
0 0 0 0 0 0 0 2 15036 16466 
0 0 0 0 0 0 0 2 15046 16457 
0 0 0 0 0 0 0 2 15056 16448 
0 0 0 0 0 0 0 2 15066 16439 
0 0 0 0 0 0 0 2 15076 16430 
0 0 0 0 0 0 0 2 15086 16421 
0 0 0 0 0 0 0 2 15096 16412 
0 0 0 0 0 0 0 2 15106 16403 
0 0 0 0 0 0 0 2 15116 16394 
0 0 0 0 0 0 0 2 15126 16385 
0 0 0 0 0 0 0 2 15136 16376 
0 0 0 0 0 0 0 2 15146 16367 
0 0 0 0 0 0 0 2 15156 16358 
0 0 0 0 0 0 0 2 15166 16349 
0 0 0 0 0 0 0 2 15176 16340 
0 0 0 0 0 0 0 2 15186 16331 
0 0 0 0 0 0 0 2 15196 16322 
0 0 0 0 0 0 0 2 15206 16313 
0 0 0 0 0 0 0 2 15216 16304 
0 0 0 0 0 0 0 2 15226 16295 
0 0 0 0 0 0 0 2 15236 16286 
0 0 0 0 0 0 0 2 15246 16277 
0 0 0 0 0 0 0 2 15256 16268 
0 0 0 0 0 0 0 2 15266 16259 
0 0 0 0 0 0 0 2 15276 16250 
0 0 0 0 0 0 0 2 15286 16241 
0 0 0 0 0 0 0 2 15296 16232 
0 0 0 0 0 0 0 2 15306 16223 
0 0 0 0 0 0 0 2 15316 16214 
0 0 0 0 0 0 0 2 15326 16205 
0 0 0 0 0 0 0 2 15336 16196 
0 0 0 0 0 0 0 2 15346 16187 
0 0 0 0 0 0 0 2 15356 16178 
0 0 0 0 0 0 0 2 15366 16169 
0 0 0 0 0 0 0 2 15376 16160 
0 0 0 0 0 0 0 2 15386 16151 
0 0 0 0 0 0 0 2 15396 16142 
0 0 0 0 0 0 0 2 15406 16133 
0 0 0 0 0 0 0 2 15416 16124 
0 0 0 0 0 0 0 2 15426 16115 
0 0 0 0 0 0 0 2 15436 16106 
0 0 0 0 0 0 0 2 15446 16097 
0 0 0 0 0 0 0 2 15456 16088 
0 0 0 0 0 0 0 2 15466 16079 
0 0 0 0 0 0 0 2 15476 16070 
0 0 0 0 0 0 0 2 15486 16061 
0 0 0 0 0 0 0 2 15496 16052 
0 0 0 0 0 0 0 2 15506 16043 
0 0 0 0 0 0 0 2 15516 16034 
0 0 0 0 0 0 0 2 15526 16025 
0 0 0 0 0 0 0 2 15536 16016 
0 0 0 0 0 0 0 2 15546 16007 
0 0 0 0 0 0 0 2 15556 15998 
0 0 0 0 0 0 0 2 15566 15989 
0 0 0 0 0 0 0 2 15576 15980 
0 0 0 0 0 0 0 2 15586 15971 
0 0 0 0 0 0 0 2 15596 15962 
0 0 0 0 0 0 0 2 15606 15953 
0 0 0 0 0 0 0 2 15616 15944 
0 0 0 0 0 0 0 2 15626 15935 
0 0 0 0 0 0 0 2 15636 15926 
0 0 0 0 0 0 0 2 15646 15917 
0 0 0 0 0 0 0 2 15656 15908 
0 0 0 0 0 0 0 2 15666 15899 
0 0 0 0 0 0 0 2 15676 15890 
0 0 0 0 0 0 0 2 15686 15881 
0 0 0 0 0 0 0 2 15696 15872 
0 0 0 0 0 0 0 2 15706 15863 
0 0 0 0 0 0 0 2 15716 15854 
0 0 0 0 0 0 0 2 15726 15845 
0 0 0 0 0 0 0 2 15736 15836 
0 0 0 0 0 0 0 2 15746 15827 
0 0 0 0 0 0 0 2 15756 15818 
0 0 0 0 0 0 0 2 15766 15809 
0 0 0 0 0 0 0 2 15776 15800 
0 0 0 0 0 0 0 2 15786 15791 
0 0 0 0 0 0 0 2 15796 15782 
0 0 0 0 0 0 0 2 15806 15773 
0 0 0 0 0 0 0 2 15816 15764 
0 0 0 0 0 0 0 2 15826 15755 
0 0 0 0 0 0 0 2 15836 15746 
0 0 0 0 0 0 0 2 15846 15737 
0 0 0 0 0 0 0 2 15856 15728 
0 0 0 0 0 0 0 2 15866 15719 
0 0 0 0 0 0 0 2 15876 15710 
0 0 0 0 0 0 0 2 15886 15701 
0 0 0 0 0 0 0 2 15896 15692 
0 0 0 0 0 0 0 2 15906 15683 
0 0 0 0 0 0 0 2 15916 15674 
0 0 0 0 0 0 0 2 15926 15665 
0 0 0 0 0 0 0 2 15936 15656 
0 0 0 0 0 0 0 2 15946 15647 
0 0 0 0 0 0 0 2 15956 15638 
0 0 0 0 0 0 0 2 15966 15629 
0 0 0 0 0 0 0 2 15976 15620 
0 0 0 0 0 0 0 2 15986 15611 
0 0 0 0 0 0 0 2 15996 15602 
0 0 0 0 0 0 0 2 16006 15593 
0 0 0 0 0 0 0 2 16016 15584 
0 0 0 0 0 0 0 2 16026 15575 
0 0 0 0 0 0 0 2 16036 15566 
0 0 0 0 0 0 0 2 16046 15557 
0 0 0 0 0 0 0 2 16056 15548 
0 0 0 0 0 0 0 2 16066 15539 
0 0 0 0 0 0 0 2 16076 15530 
0 0 0 0 0 0 0 2 16086 15521 
0 0 0 0 0 0 0 2 16096 15512 
0 0 0 0 0 0 0 2 16106 15503 
0 0 0 0 0 0 0 2 16116 15494 
0 0 0 0 0 0 0 2 16126 15485 
0 0 0 0 0 0 0 2 16136 15476 
0 0 0 0 0 0 0 2 16146 15467 
0 0 0 0 0 0 0 2 16156 15458 
0 0 0 0 0 0 0 2 16166 15449 
0 0 0 0 0 0 0 2 16176 15440 
0 0 0 0 0 0 0 2 16186 15431 
0 0 0 0 0 0 0 2 16196 15422 
0 0 0 0 0 0 0 2 16206 15413 
0 0 0 0 0 0 0 2 16216 15404 
0 0 0 0 0 0 0 2 16226 15395 
0 0 0 0 0 0 0 2 16236 15386 
0 0 0 0 0 0 0 2 16246 15377 
0 0 0 0 0 0 0 2 16256 15368 
0 0 0 0 0 0 0 2 16266 15359 
0 0 0 0 0 0 0 2 16276 15350 
0 0 0 0 0 0 0 2 16286 15341 
0 0 0 0 0 0 0 2 16296 15332 
0 0 0 0 0 0 0 2 16306 15323 
0 0 0 0 0 0 0 2 16316 15314 
0 0 0 0 0 0 0 2 16326 15305 
0 0 0 0 0 0 0 2 16336 15296 
0 0 0 0 0 0 0 2 16346 15287 
0 0 0 0 0 0 0 2 16356 15278 
0 0 0 0 0 0 0 2 16366 15269 
0 0 0 0 0 0 0 2 16376 15260 
0 0 0 0 0 0 0 2 16386 15251 
0 0 0 0 0 0 0 2 16396 15242 
0 0 0 0 0 0 0 2 16406 15233 
0 0 0 0 0 0 0 2 16416 15224 
0 0 0 0 0 0 0 2 16426 15215 
0 0 0 0 0 0 0 2 16436 15206 
0 0 0 0 0 0 0 2 16446 15197 
0 0 0 0 0 0 0 2 16456 15188 
0 0 0 0 0 0 0 2 16466 15179 
0 0 0 0 0 0 0 2 16476 15170 
0 0 0 0 0 0 0 2 16486 15161 
0 0 0 0 0 0 0 2 16496 15152 
0 0 0 0 0 0 0 2 16506 15143 
0 0 0 0 0 0 0 2 16516 15134 
0 0 0 0 0 0 0 2 16526 15125 
0 0 0 0 0 0 0 2 16536 15116 
0 0 0 0 0 0 0 2 16546 15107 
0 0 0 0 0 0 0 2 16556 15098 
0 0 0 0 0 0 0 2 16566 15089 
0 0 0 0 0 0 0 2 16576 15080 
0 0 0 0 0 0 0 2 16586 15071 
0 0 0 0 0 0 0 2 16596 15062 
0 0 0 0 0 0 0 2 16606 15053 
0 0 0 0 0 0 0 2 16616 15044 
0 0 0 0 0 0 0 2 16626 15035 
0 0 0 0 0 0 0 2 16636 15026 
0 0 0 0 0 0 0 2 16646 15017 
0 0 0 0 0 0 0 2 16656 15008 
0 0 0 0 0 0 0 2 16666 14999 
0 0 0 0 0 0 0 2 16676 14990 
0 0 0 0 0 0 0 2 16686 14981 
0 0 0 0 0 0 0 2 16696 14972 
0 0 0 0 0 0 0 2 16706 14963 
0 0 0 0 0 0 0 2 16716 14954 
0 0 0 0 0 0 0 2 16726 14945 
0 0 0 0 0 0 0 2 16736 14936 
0 0 0 0 0 0 0 2 16746 14927 
0 0 0 0 0 0 0 2 16756 14918 
0 0 0 0 0 0 0 2 16766 14909 
0 0 0 0 0 0 0 2 16776 14900 
0 0 0 0 0 0 0 2 16786 14891 
0 0 0 0 0 0 0 2 16796 14882 
0 0 0 0 0 0 0 2 16806 14873 
0 0 0 0 0 0 0 2 16816 14864 
0 0 0 0 0 0 0 2 16826 14855 
0 0 0 0 0 0 0 2 16836 14846 
0 0 0 0 0 0 0 2 16846 14837 
0 0 0 0 0 0 0 2 16856 14828 
0 0 0 0 0 0 0 2 16866 14819 
0 0 0 0 0 0 0 2 16876 14810 
0 0 0 0 0 0 0 2 16886 14801 
0 0 0 0 0 0 0 2 16896 14792 
0 0 0 0 0 0 0 2 16906 14783 
0 0 0 0 0 0 0 2 16916 14774 
0 0 0 0 0 0 0 2 16926 14765 
0 0 0 0 0 0 0 2 16936 14756 
0 0 0 0 0 0 0 2 16946 14747 
0 0 0 0 0 0 0 2 16956 14738 
0 0 0 0 0 0 0 2 16966 14729 
0 0 0 0 0 0 0 2 16976 14720 
0 0 0 0 0 0 0 2 16986 14711 
0 0 0 0 0 0 0 2 16996 14702 
0 0 0 0 0 0 0 2 17006 14693 
0 0 0 0 0 0 0 2 17016 14684 
0 0 0 0 0 0 0 2 17026 14675 
0 0 0 0 0 0 0 2 17036 14666 
0 0 0 0 0 0 0 2 17046 14657 
0 0 0 0 0 0 0 2 17056 14648 
0 0 0 0 0 0 0 2 17066 14639 
0 0 0 0 0 0 0 2 17076 14630 
0 0 0 0 0 0 0 2 17086 14621 
0 0 0 0 0 0 0 2 17096 14612 
0 0 0 0 0 0 0 2 17106 14603 
0 0 0 0 0 0 0 2 17116 14594 
0 0 0 0 0 0 0 2 17126 14585 
0 0 0 0 0 0 0 2 17136 14576 
0 0 0 0 0 0 0 2 17146 14567 
0 0 0 0 0 0 0 2 17156 14558 
0 0 0 0 0 0 0 2 17166 14549 
0 0 0 0 0 0 0 2 17176 14540 
0 0 0 0 0 0 0 2 17186 14531 
0 0 0 0 0 0 0 2 17196 14522 
0 0 0 0 0 0 0 2 17206 14513 
0 0 0 0 0 0 0 2 17216 14504 
0 0 0 0 0 0 0 2 17226 14495 
0 0 0 0 0 0 0 2 17236 14486 
0 0 0 0 0 0 0 2 17246 14477 
0 0 0 0 0 0 0 2 17256 14468 
0 0 0 0 0 0 0 2 17266 14459 
0 0 0 0 0 0 0 2 17276 14450 
0 0 0 0 0 0 0 2 17286 14441 
0 0 0 0 0 0 0 2 17296 14432 
0 0 0 0 0 0 0 2 17306 14423 
0 0 0 0 0 0 0 2 17316 14414 
0 0 0 0 0 0 0 2 17326 14405 
0 0 0 0 0 0 0 2 17336 14396 
0 0 0 0 0 0 0 2 17346 14387 
0 0 0 0 0 0 0 2 17356 14378 
0 0 0 0 0 0 0 2 17366 14369 
0 0 0 0 0 0 0 2 17376 14360 
0 0 0 0 0 0 0 2 17386 14351 
0 0 0 0 0 0 0 2 17396 14342 
0 0 0 0 0 0 0 2 17406 14333 
0 0 0 0 0 0 0 2 17416 14324 
0 0 0 0 0 0 0 2 17426 14315 
0 0 0 0 0 0 0 2 17436 14306 
0 0 0 0 0 0 0 2 17446 14297 
0 0 0 0 0 0 0 2 17456 14288 
0 0 0 0 0 0 0 2 17466 14279 
0 0 0 0 0 0 0 2 17476 14270 
0 0 0 0 0 0 0 2 17486 14261 
0 0 0 0 0 0 0 2 17496 14252 
0 0 0 0 0 0 0 2 17506 14243 
0 0 0 0 0 0 0 2 17516 14234 
0 0 0 0 0 0 0 2 17526 14225 
0 0 0 0 0 0 0 2 17536 14216 
0 0 0 0 0 0 0 2 17546 14207 
0 0 0 0 0 0 0 2 17556 14198 
0 0 0 0 0 0 0 2 17566 14189 
0 0 0 0 0 0 0 2 17576 14180 
0 0 0 0 0 0 0 2 17586 14171 
0 0 0 0 0 0 0 2 17596 14162 
0 0 0 0 0 0 0 2 17606 14153 
0 0 0 0 0 0 0 2 17616 14144 
0 0 0 0 0 0 0 2 17626 14135 
0 0 0 0 0 0 0 2 17636 14126 
0 0 0 0 0 0 0 2 17646 14117 
0 0 0 0 0 0 0 2 17656 14108 
0 0 0 0 0 0 0 2 17666 14099 
0 0 0 0 0 0 0 2 17676 14090 
0 0 0 0 0 0 0 2 17686 14081 
0 0 0 0 0 0 0 2 17696 14072 
0 0 0 0 0 0 0 2 17706 14063 
0 0 0 0 0 0 0 2 17716 14054 
0 0 0 0 0 0 0 2 17726 14045 
0 0 0 0 0 0 0 2 17736 14036 
0 0 0 0 0 0 0 2 17746 14027 
0 0 0 0 0 0 0 2 17756 14018 
0 0 0 0 0 0 0 2 17766 14009 
0 0 0 0 0 0 0 2 17776 14000 
0 0 0 0 0 0 0 2 17786 13991 
0 0 0 0 0 0 0 2 17796 13982 
0 0 0 0 0 0 0 2 17806 13973 
0 0 0 0 0 0 0 2 17816 13964 
0 0 0 0 0 0 0 2 17826 13955 
0 0 0 0 0 0 0 2 17836 13946 
0 0 0 0 0 0 0 2 17846 13937 
0 0 0 0 0 0 0 2 17856 13928 
0 0 0 0 0 0 0 2 17866 13919 
0 0 0 0 0 0 0 2 17876 13910 
0 0 0 0 0 0 0 2 17886 13901 
0 0 0 0 0 0 0 2 17896 13892 
0 0 0 0 0 0 0 2 17906 13883 
0 0 0 0 0 0 0 2 17916 13874 
0 0 0 0 0 0 0 2 17926 13865 
0 0 0 0 0 0 0 2 17936 13856 
0 0 0 0 0 0 0 2 17946 13847 
0 0 0 0 0 0 0 2 17956 13838 
0 0 0 0 0 0 0 2 17966 13829 
0 0 0 0 0 0 0 2 17976 13820 
0 0 0 0 0 0 0 2 17986 13811 
0 0 0 0 0 0 0 2 17996 13802 
0 0 0 0 0 0 0 2 18006 13793 
0 0 0 0 0 0 0 2 18016 13784 
0 0 0 0 0 0 0 2 18026 13775 
0 0 0 0 0 0 0 2 18036 13766 
0 0 0 0 0 0 0 2 18046 13757 
0 0 0 0 0 0 0 2 18056 13748 
0 0 0 0 0 0 0 2 18066 13739 
0 0 0 0 0 0 0 2 18076 13730 
0 0 0 0 0 0 0 2 18086 13721 
0 0 0 0 0 0 0 2 18096 13712 
0 0 0 0 0 0 0 2 18106 13703 
0 0 0 0 0 0 0 2 18116 13694 
0 0 0 0 0 0 0 2 18126 13685 
0 0 0 0 0 0 0 2 18136 13676 
0 0 0 0 0 0 0 2 18146 13667 
0 0 0 0 0 0 0 2 18156 13658 
0 0 0 0 0 0 0 2 18166 13649 
0 0 0 0 0 0 0 2 18176 13640 
0 0 0 0 0 0 0 2 18186 13631 
0 0 0 0 0 0 0 2 18196 13622 
0 0 0 0 0 0 0 2 18206 13613 
0 0 0 0 0 0 0 2 18216 13604 
0 0 0 0 0 0 0 2 18226 13595 
0 0 0 0 0 0 0 2 18236 13586 
0 0 0 0 0 0 0 2 18246 13577 
0 0 0 0 0 0 0 2 18256 13568 
0 0 0 0 0 0 0 2 18266 13559 
0 0 0 0 0 0 0 2 18276 13550 
0 0 0 0 0 0 0 2 18286 13541 
0 0 0 0 0 0 0 2 18296 13532 
0 0 0 0 0 0 0 2 18306 13523 
0 0 0 0 0 0 0 2 18316 13514 
0 0 0 0 0 0 0 2 18326 13505 
0 0 0 0 0 0 0 2 18336 13496 
0 0 0 0 0 0 0 2 18346 13487 
0 0 0 0 0 0 0 2 18356 13478 
0 0 0 0 0 0 0 2 18366 13469 
0 0 0 0 0 0 0 2 18376 13460 
0 0 0 0 0 0 0 2 18386 13451 
0 0 0 0 0 0 0 2 18396 13442 
0 0 0 0 0 0 0 2 18406 13433 
0 0 0 0 0 0 0 2 18416 13424 
0 0 0 0 0 0 0 2 18426 13415 
0 0 0 0 0 0 0 2 18436 13406 
0 0 0 0 0 0 0 2 18446 13397 
0 0 0 0 0 0 0 2 18456 13388 
0 0 0 0 0 0 0 2 18466 13379 
0 0 0 0 0 0 0 2 18476 13370 
0 0 0 0 0 0 0 2 18486 13361 
0 0 0 0 0 0 0 2 18496 13352 
0 0 0 0 0 0 0 2 18506 13343 
0 0 0 0 0 0 0 2 18516 13334 
0 0 0 0 0 0 0 2 18526 13325 
0 0 0 0 0 0 0 2 18536 13316 
0 0 0 0 0 0 0 2 18546 13307 
0 0 0 0 0 0 0 2 18556 13298 
0 0 0 0 0 0 0 2 18566 13289 
0 0 0 0 0 0 0 2 18576 13280 
0 0 0 0 0 0 0 2 18586 13271 
0 0 0 0 0 0 0 2 18596 13262 
0 0 0 0 0 0 0 2 18606 13253 
0 0 0 0 0 0 0 2 18616 13244 
0 0 0 0 0 0 0 2 18626 13235 
0 0 0 0 0 0 0 2 18636 13226 
0 0 0 0 0 0 0 2 18646 13217 
0 0 0 0 0 0 0 2 18656 13208 
0 0 0 0 0 0 0 2 18666 13199 
0 0 0 0 0 0 0 2 18676 13190 
0 0 0 0 0 0 0 2 18686 13181 
0 0 0 0 0 0 0 2 18696 13172 
0 0 0 0 0 0 0 2 18706 13163 
0 0 0 0 0 0 0 2 18716 13154 
0 0 0 0 0 0 0 2 18726 13145 
0 0 0 0 0 0 0 2 18736 13136 
0 0 0 0 0 0 0 2 18746 13127 
0 0 0 0 0 0 0 2 18756 13118 
0 0 0 0 0 0 0 2 18766 13109 
0 0 0 0 0 0 0 2 18776 13100 
0 0 0 0 0 0 0 2 18786 13091 
0 0 0 0 0 0 0 2 18796 13082 
0 0 0 0 0 0 0 2 18806 13073 
0 0 0 0 0 0 0 2 18816 13064 
0 0 0 0 0 0 0 2 18826 13055 
0 0 0 0 0 0 0 2 18836 13046 
0 0 0 0 0 0 0 2 18846 13037 
0 0 0 0 0 0 0 2 18856 13028 
0 0 0 0 0 0 0 2 18866 13019 
0 0 0 0 0 0 0 2 18876 13010 
0 0 0 0 0 0 0 2 18886 13001 
0 0 0 0 0 0 0 2 18896 12992 
0 0 0 0 0 0 0 2 18906 12983 
0 0 0 0 0 0 0 2 18916 12974 
0 0 0 0 0 0 0 2 18926 12965 
0 0 0 0 0 0 0 2 18936 12956 
0 0 0 0 0 0 0 2 18946 12947 
0 0 0 0 0 0 0 2 18956 12938 
0 0 0 0 0 0 0 2 18966 12929 
0 0 0 0 0 0 0 2 18976 12920 
0 0 0 0 0 0 0 2 18986 12911 
0 0 0 0 0 0 0 2 18996 12902 
0 0 0 0 0 0 0 2 19006 12893 
0 0 0 0 0 0 0 2 19016 12884 
0 0 0 0 0 0 0 2 19026 12875 
0 0 0 0 0 0 0 2 19036 12866 
0 0 0 0 0 0 0 2 19046 12857 
0 0 0 0 0 0 0 2 19056 12848 
0 0 0 0 0 0 0 2 19066 12839 
0 0 0 0 0 0 0 2 19076 12830 
0 0 0 0 0 0 0 2 19086 12821 
0 0 0 0 0 0 0 2 19096 12812 
0 0 0 0 0 0 0 2 19106 12803 
0 0 0 0 0 0 0 2 19116 12794 
0 0 0 0 0 0 0 2 19126 12785 
0 0 0 0 0 0 0 2 19136 12776 
0 0 0 0 0 0 0 2 19146 12767 
0 0 0 0 0 0 0 2 19156 12758 
0 0 0 0 0 0 0 2 19166 12749 
0 0 0 0 0 0 0 2 19176 12740 
0 0 0 0 0 0 0 2 19186 12731 
0 0 0 0 0 0 0 2 19196 12722 
0 0 0 0 0 0 0 2 19206 12713 
0 0 0 0 0 0 0 2 19216 12704 
0 0 0 0 0 0 0 2 19226 12695 
0 0 0 0 0 0 0 2 19236 12686 
0 0 0 0 0 0 0 2 19246 12677 
0 0 0 0 0 0 0 2 19256 12668 
0 0 0 0 0 0 0 2 19266 12659 
0 0 0 0 0 0 0 2 19276 12650 
0 0 0 0 0 0 0 2 19286 12641 
0 0 0 0 0 0 0 2 19296 12632 
0 0 0 0 0 0 0 2 19306 12623 
0 0 0 0 0 0 0 2 19316 12614 
0 0 0 0 0 0 0 2 19326 12605 
0 0 0 0 0 0 0 2 19336 12596 
0 0 0 0 0 0 0 2 19346 12587 
0 0 0 0 0 0 0 2 19356 12578 
0 0 0 0 0 0 0 2 19366 12569 
0 0 0 0 0 0 0 2 19376 12560 
0 0 0 0 0 0 0 2 19386 12551 
0 0 0 0 0 0 0 2 19396 12542 
0 0 0 0 0 0 0 2 19406 12533 
0 0 0 0 0 0 0 2 19416 12524 
0 0 0 0 0 0 0 2 19426 12515 
0 0 0 0 0 0 0 2 19436 12506 
0 0 0 0 0 0 0 2 19446 12497 
0 0 0 0 0 0 0 2 19456 12488 
0 0 0 0 0 0 0 2 19466 12479 
0 0 0 0 0 0 0 2 19476 12470 
0 0 0 0 0 0 0 2 19486 12461 
0 0 0 0 0 0 0 2 19496 12452 
0 0 0 0 0 0 0 2 19506 12443 
0 0 0 0 0 0 0 2 19516 12434 
0 0 0 0 0 0 0 2 19526 12425 
0 0 0 0 0 0 0 2 19536 12416 
0 0 0 0 0 0 0 2 19546 12407 
0 0 0 0 0 0 0 2 19556 12398 
0 0 0 0 0 0 0 2 19566 12389 
0 0 0 0 0 0 0 2 19576 12380 
0 0 0 0 0 0 0 2 19586 12371 
0 0 0 0 0 0 0 2 19596 12362 
0 0 0 0 0 0 0 2 19606 12353 
0 0 0 0 0 0 0 2 19616 12344 
0 0 0 0 0 0 0 2 19626 12335 
0 0 0 0 0 0 0 2 19636 12326 
0 0 0 0 0 0 0 2 19646 12317 
0 0 0 0 0 0 0 2 19656 12308 
0 0 0 0 0 0 0 2 19666 12299 
0 0 0 0 0 0 0 2 19676 12290 
0 0 0 0 0 0 0 2 19686 12281 
0 0 0 0 0 0 0 2 19696 12272 
0 0 0 0 0 0 0 2 19706 12263 
0 0 0 0 0 0 0 2 19716 12254 
0 0 0 0 0 0 0 2 19726 12245 
0 0 0 0 0 0 0 2 19736 12236 
0 0 0 0 0 0 0 2 19746 12227 
0 0 0 0 0 0 0 2 19756 12218 
0 0 0 0 0 0 0 2 19766 12209 
0 0 0 0 0 0 0 2 19776 12200 
0 0 0 0 0 0 0 2 19786 12191 
0 0 0 0 0 0 0 2 19796 12182 
0 0 0 0 0 0 0 2 19806 12173 
0 0 0 0 0 0 0 2 19816 12164 
0 0 0 0 0 0 0 2 19826 12155 
0 0 0 0 0 0 0 2 19836 12146 
0 0 0 0 0 0 0 2 19846 12137 
0 0 0 0 0 0 0 2 19856 12128 
0 0 0 0 0 0 0 2 19866 12119 
0 0 0 0 0 0 0 2 19876 12110 
0 0 0 0 0 0 0 2 19886 12101 
0 0 0 0 0 0 0 2 19896 12092 
0 0 0 0 0 0 0 2 19906 12083 
0 0 0 0 0 0 0 2 19916 12074 
0 0 0 0 0 0 0 2 19926 12065 
0 0 0 0 0 0 0 2 19936 12056 
0 0 0 0 0 0 0 2 19946 12047 
0 0 0 0 0 0 0 2 19956 12038 
0 0 0 0 0 0 0 2 19966 12029 
0 0 0 0 0 0 0 2 19976 12020 
0 0 0 0 0 0 0 2 19986 12011 
0 0 0 0 0 0 0 2 19996 12002 
0 0 0 0 0 0 0 2 20006 11993 
0 0 0 0 0 0 0 2 20016 11984 
0 0 0 0 0 0 0 2 20026 11975 
0 0 0 0 0 0 0 2 20036 11966 
0 0 0 0 0 0 0 2 20046 11957 
0 0 0 0 0 0 0 2 20056 11948 
0 0 0 0 0 0 0 2 20066 11939 
0 0 0 0 0 0 0 2 20076 11930 
0 0 0 0 0 0 0 2 20086 11921 
0 0 0 0 0 0 0 2 20096 11912 
0 0 0 0 0 0 0 2 20106 11903 
0 0 0 0 0 0 0 2 20116 11894 
0 0 0 0 0 0 0 2 20126 11885 
0 0 0 0 0 0 0 2 20136 11876 
0 0 0 0 0 0 0 2 20146 11867 
0 0 0 0 0 0 0 2 20156 11858 
0 0 0 0 0 0 0 2 20166 11849 
0 0 0 0 0 0 0 2 20176 11840 
0 0 0 0 0 0 0 2 20186 11831 
0 0 0 0 0 0 0 2 20196 11822 
0 0 0 0 0 0 0 2 20206 11813 
0 0 0 0 0 0 0 2 20216 11804 
0 0 0 0 0 0 0 2 20226 11795 
0 0 0 0 0 0 0 2 20236 11786 
0 0 0 0 0 0 0 2 20246 11777 
0 0 0 0 0 0 0 2 20256 11768 
0 0 0 0 0 0 0 2 20266 11759 
0 0 0 0 0 0 0 2 20276 11750 
0 0 0 0 0 0 0 2 20286 11741 
0 0 0 0 0 0 0 2 20296 11732 
0 0 0 0 0 0 0 2 20306 11723 
0 0 0 0 0 0 0 2 20316 11714 
0 0 0 0 0 0 0 2 20326 11705 
0 0 0 0 0 0 0 2 20336 11696 
0 0 0 0 0 0 0 2 20346 11687 
0 0 0 0 0 0 0 2 20356 11678 
0 0 0 0 0 0 0 2 20366 11669 
0 0 0 0 0 0 0 2 20376 11660 
0 0 0 0 0 0 0 2 20386 11651 
0 0 0 0 0 0 0 2 20396 11642 
0 0 0 0 0 0 0 2 20406 11633 
0 0 0 0 0 0 0 2 20416 11624 
0 0 0 0 0 0 0 2 20426 11615 
0 0 0 0 0 0 0 2 20436 11606 
0 0 0 0 0 0 0 2 20446 11597 
0 0 0 0 0 0 0 2 20456 11588 
0 0 0 0 0 0 0 2 20466 11579 
0 0 0 0 0 0 0 2 20476 11570 
0 0 0 0 0 0 0 2 20486 11561 
0 0 0 0 0 0 0 2 20496 11552 
0 0 0 0 0 0 0 2 20506 11543 
0 0 0 0 0 0 0 2 20516 11534 
0 0 0 0 0 0 0 2 20526 11525 
0 0 0 0 0 0 0 2 20536 11516 
0 0 0 0 0 0 0 2 20546 11507 
0 0 0 0 0 0 0 2 20556 11498 
0 0 0 0 0 0 0 2 20566 11489 
0 0 0 0 0 0 0 2 20576 11480 
0 0 0 0 0 0 0 2 20586 11471 
0 0 0 0 0 0 0 2 20596 11462 
0 0 0 0 0 0 0 2 20606 11453 
0 0 0 0 0 0 0 2 20616 11444 
0 0 0 0 0 0 0 2 20626 11435 
0 0 0 0 0 0 0 2 20636 11426 
0 0 0 0 0 0 0 2 20646 11417 
0 0 0 0 0 0 0 2 20656 11408 
0 0 0 0 0 0 0 2 20666 11399 
0 0 0 0 0 0 0 2 20676 11390 
0 0 0 0 0 0 0 2 20686 11381 
0 0 0 0 0 0 0 2 20696 11372 
0 0 0 0 0 0 0 2 20706 11363 
0 0 0 0 0 0 0 2 20716 11354 
0 0 0 0 0 0 0 2 20726 11345 
0 0 0 0 0 0 0 2 20736 11336 
0 0 0 0 0 0 0 2 20746 11327 
0 0 0 0 0 0 0 2 20756 11318 
0 0 0 0 0 0 0 2 20766 11309 
0 0 0 0 0 0 0 2 20776 11300 
0 0 0 0 0 0 0 2 20786 11291 
0 0 0 0 0 0 0 2 20796 11282 
0 0 0 0 0 0 0 2 20806 11273 
0 0 0 0 0 0 0 2 20816 11264 
0 0 0 0 0 0 0 2 20826 11255 
0 0 0 0 0 0 0 2 20836 11246 
0 0 0 0 0 0 0 2 20846 11237 
0 0 0 0 0 0 0 2 20856 11228 
0 0 0 0 0 0 0 2 20866 11219 
0 0 0 0 0 0 0 2 20876 11210 
0 0 0 0 0 0 0 2 20886 11201 
0 0 0 0 0 0 0 2 20896 11192 
0 0 0 0 0 0 0 2 20906 11183 
0 0 0 0 0 0 0 2 20916 11174 
0 0 0 0 0 0 0 2 20926 11165 
0 0 0 0 0 0 0 2 20936 11156 
0 0 0 0 0 0 0 2 20946 11147 
0 0 0 0 0 0 0 2 20956 11138 
0 0 0 0 0 0 0 2 20966 11129 
0 0 0 0 0 0 0 2 20976 11120 
0 0 0 0 0 0 0 2 20986 11111 
0 0 0 0 0 0 0 2 20996 11102 
0 0 0 0 0 0 0 2 21006 11093 
0 0 0 0 0 0 0 2 21016 11084 
0 0 0 0 0 0 0 2 21026 11075 
0 0 0 0 0 0 0 2 21036 11066 
0 0 0 0 0 0 0 2 21046 11057 
0 0 0 0 0 0 0 2 21056 11048 
0 0 0 0 0 0 0 2 21066 11039 
0 0 0 0 0 0 0 2 21076 11030 
0 0 0 0 0 0 0 2 21086 11021 
0 0 0 0 0 0 0 2 21096 11012 
0 0 0 0 0 0 0 2 21106 11003 
0 0 0 0 0 0 0 2 21116 10994 
0 0 0 0 0 0 0 2 21126 10985 
0 0 0 0 0 0 0 2 21136 10976 
0 0 0 0 0 0 0 2 21146 10967 
0 0 0 0 0 0 0 2 21156 10958 
0 0 0 0 0 0 0 2 21166 10949 
0 0 0 0 0 0 0 2 21176 10940 
0 0 0 0 0 0 0 2 21186 10931 
0 0 0 0 0 0 0 2 21196 10922 
0 0 0 0 0 0 0 2 21206 10913 
0 0 0 0 0 0 0 2 21216 10904 
0 0 0 0 0 0 0 2 21226 10895 
0 0 0 0 0 0 0 2 21236 10886 
0 0 0 0 0 0 0 2 21246 10877 
0 0 0 0 0 0 0 2 21256 10868 
0 0 0 0 0 0 0 2 21266 10859 
0 0 0 0 0 0 0 2 21276 10850 
0 0 0 0 0 0 0 2 21286 10841 
0 0 0 0 0 0 0 2 21296 10832 
0 0 0 0 0 0 0 2 21306 10823 
0 0 0 0 0 0 0 2 21316 10814 
0 0 0 0 0 0 0 2 21326 10805 
0 0 0 0 0 0 0 2 21336 10796 
0 0 0 0 0 0 0 2 21346 10787 
0 0 0 0 0 0 0 2 21356 10778 
0 0 0 0 0 0 0 2 21366 10769 
0 0 0 0 0 0 0 2 21376 10760 
0 0 0 0 0 0 0 2 21386 10751 
0 0 0 0 0 0 0 2 21396 10742 
0 0 0 0 0 0 0 2 21406 10733 
0 0 0 0 0 0 0 2 21416 10724 
0 0 0 0 0 0 0 2 21426 10715 
0 0 0 0 0 0 0 2 21436 10706 
0 0 0 0 0 0 0 2 21446 10697 
0 0 0 0 0 0 0 2 21456 10688 
0 0 0 0 0 0 0 2 21466 10679 
0 0 0 0 0 0 0 2 21476 10670 
0 0 0 0 0 0 0 2 21486 10661 
0 0 0 0 0 0 0 2 21496 10652 
0 0 0 0 0 0 0 2 21506 10643 
0 0 0 0 0 0 0 2 21516 10634 
0 0 0 0 0 0 0 2 21526 10625 
0 0 0 0 0 0 0 2 21536 10616 
0 0 0 0 0 0 0 2 21546 10607 
0 0 0 0 0 0 0 2 21556 10598 
0 0 0 0 0 0 0 2 21566 10589 
0 0 0 0 0 0 0 2 21576 10580 
0 0 0 0 0 0 0 2 21586 10571 
0 0 0 0 0 0 0 2 21596 10562 
0 0 0 0 0 0 0 2 21606 10553 
0 0 0 0 0 0 0 2 21616 10544 
0 0 0 0 0 0 0 2 21626 10535 
0 0 0 0 0 0 0 2 21636 10526 
0 0 0 0 0 0 0 2 21646 10517 
0 0 0 0 0 0 0 2 21656 10508 
0 0 0 0 0 0 0 2 21666 10499 
0 0 0 0 0 0 0 2 21676 10490 
0 0 0 0 0 0 0 2 21686 10481 
0 0 0 0 0 0 0 2 21696 10472 
0 0 0 0 0 0 0 2 21706 10463 
0 0 0 0 0 0 0 2 21716 10454 
0 0 0 0 0 0 0 2 21726 10445 
0 0 0 0 0 0 0 2 21736 10436 
0 0 0 0 0 0 0 2 21746 10427 
0 0 0 0 0 0 0 2 21756 10418 
0 0 0 0 0 0 0 2 21766 10409 
0 0 0 0 0 0 0 2 21776 10400 
0 0 0 0 0 0 0 2 21786 10391 
0 0 0 0 0 0 0 2 21796 10382 
0 0 0 0 0 0 0 2 21806 10373 
0 0 0 0 0 0 0 2 21816 10364 
0 0 0 0 0 0 0 2 21826 10355 
0 0 0 0 0 0 0 2 21836 10346 
0 0 0 0 0 0 0 2 21846 10337 
0 0 0 0 0 0 0 2 21856 10328 
0 0 0 0 0 0 0 2 21866 10319 
0 0 0 0 0 0 0 2 21876 10310 
0 0 0 0 0 0 0 2 21886 10301 
0 0 0 0 0 0 0 2 21896 10292 
0 0 0 0 0 0 0 2 21906 10283 
0 0 0 0 0 0 0 2 21916 10274 
0 0 0 0 0 0 0 2 21926 10265 
0 0 0 0 0 0 0 2 21936 10256 
0 0 0 0 0 0 0 2 21946 10247 
0 0 0 0 0 0 0 2 21956 10238 
0 0 0 0 0 0 0 2 21966 10229 
0 0 0 0 0 0 0 2 21976 10220 
0 0 0 0 0 0 0 2 21986 10211 
0 0 0 0 0 0 0 2 21996 10202 
0 0 0 0 0 0 0 2 22006 10193 
0 0 0 0 0 0 0 2 22016 10184 
0 0 0 0 0 0 0 2 22026 10175 
0 0 0 0 0 0 0 2 22036 10166 
0 0 0 0 0 0 0 2 22046 10157 
0 0 0 0 0 0 0 2 22056 10148 
0 0 0 0 0 0 0 2 22066 10139 
0 0 0 0 0 0 0 2 22076 10130 
0 0 0 0 0 0 0 2 22086 10121 
0 0 0 0 0 0 0 2 22096 10112 
0 0 0 0 0 0 0 2 22106 10103 
0 0 0 0 0 0 0 2 22116 10094 
0 0 0 0 0 0 0 2 22126 10085 
0 0 0 0 0 0 0 2 22136 10076 
0 0 0 0 0 0 0 2 22146 10067 
0 0 0 0 0 0 0 2 22156 10058 
0 0 0 0 0 0 0 2 22166 10049 
0 0 0 0 0 0 0 2 22176 10040 
0 0 0 0 0 0 0 2 22186 10031 
0 0 0 0 0 0 0 2 22196 10022 
0 0 0 0 0 0 0 2 22206 10013 
0 0 0 0 0 0 0 2 22216 10004 
0 0 0 0 0 0 0 2 22226 9995 
0 0 0 0 0 0 0 2 22236 9986 
0 0 0 0 0 0 0 2 22246 9977 
0 0 0 0 0 0 0 2 22256 9968 
0 0 0 0 0 0 0 2 22266 9959 
0 0 0 0 0 0 0 2 22276 9950 
0 0 0 0 0 0 0 2 22286 9941 
0 0 0 0 0 0 0 2 22296 9932 
0 0 0 0 0 0 0 2 22306 9923 
0 0 0 0 0 0 0 2 22316 9914 
0 0 0 0 0 0 0 2 22326 9905 
0 0 0 0 0 0 0 2 22336 9896 
0 0 0 0 0 0 0 2 22346 9887 
0 0 0 0 0 0 0 2 22356 9878 
0 0 0 0 0 0 0 2 22366 9869 
0 0 0 0 0 0 0 2 22376 9860 
0 0 0 0 0 0 0 2 22386 9851 
0 0 0 0 0 0 0 2 22396 9842 
0 0 0 0 0 0 0 2 22406 9833 
0 0 0 0 0 0 0 2 22416 9824 
0 0 0 0 0 0 0 2 22426 9815 
0 0 0 0 0 0 0 2 22436 9806 
0 0 0 0 0 0 0 2 22446 9797 
0 0 0 0 0 0 0 2 22456 9788 
0 0 0 0 0 0 0 2 22466 9779 
0 0 0 0 0 0 0 2 22476 9770 
0 0 0 0 0 0 0 2 22486 9761 
0 0 0 0 0 0 0 2 22496 9752 
0 0 0 0 0 0 0 2 22506 9743 
0 0 0 0 0 0 0 2 22516 9734 
0 0 0 0 0 0 0 2 22526 9725 
0 0 0 0 0 0 0 2 22536 9716 
0 0 0 0 0 0 0 2 22546 9707 
0 0 0 0 0 0 0 2 22556 9698 
0 0 0 0 0 0 0 2 22566 9689 
0 0 0 0 0 0 0 2 22576 9680 
0 0 0 0 0 0 0 2 22586 9671 
0 0 0 0 0 0 0 2 22596 9662 
0 0 0 0 0 0 0 2 22606 9653 
0 0 0 0 0 0 0 2 22616 9644 
0 0 0 0 0 0 0 2 22626 9635 
0 0 0 0 0 0 0 2 22636 9626 
0 0 0 0 0 0 0 2 22646 9617 
0 0 0 0 0 0 0 2 22656 9608 
0 0 0 0 0 0 0 2 22666 9599 
0 0 0 0 0 0 0 2 22676 9590 
0 0 0 0 0 0 0 2 22686 9581 
0 0 0 0 0 0 0 2 22696 9572 
0 0 0 0 0 0 0 2 22706 9563 
0 0 0 0 0 0 0 2 22716 9554 
0 0 0 0 0 0 0 2 22726 9545 
0 0 0 0 0 0 0 2 22736 9536 
0 0 0 0 0 0 0 2 22746 9527 
0 0 0 0 0 0 0 2 22756 9518 
0 0 0 0 0 0 0 2 22766 9509 
0 0 0 0 0 0 0 2 22776 9500 
0 0 0 0 0 0 0 2 22786 9491 
0 0 0 0 0 0 0 2 22796 9482 
0 0 0 0 0 0 0 2 22806 9473 
0 0 0 0 0 0 0 2 22816 9464 
0 0 0 0 0 0 0 2 22826 9455 
0 0 0 0 0 0 0 2 22836 9446 
0 0 0 0 0 0 0 2 22846 9437 
0 0 0 0 0 0 0 2 22856 9428 
0 0 0 0 0 0 0 2 22866 9419 
0 0 0 0 0 0 0 2 22876 9410 
0 0 0 0 0 0 0 2 22886 9401 
0 0 0 0 0 0 0 2 22896 9392 
0 0 0 0 0 0 0 2 22906 9383 
0 0 0 0 0 0 0 2 22916 9374 
0 0 0 0 0 0 0 2 22926 9365 
0 0 0 0 0 0 0 2 22936 9356 
0 0 0 0 0 0 0 2 22946 9347 
0 0 0 0 0 0 0 2 22956 9338 
0 0 0 0 0 0 0 2 22966 9329 
0 0 0 0 0 0 0 2 22976 9320 
0 0 0 0 0 0 0 2 22986 9311 
0 0 0 0 0 0 0 2 22996 9302 
0 0 0 0 0 0 0 2 23006 9293 
0 0 0 0 0 0 0 2 23016 9284 
0 0 0 0 0 0 0 2 23026 9275 
0 0 0 0 0 0 0 2 23036 9266 
0 0 0 0 0 0 0 2 23046 9257 
0 0 0 0 0 0 0 2 23056 9248 
0 0 0 0 0 0 0 2 23066 9239 
0 0 0 0 0 0 0 2 23076 9230 
0 0 0 0 0 0 0 2 23086 9221 
0 0 0 0 0 0 0 2 23096 9212 
0 0 0 0 0 0 0 2 23106 9203 
0 0 0 0 0 0 0 2 23116 9194 
0 0 0 0 0 0 0 2 23126 9185 
0 0 0 0 0 0 0 2 23136 9176 
0 0 0 0 0 0 0 2 23146 9167 
0 0 0 0 0 0 0 2 23156 9158 
0 0 0 0 0 0 0 2 23166 9149 
0 0 0 0 0 0 0 2 23176 9140 
0 0 0 0 0 0 0 2 23186 9131 
0 0 0 0 0 0 0 2 23196 9122 
0 0 0 0 0 0 0 2 23206 9113 
0 0 0 0 0 0 0 2 23216 9104 
0 0 0 0 0 0 0 2 23226 9095 
0 0 0 0 0 0 0 2 23236 9086 
0 0 0 0 0 0 0 2 23246 9077 
0 0 0 0 0 0 0 2 23256 9068 
0 0 0 0 0 0 0 2 23266 9059 
0 0 0 0 0 0 0 2 23276 9050 
0 0 0 0 0 0 0 2 23286 9041 
0 0 0 0 0 0 0 2 23296 9032 
0 0 0 0 0 0 0 2 23306 9023 
0 0 0 0 0 0 0 2 23316 9014 
0 0 0 0 0 0 0 2 23326 9005 
0 0 0 0 0 0 0 2 23336 8996 
0 0 0 0 0 0 0 2 23346 8987 
0 0 0 0 0 0 0 2 23356 8978 
0 0 0 0 0 0 0 2 23366 8969 
0 0 0 0 0 0 0 2 23376 8960 
0 0 0 0 0 0 0 2 23386 8951 
0 0 0 0 0 0 0 2 23396 8942 
0 0 0 0 0 0 0 2 23406 8933 
0 0 0 0 0 0 0 2 23416 8924 
0 0 0 0 0 0 0 2 23426 8915 
0 0 0 0 0 0 0 2 23436 8906 
0 0 0 0 0 0 0 2 23446 8897 
0 0 0 0 0 0 0 2 23456 8888 
0 0 0 0 0 0 0 2 23466 8879 
0 0 0 0 0 0 0 2 23476 8870 
0 0 0 0 0 0 0 2 23486 8861 
0 0 0 0 0 0 0 2 23496 8852 
0 0 0 0 0 0 0 2 23506 8843 
0 0 0 0 0 0 0 2 23516 8834 
0 0 0 0 0 0 0 2 23526 8825 
0 0 0 0 0 0 0 2 23536 8816 
0 0 0 0 0 0 0 2 23546 8807 
0 0 0 0 0 0 0 2 23556 8798 
0 0 0 0 0 0 0 2 23566 8789 
0 0 0 0 0 0 0 2 23576 8780 
0 0 0 0 0 0 0 2 23586 8771 
0 0 0 0 0 0 0 2 23596 8762 
0 0 0 0 0 0 0 2 23606 8753 
0 0 0 0 0 0 0 2 23616 8744 
0 0 0 0 0 0 0 2 23626 8735 
0 0 0 0 0 0 0 2 23636 8726 
0 0 0 0 0 0 0 2 23646 8717 
0 0 0 0 0 0 0 2 23656 8708 
0 0 0 0 0 0 0 2 23666 8699 
0 0 0 0 0 0 0 2 23676 8690 
0 0 0 0 0 0 0 2 23686 8681 
0 0 0 0 0 0 0 2 23696 8672 
0 0 0 0 0 0 0 2 23706 8663 
0 0 0 0 0 0 0 2 23716 8654 
0 0 0 0 0 0 0 2 23726 8645 
0 0 0 0 0 0 0 2 23736 8636 
0 0 0 0 0 0 0 2 23746 8627 
0 0 0 0 0 0 0 2 23756 8618 
0 0 0 0 0 0 0 2 23766 8609 
0 0 0 0 0 0 0 2 23776 8600 
0 0 0 0 0 0 0 2 23786 8591 
0 0 0 0 0 0 0 2 23796 8582 
0 0 0 0 0 0 0 2 23806 8573 
0 0 0 0 0 0 0 2 23816 8564 
0 0 0 0 0 0 0 2 23826 8555 
0 0 0 0 0 0 0 2 23836 8546 
0 0 0 0 0 0 0 2 23846 8537 
0 0 0 0 0 0 0 2 23856 8528 
0 0 0 0 0 0 0 2 23866 8519 
0 0 0 0 0 0 0 2 23876 8510 
0 0 0 0 0 0 0 2 23886 8501 
0 0 0 0 0 0 0 2 23896 8492 
0 0 0 0 0 0 0 2 23906 8483 
0 0 0 0 0 0 0 2 23916 8474 
0 0 0 0 0 0 0 2 23926 8465 
0 0 0 0 0 0 0 2 23936 8456 
0 0 0 0 0 0 0 2 23946 8447 
0 0 0 0 0 0 0 2 23956 8438 
0 0 0 0 0 0 0 2 23966 8429 
0 0 0 0 0 0 0 2 23976 8420 
0 0 0 0 0 0 0 2 23986 8411 
0 0 0 0 0 0 0 2 23996 8402 
0 0 0 0 0 0 0 2 24006 8393 
0 0 0 0 0 0 0 2 24016 8384 
0 0 0 0 0 0 0 2 24026 8375 
0 0 0 0 0 0 0 2 24036 8366 
0 0 0 0 0 0 0 2 24046 8357 
0 0 0 0 0 0 0 2 24056 8348 
0 0 0 0 0 0 0 2 24066 8339 
0 0 0 0 0 0 0 2 24076 8330 
0 0 0 0 0 0 0 2 24086 8321 
0 0 0 0 0 0 0 2 24096 8312 
0 0 0 0 0 0 0 2 24106 8303 
0 0 0 0 0 0 0 2 24116 8294 
0 0 0 0 0 0 0 2 24126 8285 
0 0 0 0 0 0 0 2 24136 8276 
0 0 0 0 0 0 0 2 24146 8267 
0 0 0 0 0 0 0 2 24156 8258 
0 0 0 0 0 0 0 2 24166 8249 
0 0 0 0 0 0 0 2 24176 8240 
0 0 0 0 0 0 0 2 24186 8231 
0 0 0 0 0 0 0 2 24196 8222 
0 0 0 0 0 0 0 2 24206 8213 
0 0 0 0 0 0 0 2 24216 8204 
0 0 0 0 0 0 0 2 24226 8195 
0 0 0 0 0 0 0 2 24236 8186 
0 0 0 0 0 0 0 2 24246 8177 
0 0 0 0 0 0 0 2 24256 8168 
0 0 0 0 0 0 0 2 24266 8159 
0 0 0 0 0 0 0 2 24276 8150 
0 0 0 0 0 0 0 2 24286 8141 
0 0 0 0 0 0 0 2 24296 8132 
0 0 0 0 0 0 0 2 24306 8123 
0 0 0 0 0 0 0 2 24316 8114 
0 0 0 0 0 0 0 2 24326 8105 
0 0 0 0 0 0 0 2 24336 8096 
0 0 0 0 0 0 0 2 24346 8087 
0 0 0 0 0 0 0 2 24356 8078 
0 0 0 0 0 0 0 2 24366 8069 
0 0 0 0 0 0 0 2 24376 8060 
0 0 0 0 0 0 0 2 24386 8051 
0 0 0 0 0 0 0 2 24396 8042 
0 0 0 0 0 0 0 2 24406 8033 
0 0 0 0 0 0 0 2 24416 8024 
0 0 0 0 0 0 0 2 24426 8015 
0 0 0 0 0 0 0 2 24436 8006 
0 0 0 0 0 0 0 2 24446 7997 
0 0 0 0 0 0 0 2 24456 7988 
0 0 0 0 0 0 0 2 24466 7979 
0 0 0 0 0 0 0 2 24476 7970 
0 0 0 0 0 0 0 2 24486 7961 
0 0 0 0 0 0 0 2 24496 7952 
0 0 0 0 0 0 0 2 24506 7943 
0 0 0 0 0 0 0 2 24516 7934 
0 0 0 0 0 0 0 2 24526 7925 
0 0 0 0 0 0 0 2 24536 7916 
0 0 0 0 0 0 0 2 24546 7907 
0 0 0 0 0 0 0 2 24556 7898 
0 0 0 0 0 0 0 2 24566 7889 
0 0 0 0 0 0 0 2 24576 7880 
0 0 0 0 0 0 0 2 24586 7871 
0 0 0 0 0 0 0 2 24596 7862 
0 0 0 0 0 0 0 2 24606 7853 
0 0 0 0 0 0 0 2 24616 7844 
0 0 0 0 0 0 0 2 24626 7835 
0 0 0 0 0 0 0 2 24636 7826 
0 0 0 0 0 0 0 2 24646 7817 
0 0 0 0 0 0 0 2 24656 7808 
0 0 0 0 0 0 0 2 24666 7799 
0 0 0 0 0 0 0 2 24676 7790 
0 0 0 0 0 0 0 2 24686 7781 
0 0 0 0 0 0 0 2 24696 7772 
0 0 0 0 0 0 0 2 24706 7763 
0 0 0 0 0 0 0 2 24716 7754 
0 0 0 0 0 0 0 2 24726 7745 
0 0 0 0 0 0 0 2 24736 7736 
0 0 0 0 0 0 0 2 24746 7727 
0 0 0 0 0 0 0 2 24756 7718 
0 0 0 0 0 0 0 2 24766 7709 
0 0 0 0 0 0 0 2 24776 7700 
0 0 0 0 0 0 0 2 24786 7691 
0 0 0 0 0 0 0 2 24796 7682 
0 0 0 0 0 0 0 2 24806 7673 
0 0 0 0 0 0 0 2 24816 7664 
0 0 0 0 0 0 0 2 24826 7655 
0 0 0 0 0 0 0 2 24836 7646 
0 0 0 0 0 0 0 2 24846 7637 
0 0 0 0 0 0 0 2 24856 7628 
0 0 0 0 0 0 0 2 24866 7619 
0 0 0 0 0 0 0 2 24876 7610 
0 0 0 0 0 0 0 2 24886 7601 
0 0 0 0 0 0 0 2 24896 7592 
0 0 0 0 0 0 0 2 24906 7583 
0 0 0 0 0 0 0 2 24916 7574 
0 0 0 0 0 0 0 2 24926 7565 
0 0 0 0 0 0 0 2 24936 7556 
0 0 0 0 0 0 0 2 24946 7547 
0 0 0 0 0 0 0 2 24956 7538 
0 0 0 0 0 0 0 2 24966 7529 
0 0 0 0 0 0 0 2 24976 7520 
0 0 0 0 0 0 0 2 24986 7511 
0 0 0 0 0 0 0 2 24996 7502 
0 0 0 0 0 0 0 2 25006 7493 
0 0 0 0 0 0 0 2 25016 7484 
0 0 0 0 0 0 0 2 25026 7475 
0 0 0 0 0 0 0 2 25036 7466 
0 0 0 0 0 0 0 2 25046 7457 
0 0 0 0 0 0 0 2 25056 7448 
0 0 0 0 0 0 0 2 25066 7439 
0 0 0 0 0 0 0 2 25076 7430 
0 0 0 0 0 0 0 2 25086 7421 
0 0 0 0 0 0 0 2 25096 7412 
0 0 0 0 0 0 0 2 25106 7403 
0 0 0 0 0 0 0 2 25116 7394 
0 0 0 0 0 0 0 2 25126 7385 
0 0 0 0 0 0 0 2 25136 7376 
0 0 0 0 0 0 0 2 25146 7367 
0 0 0 0 0 0 0 2 25156 7358 
0 0 0 0 0 0 0 2 25166 7349 
0 0 0 0 0 0 0 2 25176 7340 
0 0 0 0 0 0 0 2 25186 7331 
0 0 0 0 0 0 0 2 25196 7322 
0 0 0 0 0 0 0 2 25206 7313 
0 0 0 0 0 0 0 2 25216 7304 
0 0 0 0 0 0 0 2 25226 7295 
0 0 0 0 0 0 0 2 25236 7286 
0 0 0 0 0 0 0 2 25246 7277 
0 0 0 0 0 0 0 2 25256 7268 
0 0 0 0 0 0 0 2 25266 7259 
0 0 0 0 0 0 0 2 25276 7250 
0 0 0 0 0 0 0 2 25286 7241 
0 0 0 0 0 0 0 2 25296 7232 
0 0 0 0 0 0 0 2 25306 7223 
0 0 0 0 0 0 0 2 25316 7214 
0 0 0 0 0 0 0 2 25326 7205 
0 0 0 0 0 0 0 2 25336 7196 
0 0 0 0 0 0 0 2 25346 7187 
0 0 0 0 0 0 0 2 25356 7178 
0 0 0 0 0 0 0 2 25366 7169 
0 0 0 0 0 0 0 2 25376 7160 
0 0 0 0 0 0 0 2 25386 7151 
0 0 0 0 0 0 0 2 25396 7142 
0 0 0 0 0 0 0 2 25406 7133 
0 0 0 0 0 0 0 2 25416 7124 
0 0 0 0 0 0 0 2 25426 7115 
0 0 0 0 0 0 0 2 25436 7106 
0 0 0 0 0 0 0 2 25446 7097 
0 0 0 0 0 0 0 2 25456 7088 
0 0 0 0 0 0 0 2 25466 7079 
0 0 0 0 0 0 0 2 25476 7070 
0 0 0 0 0 0 0 2 25486 7061 
0 0 0 0 0 0 0 2 25496 7052 
0 0 0 0 0 0 0 2 25506 7043 
0 0 0 0 0 0 0 2 25516 7034 
0 0 0 0 0 0 0 2 25526 7025 
0 0 0 0 0 0 0 2 25536 7016 
0 0 0 0 0 0 0 2 25546 7007 
0 0 0 0 0 0 0 2 25556 6998 
0 0 0 0 0 0 0 2 25566 6989 
0 0 0 0 0 0 0 2 25576 6980 
0 0 0 0 0 0 0 2 25586 6971 
0 0 0 0 0 0 0 2 25596 6962 
0 0 0 0 0 0 0 2 25606 6953 
0 0 0 0 0 0 0 2 25616 6944 
0 0 0 0 0 0 0 2 25626 6935 
0 0 0 0 0 0 0 2 25636 6926 
0 0 0 0 0 0 0 2 25646 6917 
0 0 0 0 0 0 0 2 25656 6908 
0 0 0 0 0 0 0 2 25666 6899 
0 0 0 0 0 0 0 2 25676 6890 
0 0 0 0 0 0 0 2 25686 6881 
0 0 0 0 0 0 0 2 25696 6872 
0 0 0 0 0 0 0 2 25706 6863 
0 0 0 0 0 0 0 2 25716 6854 
0 0 0 0 0 0 0 2 25726 6845 
0 0 0 0 0 0 0 2 25736 6836 
0 0 0 0 0 0 0 2 25746 6827 
0 0 0 0 0 0 0 2 25756 6818 
0 0 0 0 0 0 0 2 25766 6809 
0 0 0 0 0 0 0 2 25776 6800 
0 0 0 0 0 0 0 2 25786 6791 
0 0 0 0 0 0 0 2 25796 6782 
0 0 0 0 0 0 0 2 25806 6773 
0 0 0 0 0 0 0 2 25816 6764 
0 0 0 0 0 0 0 2 25826 6755 
0 0 0 0 0 0 0 2 25836 6746 
0 0 0 0 0 0 0 2 25846 6737 
0 0 0 0 0 0 0 2 25856 6728 
0 0 0 0 0 0 0 2 25866 6719 
0 0 0 0 0 0 0 2 25876 6710 
0 0 0 0 0 0 0 2 25886 6701 
0 0 0 0 0 0 0 2 25896 6692 
0 0 0 0 0 0 0 2 25906 6683 
0 0 0 0 0 0 0 2 25916 6674 
0 0 0 0 0 0 0 2 25926 6665 
0 0 0 0 0 0 0 2 25936 6656 
0 0 0 0 0 0 0 2 25946 6647 
0 0 0 0 0 0 0 2 25956 6638 
0 0 0 0 0 0 0 2 25966 6629 
0 0 0 0 0 0 0 2 25976 6620 
0 0 0 0 0 0 0 2 25986 6611 
0 0 0 0 0 0 0 2 25996 6602 
0 0 0 0 0 0 0 2 26006 6593 
0 0 0 0 0 0 0 2 26016 6584 
0 0 0 0 0 0 0 2 26026 6575 
0 0 0 0 0 0 0 2 26036 6566 
0 0 0 0 0 0 0 2 26046 6557 
0 0 0 0 0 0 0 2 26056 6548 
0 0 0 0 0 0 0 2 26066 6539 
0 0 0 0 0 0 0 2 26076 6530 
0 0 0 0 0 0 0 2 26086 6521 
0 0 0 0 0 0 0 2 26096 6512 
0 0 0 0 0 0 0 2 26106 6503 
0 0 0 0 0 0 0 2 26116 6494 
0 0 0 0 0 0 0 2 26126 6485 
0 0 0 0 0 0 0 2 26136 6476 
0 0 0 0 0 0 0 2 26146 6467 
0 0 0 0 0 0 0 2 26156 6458 
0 0 0 0 0 0 0 2 26166 6449 
0 0 0 0 0 0 0 2 26176 6440 
0 0 0 0 0 0 0 2 26186 6431 
0 0 0 0 0 0 0 2 26196 6422 
0 0 0 0 0 0 0 2 26206 6413 
0 0 0 0 0 0 0 2 26216 6404 
0 0 0 0 0 0 0 2 26226 6395 
0 0 0 0 0 0 0 2 26236 6386 
0 0 0 0 0 0 0 2 26246 6377 
0 0 0 0 0 0 0 2 26256 6368 
0 0 0 0 0 0 0 2 26266 6359 
0 0 0 0 0 0 0 2 26276 6350 
0 0 0 0 0 0 0 2 26286 6341 
0 0 0 0 0 0 0 2 26296 6332 
0 0 0 0 0 0 0 2 26306 6323 
0 0 0 0 0 0 0 2 26316 6314 
0 0 0 0 0 0 0 2 26326 6305 
0 0 0 0 0 0 0 2 26336 6296 
0 0 0 0 0 0 0 2 26346 6287 
0 0 0 0 0 0 0 2 26356 6278 
0 0 0 0 0 0 0 2 26366 6269 
0 0 0 0 0 0 0 2 26376 6260 
0 0 0 0 0 0 0 2 26386 6251 
0 0 0 0 0 0 0 2 26396 6242 
0 0 0 0 0 0 0 2 26406 6233 
0 0 0 0 0 0 0 2 26416 6224 
0 0 0 0 0 0 0 2 26426 6215 
0 0 0 0 0 0 0 2 26436 6206 
0 0 0 0 0 0 0 2 26446 6197 
0 0 0 0 0 0 0 2 26456 6188 
0 0 0 0 0 0 0 2 26466 6179 
0 0 0 0 0 0 0 2 26476 6170 
0 0 0 0 0 0 0 2 26486 6161 
0 0 0 0 0 0 0 2 26496 6152 
0 0 0 0 0 0 0 2 26506 6143 
0 0 0 0 0 0 0 2 26516 6134 
0 0 0 0 0 0 0 2 26526 6125 
0 0 0 0 0 0 0 2 26536 6116 
0 0 0 0 0 0 0 2 26546 6107 
0 0 0 0 0 0 0 2 26556 6098 
0 0 0 0 0 0 0 2 26566 6089 
0 0 0 0 0 0 0 2 26576 6080 
0 0 0 0 0 0 0 2 26586 6071 
0 0 0 0 0 0 0 2 26596 6062 
0 0 0 0 0 0 0 2 26606 6053 
0 0 0 0 0 0 0 2 26616 6044 
0 0 0 0 0 0 0 2 26626 6035 
0 0 0 0 0 0 0 2 26636 6026 
0 0 0 0 0 0 0 2 26646 6017 
0 0 0 0 0 0 0 2 26656 6008 
0 0 0 0 0 0 0 2 26666 5999 
0 0 0 0 0 0 0 2 26676 5990 
0 0 0 0 0 0 0 2 26686 5981 
0 0 0 0 0 0 0 2 26696 5972 
0 0 0 0 0 0 0 2 26706 5963 
0 0 0 0 0 0 0 2 26716 5954 
0 0 0 0 0 0 0 2 26726 5945 
0 0 0 0 0 0 0 2 26736 5936 
0 0 0 0 0 0 0 2 26746 5927 
0 0 0 0 0 0 0 2 26756 5918 
0 0 0 0 0 0 0 2 26766 5909 
0 0 0 0 0 0 0 2 26776 5900 
0 0 0 0 0 0 0 2 26786 5891 
0 0 0 0 0 0 0 2 26796 5882 
0 0 0 0 0 0 0 2 26806 5873 
0 0 0 0 0 0 0 2 26816 5864 
0 0 0 0 0 0 0 2 26826 5855 
0 0 0 0 0 0 0 2 26836 5846 
0 0 0 0 0 0 0 2 26846 5837 
0 0 0 0 0 0 0 2 26856 5828 
0 0 0 0 0 0 0 2 26866 5819 
0 0 0 0 0 0 0 2 26876 5810 
0 0 0 0 0 0 0 2 26886 5801 
0 0 0 0 0 0 0 2 26896 5792 
0 0 0 0 0 0 0 2 26906 5783 
0 0 0 0 0 0 0 2 26916 5774 
0 0 0 0 0 0 0 2 26926 5765 
0 0 0 0 0 0 0 2 26936 5756 
0 0 0 0 0 0 0 2 26946 5747 
0 0 0 0 0 0 0 2 26956 5738 
0 0 0 0 0 0 0 2 26966 5729 
0 0 0 0 0 0 0 2 26976 5720 
0 0 0 0 0 0 0 2 26986 5711 
0 0 0 0 0 0 0 2 26996 5702 
0 0 0 0 0 0 0 2 27006 5693 
0 0 0 0 0 0 0 2 27016 5684 
0 0 0 0 0 0 0 2 27026 5675 
0 0 0 0 0 0 0 2 27036 5666 
0 0 0 0 0 0 0 2 27046 5657 
0 0 0 0 0 0 0 2 27056 5648 
0 0 0 0 0 0 0 2 27066 5639 
0 0 0 0 0 0 0 2 27076 5630 
0 0 0 0 0 0 0 2 27086 5621 
0 0 0 0 0 0 0 2 27096 5612 
0 0 0 0 0 0 0 2 27106 5603 
0 0 0 0 0 0 0 2 27116 5594 
0 0 0 0 0 0 0 2 27126 5585 
0 0 0 0 0 0 0 2 27136 5576 
0 0 0 0 0 0 0 2 27146 5567 
0 0 0 0 0 0 0 2 27156 5558 
0 0 0 0 0 0 0 2 27166 5549 
0 0 0 0 0 0 0 2 27176 5540 
0 0 0 0 0 0 0 2 27186 5531 
0 0 0 0 0 0 0 2 27196 5522 
0 0 0 0 0 0 0 2 27206 5513 
0 0 0 0 0 0 0 2 27216 5504 
0 0 0 0 0 0 0 2 27226 5495 
0 0 0 0 0 0 0 2 27236 5486 
0 0 0 0 0 0 0 2 27246 5477 
0 0 0 0 0 0 0 2 27256 5468 
0 0 0 0 0 0 0 2 27266 5459 
0 0 0 0 0 0 0 2 27276 5450 
0 0 0 0 0 0 0 2 27286 5441 
0 0 0 0 0 0 0 2 27296 5432 
0 0 0 0 0 0 0 2 27306 5423 
0 0 0 0 0 0 0 2 27316 5414 
0 0 0 0 0 0 0 2 27326 5405 
0 0 0 0 0 0 0 2 27336 5396 
0 0 0 0 0 0 0 2 27346 5387 
0 0 0 0 0 0 0 2 27356 5378 
0 0 0 0 0 0 0 2 27366 5369 
0 0 0 0 0 0 0 2 27376 5360 
0 0 0 0 0 0 0 2 27386 5351 
0 0 0 0 0 0 0 2 27396 5342 
0 0 0 0 0 0 0 2 27406 5333 
0 0 0 0 0 0 0 2 27416 5324 
0 0 0 0 0 0 0 2 27426 5315 
0 0 0 0 0 0 0 2 27436 5306 
0 0 0 0 0 0 0 2 27446 5297 
0 0 0 0 0 0 0 2 27456 5288 
0 0 0 0 0 0 0 2 27466 5279 
0 0 0 0 0 0 0 2 27476 5270 
0 0 0 0 0 0 0 2 27486 5261 
0 0 0 0 0 0 0 2 27496 5252 
0 0 0 0 0 0 0 2 27506 5243 
0 0 0 0 0 0 0 2 27516 5234 
0 0 0 0 0 0 0 2 27526 5225 
0 0 0 0 0 0 0 2 27536 5216 
0 0 0 0 0 0 0 2 27546 5207 
0 0 0 0 0 0 0 2 27556 5198 
0 0 0 0 0 0 0 2 27566 5189 
0 0 0 0 0 0 0 2 27576 5180 
0 0 0 0 0 0 0 2 27586 5171 
0 0 0 0 0 0 0 2 27596 5162 
0 0 0 0 0 0 0 2 27606 5153 
0 0 0 0 0 0 0 2 27616 5144 
0 0 0 0 0 0 0 2 27626 5135 
0 0 0 0 0 0 0 2 27636 5126 
0 0 0 0 0 0 0 2 27646 5117 
0 0 0 0 0 0 0 2 27656 5108 
0 0 0 0 0 0 0 2 27666 5099 
0 0 0 0 0 0 0 2 27676 5090 
0 0 0 0 0 0 0 2 27686 5081 
0 0 0 0 0 0 0 2 27696 5072 
0 0 0 0 0 0 0 2 27706 5063 
0 0 0 0 0 0 0 2 27716 5054 
0 0 0 0 0 0 0 2 27726 5045 
0 0 0 0 0 0 0 2 27736 5036 
0 0 0 0 0 0 0 2 27746 5027 
0 0 0 0 0 0 0 2 27756 5018 
0 0 0 0 0 0 0 2 27766 5009 
0 0 0 0 0 0 0 2 27776 5000 
0 0 0 0 0 0 0 2 27786 4991 
0 0 0 0 0 0 0 2 27796 4982 
0 0 0 0 0 0 0 2 27806 4973 
0 0 0 0 0 0 0 2 27816 4964 
0 0 0 0 0 0 0 2 27826 4955 
0 0 0 0 0 0 0 2 27836 4946 
0 0 0 0 0 0 0 2 27846 4937 
0 0 0 0 0 0 0 2 27856 4928 
0 0 0 0 0 0 0 2 27866 4919 
0 0 0 0 0 0 0 2 27876 4910 
0 0 0 0 0 0 0 2 27886 4901 
0 0 0 0 0 0 0 2 27896 4892 
0 0 0 0 0 0 0 2 27906 4883 
0 0 0 0 0 0 0 2 27916 4874 
0 0 0 0 0 0 0 2 27926 4865 
0 0 0 0 0 0 0 2 27936 4856 
0 0 0 0 0 0 0 2 27946 4847 
0 0 0 0 0 0 0 2 27956 4838 
0 0 0 0 0 0 0 2 27966 4829 
0 0 0 0 0 0 0 2 27976 4820 
0 0 0 0 0 0 0 2 27986 4811 
0 0 0 0 0 0 0 2 27996 4802 
0 0 0 0 0 0 0 2 28006 4793 
0 0 0 0 0 0 0 2 28016 4784 
0 0 0 0 0 0 0 2 28026 4775 
0 0 0 0 0 0 0 2 28036 4766 
0 0 0 0 0 0 0 2 28046 4757 
0 0 0 0 0 0 0 2 28056 4748 
0 0 0 0 0 0 0 2 28066 4739 
0 0 0 0 0 0 0 2 28076 4730 
0 0 0 0 0 0 0 2 28086 4721 
0 0 0 0 0 0 0 2 28096 4712 
0 0 0 0 0 0 0 2 28106 4703 
0 0 0 0 0 0 0 2 28116 4694 
0 0 0 0 0 0 0 2 28126 4685 
0 0 0 0 0 0 0 2 28136 4676 
0 0 0 0 0 0 0 2 28146 4667 
0 0 0 0 0 0 0 2 28156 4658 
0 0 0 0 0 0 0 2 28166 4649 
0 0 0 0 0 0 0 2 28176 4640 
0 0 0 0 0 0 0 2 28186 4631 
0 0 0 0 0 0 0 2 28196 4622 
0 0 0 0 0 0 0 2 28206 4613 
0 0 0 0 0 0 0 2 28216 4604 
0 0 0 0 0 0 0 2 28226 4595 
0 0 0 0 0 0 0 2 28236 4586 
0 0 0 0 0 0 0 2 28246 4577 
0 0 0 0 0 0 0 2 28256 4568 
0 0 0 0 0 0 0 2 28266 4559 
0 0 0 0 0 0 0 2 28276 4550 
0 0 0 0 0 0 0 2 28286 4541 
0 0 0 0 0 0 0 2 28296 4532 
0 0 0 0 0 0 0 2 28306 4523 
0 0 0 0 0 0 0 2 28316 4514 
0 0 0 0 0 0 0 2 28326 4505 
0 0 0 0 0 0 0 2 28336 4496 
0 0 0 0 0 0 0 2 28346 4487 
0 0 0 0 0 0 0 2 28356 4478 
0 0 0 0 0 0 0 2 28366 4469 
0 0 0 0 0 0 0 2 28376 4460 
0 0 0 0 0 0 0 2 28386 4451 
0 0 0 0 0 0 0 2 28396 4442 
0 0 0 0 0 0 0 2 28406 4433 
0 0 0 0 0 0 0 2 28416 4424 
0 0 0 0 0 0 0 2 28426 4415 
0 0 0 0 0 0 0 2 28436 4406 
0 0 0 0 0 0 0 2 28446 4397 
0 0 0 0 0 0 0 2 28456 4388 
0 0 0 0 0 0 0 2 28466 4379 
0 0 0 0 0 0 0 2 28476 4370 
0 0 0 0 0 0 0 2 28486 4361 
0 0 0 0 0 0 0 2 28496 4352 
0 0 0 0 0 0 0 2 28506 4343 
0 0 0 0 0 0 0 2 28516 4334 
0 0 0 0 0 0 0 2 28526 4325 
0 0 0 0 0 0 0 2 28536 4316 
0 0 0 0 0 0 0 2 28546 4307 
0 0 0 0 0 0 0 2 28556 4298 
0 0 0 0 0 0 0 2 28566 4289 
0 0 0 0 0 0 0 2 28576 4280 
0 0 0 0 0 0 0 2 28586 4271 
0 0 0 0 0 0 0 2 28596 4262 
0 0 0 0 0 0 0 2 28606 4253 
0 0 0 0 0 0 0 2 28616 4244 
0 0 0 0 0 0 0 2 28626 4235 
0 0 0 0 0 0 0 2 28636 4226 
0 0 0 0 0 0 0 2 28646 4217 
0 0 0 0 0 0 0 2 28656 4208 
0 0 0 0 0 0 0 2 28666 4199 
0 0 0 0 0 0 0 2 28676 4190 
0 0 0 0 0 0 0 2 28686 4181 
0 0 0 0 0 0 0 2 28696 4172 
0 0 0 0 0 0 0 2 28706 4163 
0 0 0 0 0 0 0 2 28716 4154 
0 0 0 0 0 0 0 2 28726 4145 
0 0 0 0 0 0 0 2 28736 4136 
0 0 0 0 0 0 0 2 28746 4127 
0 0 0 0 0 0 0 2 28756 4118 
0 0 0 0 0 0 0 2 28766 4109 
0 0 0 0 0 0 0 2 28776 4100 
0 0 0 0 0 0 0 2 28786 4091 
0 0 0 0 0 0 0 2 28796 4082 
0 0 0 0 0 0 0 2 28806 4073 
0 0 0 0 0 0 0 2 28816 4064 
0 0 0 0 0 0 0 2 28826 4055 
0 0 0 0 0 0 0 2 28836 4046 
0 0 0 0 0 0 0 2 28846 4037 
0 0 0 0 0 0 0 2 28856 4028 
0 0 0 0 0 0 0 2 28866 4019 
0 0 0 0 0 0 0 2 28876 4010 
0 0 0 0 0 0 0 2 28886 4001 
0 0 0 0 0 0 0 2 28896 3992 
0 0 0 0 0 0 0 2 28906 3983 
0 0 0 0 0 0 0 2 28916 3974 
0 0 0 0 0 0 0 2 28926 3965 
0 0 0 0 0 0 0 2 28936 3956 
0 0 0 0 0 0 0 2 28946 3947 
0 0 0 0 0 0 0 2 28956 3938 
0 0 0 0 0 0 0 2 28966 3929 
0 0 0 0 0 0 0 2 28976 3920 
0 0 0 0 0 0 0 2 28986 3911 
0 0 0 0 0 0 0 2 28996 3902 
0 0 0 0 0 0 0 2 29006 3893 
0 0 0 0 0 0 0 2 29016 3884 
0 0 0 0 0 0 0 2 29026 3875 
0 0 0 0 0 0 0 2 29036 3866 
0 0 0 0 0 0 0 2 29046 3857 
0 0 0 0 0 0 0 2 29056 3848 
0 0 0 0 0 0 0 2 29066 3839 
0 0 0 0 0 0 0 2 29076 3830 
0 0 0 0 0 0 0 2 29086 3821 
0 0 0 0 0 0 0 2 29096 3812 
0 0 0 0 0 0 0 2 29106 3803 
0 0 0 0 0 0 0 2 29116 3794 
0 0 0 0 0 0 0 2 29126 3785 
0 0 0 0 0 0 0 2 29136 3776 
0 0 0 0 0 0 0 2 29146 3767 
0 0 0 0 0 0 0 2 29156 3758 
0 0 0 0 0 0 0 2 29166 3749 
0 0 0 0 0 0 0 2 29176 3740 
0 0 0 0 0 0 0 2 29186 3731 
0 0 0 0 0 0 0 2 29196 3722 
0 0 0 0 0 0 0 2 29206 3713 
0 0 0 0 0 0 0 2 29216 3704 
0 0 0 0 0 0 0 2 29226 3695 
0 0 0 0 0 0 0 2 29236 3686 
0 0 0 0 0 0 0 2 29246 3677 
0 0 0 0 0 0 0 2 29256 3668 
0 0 0 0 0 0 0 2 29266 3659 
0 0 0 0 0 0 0 2 29276 3650 
0 0 0 0 0 0 0 2 29286 3641 
0 0 0 0 0 0 0 2 29296 3632 
0 0 0 0 0 0 0 2 29306 3623 
0 0 0 0 0 0 0 2 29316 3614 
0 0 0 0 0 0 0 2 29326 3605 
0 0 0 0 0 0 0 2 29336 3596 
0 0 0 0 0 0 0 2 29346 3587 
0 0 0 0 0 0 0 2 29356 3578 
0 0 0 0 0 0 0 2 29366 3569 
0 0 0 0 0 0 0 2 29376 3560 
0 0 0 0 0 0 0 2 29386 3551 
0 0 0 0 0 0 0 2 29396 3542 
0 0 0 0 0 0 0 2 29406 3533 
0 0 0 0 0 0 0 2 29416 3524 
0 0 0 0 0 0 0 2 29426 3515 
0 0 0 0 0 0 0 2 29436 3506 
0 0 0 0 0 0 0 2 29446 3497 
0 0 0 0 0 0 0 2 29456 3488 
0 0 0 0 0 0 0 2 29466 3479 
0 0 0 0 0 0 0 2 29476 3470 
0 0 0 0 0 0 0 2 29486 3461 
0 0 0 0 0 0 0 2 29496 3452 
0 0 0 0 0 0 0 2 29506 3443 
0 0 0 0 0 0 0 2 29516 3434 
0 0 0 0 0 0 0 2 29526 3425 
0 0 0 0 0 0 0 2 29536 3416 
0 0 0 0 0 0 0 2 29546 3407 
0 0 0 0 0 0 0 2 29556 3398 
0 0 0 0 0 0 0 2 29566 3389 
0 0 0 0 0 0 0 2 29576 3380 
0 0 0 0 0 0 0 2 29586 3371 
0 0 0 0 0 0 0 2 29596 3362 
0 0 0 0 0 0 0 2 29606 3353 
0 0 0 0 0 0 0 2 29616 3344 
0 0 0 0 0 0 0 2 29626 3335 
0 0 0 0 0 0 0 2 29636 3326 
0 0 0 0 0 0 0 2 29646 3317 
0 0 0 0 0 0 0 2 29656 3308 
0 0 0 0 0 0 0 2 29666 3299 
0 0 0 0 0 0 0 2 29676 3290 
0 0 0 0 0 0 0 2 29686 3281 
0 0 0 0 0 0 0 2 29696 3272 
0 0 0 0 0 0 0 2 29706 3263 
0 0 0 0 0 0 0 2 29716 3254 
0 0 0 0 0 0 0 2 29726 3245 
0 0 0 0 0 0 0 2 29736 3236 
0 0 0 0 0 0 0 2 29746 3227 
0 0 0 0 0 0 0 2 29756 3218 
0 0 0 0 0 0 0 2 29766 3209 
0 0 0 0 0 0 0 2 29776 3200 
0 0 0 0 0 0 0 2 29786 3191 
0 0 0 0 0 0 0 2 29796 3182 
0 0 0 0 0 0 0 2 29806 3173 
0 0 0 0 0 0 0 2 29816 3164 
0 0 0 0 0 0 0 2 29826 3155 
0 0 0 0 0 0 0 2 29836 3146 
0 0 0 0 0 0 0 2 29846 3137 
0 0 0 0 0 0 0 2 29856 3128 
0 0 0 0 0 0 0 2 29866 3119 
0 0 0 0 0 0 0 2 29876 3110 
0 0 0 0 0 0 0 2 29886 3101 
0 0 0 0 0 0 0 2 29896 3092 
0 0 0 0 0 0 0 2 29906 3083 
0 0 0 0 0 0 0 2 29916 3074 
0 0 0 0 0 0 0 2 29926 3065 
0 0 0 0 0 0 0 2 29936 3056 
0 0 0 0 0 0 0 2 29946 3047 
0 0 0 0 0 0 0 2 29956 3038 
0 0 0 0 0 0 0 2 29966 3029 
0 0 0 0 0 0 0 2 29976 3020 
0 0 0 0 0 0 0 2 29986 3011 
0 0 0 0 0 0 0 2 29996 3002 
0 0 0 0 0 0 0 2 30006 2993 
0 0 0 0 0 0 0 2 30016 2984 
0 0 0 0 0 0 0 2 30026 2975 
0 0 0 0 0 0 0 2 30036 2966 
0 0 0 0 0 0 0 2 30046 2957 
0 0 0 0 0 0 0 2 30056 2948 
0 0 0 0 0 0 0 2 30066 2939 
0 0 0 0 0 0 0 2 30076 2930 
0 0 0 0 0 0 0 2 30086 2921 
0 0 0 0 0 0 0 2 30096 2912 
0 0 0 0 0 0 0 2 30106 2903 
0 0 0 0 0 0 0 2 30116 2894 
0 0 0 0 0 0 0 2 30126 2885 
0 0 0 0 0 0 0 2 30136 2876 
0 0 0 0 0 0 0 2 30146 2867 
0 0 0 0 0 0 0 2 30156 2858 
0 0 0 0 0 0 0 2 30166 2849 
0 0 0 0 0 0 0 2 30176 2840 
0 0 0 0 0 0 0 2 30186 2831 
0 0 0 0 0 0 0 2 30196 2822 
0 0 0 0 0 0 0 2 30206 2813 
0 0 0 0 0 0 0 2 30216 2804 
0 0 0 0 0 0 0 2 30226 2795 
0 0 0 0 0 0 0 2 30236 2786 
0 0 0 0 0 0 0 2 30246 2777 
0 0 0 0 0 0 0 2 30256 2768 
0 0 0 0 0 0 0 2 30266 2759 
0 0 0 0 0 0 0 2 30276 2750 
0 0 0 0 0 0 0 2 30286 2741 
0 0 0 0 0 0 0 2 30296 2732 
0 0 0 0 0 0 0 2 30306 2723 
0 0 0 0 0 0 0 2 30316 2714 
0 0 0 0 0 0 0 2 30326 2705 
0 0 0 0 0 0 0 2 30336 2696 
0 0 0 0 0 0 0 2 30346 2687 
0 0 0 0 0 0 0 2 30356 2678 
0 0 0 0 0 0 0 2 30366 2669 
0 0 0 0 0 0 0 2 30376 2660 
0 0 0 0 0 0 0 2 30386 2651 
0 0 0 0 0 0 0 2 30396 2642 
0 0 0 0 0 0 0 2 30406 2633 
0 0 0 0 0 0 0 2 30416 2624 
0 0 0 0 0 0 0 2 30426 2615 
0 0 0 0 0 0 0 2 30436 2606 
0 0 0 0 0 0 0 2 30446 2597 
0 0 0 0 0 0 0 2 30456 2588 
0 0 0 0 0 0 0 2 30466 2579 
0 0 0 0 0 0 0 2 30476 2570 
0 0 0 0 0 0 0 2 30486 2561 
0 0 0 0 0 0 0 2 30496 2552 
0 0 0 0 0 0 0 2 30506 2543 
0 0 0 0 0 0 0 2 30516 2534 
0 0 0 0 0 0 0 2 30526 2525 
0 0 0 0 0 0 0 2 30536 2516 
0 0 0 0 0 0 0 2 30546 2507 
0 0 0 0 0 0 0 2 30556 2498 
0 0 0 0 0 0 0 2 30566 2489 
0 0 0 0 0 0 0 2 30576 2480 
0 0 0 0 0 0 0 2 30586 2471 
0 0 0 0 0 0 0 2 30596 2462 
0 0 0 0 0 0 0 2 30606 2453 
0 0 0 0 0 0 0 2 30616 2444 
0 0 0 0 0 0 0 2 30626 2435 
0 0 0 0 0 0 0 2 30636 2426 
0 0 0 0 0 0 0 2 30646 2417 
0 0 0 0 0 0 0 2 30656 2408 
0 0 0 0 0 0 0 2 30666 2399 
0 0 0 0 0 0 0 2 30676 2390 
0 0 0 0 0 0 0 2 30686 2381 
0 0 0 0 0 0 0 2 30696 2372 
0 0 0 0 0 0 0 2 30706 2363 
0 0 0 0 0 0 0 2 30716 2354 
0 0 0 0 0 0 0 2 30726 2345 
0 0 0 0 0 0 0 2 30736 2336 
0 0 0 0 0 0 0 2 30746 2327 
0 0 0 0 0 0 0 2 30756 2318 
0 0 0 0 0 0 0 2 30766 2309 
0 0 0 0 0 0 0 2 30776 2300 
0 0 0 0 0 0 0 2 30786 2291 
0 0 0 0 0 0 0 2 30796 2282 
0 0 0 0 0 0 0 2 30806 2273 
0 0 0 0 0 0 0 2 30816 2264 
0 0 0 0 0 0 0 2 30826 2255 
0 0 0 0 0 0 0 2 30836 2246 
0 0 0 0 0 0 0 2 30846 2237 
0 0 0 0 0 0 0 2 30856 2228 
0 0 0 0 0 0 0 2 30866 2219 
0 0 0 0 0 0 0 2 30876 2210 
0 0 0 0 0 0 0 2 30886 2201 
0 0 0 0 0 0 0 2 30896 2192 
0 0 0 0 0 0 0 2 30906 2183 
0 0 0 0 0 0 0 2 30916 2174 
0 0 0 0 0 0 0 2 30926 2165 
0 0 0 0 0 0 0 2 30936 2156 
0 0 0 0 0 0 0 2 30946 2147 
0 0 0 0 0 0 0 2 30956 2138 
0 0 0 0 0 0 0 2 30966 2129 
0 0 0 0 0 0 0 2 30976 2120 
0 0 0 0 0 0 0 2 30986 2111 
0 0 0 0 0 0 0 2 30996 2102 
0 0 0 0 0 0 0 2 31006 2093 
0 0 0 0 0 0 0 2 31016 2084 
0 0 0 0 0 0 0 2 31026 2075 
0 0 0 0 0 0 0 2 31036 2066 
0 0 0 0 0 0 0 2 31046 2057 
0 0 0 0 0 0 0 2 31056 2048 
0 0 0 0 0 0 0 2 31066 2039 
0 0 0 0 0 0 0 2 31076 2030 
0 0 0 0 0 0 0 2 31086 2021 
0 0 0 0 0 0 0 2 31096 2012 
0 0 0 0 0 0 0 2 31106 2003 
0 0 0 0 0 0 0 2 31116 1994 
0 0 0 0 0 0 0 2 31126 1985 
0 0 0 0 0 0 0 2 31136 1976 
0 0 0 0 0 0 0 2 31146 1967 
0 0 0 0 0 0 0 2 31156 1958 
0 0 0 0 0 0 0 2 31166 1949 
0 0 0 0 0 0 0 2 31176 1940 
0 0 0 0 0 0 0 2 31186 1931 
0 0 0 0 0 0 0 2 31196 1922 
0 0 0 0 0 0 0 2 31206 1913 
0 0 0 0 0 0 0 2 31216 1904 
0 0 0 0 0 0 0 2 31226 1895 
0 0 0 0 0 0 0 2 31236 1886 
0 0 0 0 0 0 0 2 31246 1877 
0 0 0 0 0 0 0 2 31256 1868 
0 0 0 0 0 0 0 2 31266 1859 
0 0 0 0 0 0 0 2 31276 1850 
0 0 0 0 0 0 0 2 31286 1841 
0 0 0 0 0 0 0 2 31296 1832 
0 0 0 0 0 0 0 2 31306 1823 
0 0 0 0 0 0 0 2 31316 1814 
0 0 0 0 0 0 0 2 31326 1805 
0 0 0 0 0 0 0 2 31336 1796 
0 0 0 0 0 0 0 2 31346 1787 
0 0 0 0 0 0 0 2 31356 1778 
0 0 0 0 0 0 0 2 31366 1769 
0 0 0 0 0 0 0 2 31376 1760 
0 0 0 0 0 0 0 2 31386 1751 
0 0 0 0 0 0 0 2 31396 1742 
0 0 0 0 0 0 0 2 31406 1733 
0 0 0 0 0 0 0 2 31416 1724 
0 0 0 0 0 0 0 2 31426 1715 
0 0 0 0 0 0 0 2 31436 1706 
0 0 0 0 0 0 0 2 31446 1697 
0 0 0 0 0 0 0 2 31456 1688 
0 0 0 0 0 0 0 2 31466 1679 
0 0 0 0 0 0 0 2 31476 1670 
0 0 0 0 0 0 0 2 31486 1661 
0 0 0 0 0 0 0 2 31496 1652 
0 0 0 0 0 0 0 2 31506 1643 
0 0 0 0 0 0 0 2 31516 1634 
0 0 0 0 0 0 0 2 31526 1625 
0 0 0 0 0 0 0 2 31536 1616 
0 0 0 0 0 0 0 2 31546 1607 
0 0 0 0 0 0 0 2 31556 1598 
0 0 0 0 0 0 0 2 31566 1589 
0 0 0 0 0 0 0 2 31576 1580 
0 0 0 0 0 0 0 2 31586 1571 
0 0 0 0 0 0 0 2 31596 1562 
0 0 0 0 0 0 0 2 31606 1553 
0 0 0 0 0 0 0 2 31616 1544 
0 0 0 0 0 0 0 2 31626 1535 
0 0 0 0 0 0 0 2 31636 1526 
0 0 0 0 0 0 0 2 31646 1517 
0 0 0 0 0 0 0 2 31656 1508 
0 0 0 0 0 0 0 2 31666 1499 
0 0 0 0 0 0 0 2 31676 1490 
0 0 0 0 0 0 0 2 31686 1481 
0 0 0 0 0 0 0 2 31696 1472 
0 0 0 0 0 0 0 2 31706 1463 
0 0 0 0 0 0 0 2 31716 1454 
0 0 0 0 0 0 0 2 31726 1445 
0 0 0 0 0 0 0 2 31736 1436 
0 0 0 0 0 0 0 2 31746 1427 
0 0 0 0 0 0 0 2 31756 1418 
0 0 0 0 0 0 0 2 31766 1409 
0 0 0 0 0 0 0 2 31776 1400 
0 0 0 0 0 0 0 2 31786 1391 
0 0 0 0 0 0 0 2 31796 1382 
0 0 0 0 0 0 0 2 31806 1373 
0 0 0 0 0 0 0 2 31816 1364 
0 0 0 0 0 0 0 2 31826 1355 
0 0 0 0 0 0 0 2 31836 1346 
0 0 0 0 0 0 0 2 31846 1337 
0 0 0 0 0 0 0 2 31856 1328 
0 0 0 0 0 0 0 2 31866 1319 
0 0 0 0 0 0 0 2 31876 1310 
0 0 0 0 0 0 0 2 31886 1301 
0 0 0 0 0 0 0 2 31896 1292 
0 0 0 0 0 0 0 2 31906 1283 
0 0 0 0 0 0 0 2 31916 1274 
0 0 0 0 0 0 0 2 31926 1265 
0 0 0 0 0 0 0 2 31936 1256 
0 0 0 0 0 0 0 2 31946 1247 
0 0 0 0 0 0 0 2 31956 1238 
0 0 0 0 0 0 0 2 31966 1229 
0 0 0 0 0 0 0 2 31976 1220 
0 0 0 0 0 0 0 2 31986 1211 
0 0 0 0 0 0 0 2 31996 1202 
0 0 0 0 0 0 0 2 32006 1193 
0 0 0 0 0 0 0 2 32016 1184 
0 0 0 0 0 0 0 2 32026 1175 
0 0 0 0 0 0 0 2 32036 1166 
0 0 0 0 0 0 0 2 32046 1157 
0 0 0 0 0 0 0 2 32056 1148 
0 0 0 0 0 0 0 2 32066 1139 
0 0 0 0 0 0 0 2 32076 1130 
0 0 0 0 0 0 0 2 32086 1121 
0 0 0 0 0 0 0 2 32096 1112 
0 0 0 0 0 0 0 2 32106 1103 
0 0 0 0 0 0 0 2 32116 1094 
0 0 0 0 0 0 0 2 32126 1085 
0 0 0 0 0 0 0 2 32136 1076 
0 0 0 0 0 0 0 2 32146 1067 
0 0 0 0 0 0 0 2 32156 1058 
0 0 0 0 0 0 0 2 32166 1049 
0 0 0 0 0 0 0 2 32176 1040 
0 0 0 0 0 0 0 2 32186 1031 
0 0 0 0 0 0 0 2 32196 1022 
0 0 0 0 0 0 0 2 32206 1013 
0 0 0 0 0 0 0 2 32216 1004 
0 0 0 0 0 0 0 2 32226 995 
0 0 0 0 0 0 0 2 32236 986 
0 0 0 0 0 0 0 2 32246 977 
0 0 0 0 0 0 0 2 32256 968 
0 0 0 0 0 0 0 2 32266 959 
0 0 0 0 0 0 0 2 32276 950 
0 0 0 0 0 0 0 2 32286 941 
0 0 0 0 0 0 0 2 32296 932 
0 0 0 0 0 0 0 2 32306 923 
0 0 0 0 0 0 0 2 32316 914 
0 0 0 0 0 0 0 2 32326 905 
0 0 0 0 0 0 0 2 32336 896 
0 0 0 0 0 0 0 2 32346 887 
0 0 0 0 0 0 0 2 32356 878 
0 0 0 0 0 0 0 2 32366 869 
0 0 0 0 0 0 0 2 32376 860 
0 0 0 0 0 0 0 2 32386 851 
0 0 0 0 0 0 0 2 32396 842 
0 0 0 0 0 0 0 2 32406 833 
0 0 0 0 0 0 0 2 32416 824 
0 0 0 0 0 0 0 2 32426 815 
0 0 0 0 0 0 0 2 32436 806 
0 0 0 0 0 0 0 2 32446 797 
0 0 0 0 0 0 0 2 32456 788 
0 0 0 0 0 0 0 2 32466 779 
0 0 0 0 0 0 0 2 32476 770 
0 0 0 0 0 0 0 2 32486 761 
0 0 0 0 0 0 0 2 32496 752 
0 0 0 0 0 0 0 2 32506 743 
0 0 0 0 0 0 0 2 32516 734 
0 0 0 0 0 0 0 2 32526 725 
0 0 0 0 0 0 0 2 32536 716 
0 0 0 0 0 0 0 2 32546 707 
0 0 0 0 0 0 0 2 32556 698 
0 0 0 0 0 0 0 2 32566 689 
0 0 0 0 0 0 0 2 32576 680 
0 0 0 0 0 0 0 2 32586 671 
0 0 0 0 0 0 0 2 32596 662 
0 0 0 0 0 0 0 2 32606 653 
0 0 0 0 0 0 0 2 32616 644 
0 0 0 0 0 0 0 2 32626 635 
0 0 0 0 0 0 0 2 32636 626 
0 0 0 0 0 0 0 2 32646 617 
0 0 0 0 0 0 0 2 32656 608 
0 0 0 0 0 0 0 2 32666 599 
0 0 0 0 0 0 0 2 32676 590 
0 0 0 0 0 0 0 2 32686 581 
0 0 0 0 0 0 0 2 32696 572 
0 0 0 0 0 0 0 2 32706 563 
0 0 0 0 0 0 0 2 32716 554 
0 0 0 0 0 0 0 2 32726 545 
0 0 0 0 0 0 0 2 32736 536 
0 0 0 0 0 0 0 2 32746 527 
0 0 0 0 0 0 0 2 32756 518 
0 0 0 0 0 0 0 2 32766 509 
0 0 0 0 0 0 0 2 32776 500 
0 0 0 0 0 0 0 2 32786 491 
0 0 0 0 0 0 0 2 32796 482 
0 0 0 0 0 0 0 2 32806 473 
0 0 0 0 0 0 0 2 32816 464 
0 0 0 0 0 0 0 2 32826 455 
0 0 0 0 0 0 0 2 32836 446 
0 0 0 0 0 0 0 2 32846 437 
0 0 0 0 0 0 0 2 32856 428 
0 0 0 0 0 0 0 2 32866 419 
0 0 0 0 0 0 0 2 32876 410 
0 0 0 0 0 0 0 2 32886 401 
0 0 0 0 0 0 0 2 32896 392 
0 0 0 0 0 0 0 2 32906 383 
0 0 0 0 0 0 0 2 32916 374 
0 0 0 0 0 0 0 2 32926 365 
0 0 0 0 0 0 0 2 32936 356 
0 0 0 0 0 0 0 2 32946 347 
0 0 0 0 0 0 0 2 32956 338 
0 0 0 0 0 0 0 2 32966 329 
0 0 0 0 0 0 0 2 32976 320 
0 0 0 0 0 0 0 2 32986 311 
0 0 0 0 0 0 0 2 32996 302 
0 0 0 0 0 0 0 2 33006 293 
0 0 0 0 0 0 0 2 33016 284 
0 0 0 0 0 0 0 2 33026 275 
0 0 0 0 0 0 0 2 33036 266 
0 0 0 0 0 0 0 2 33046 257 
0 0 0 0 0 0 0 2 33056 248 
0 0 0 0 0 0 0 2 33066 239 
0 0 0 0 0 0 0 2 33076 230 
0 0 0 0 0 0 0 2 33086 221 
0 0 0 0 0 0 0 2 33096 212 
0 0 0 0 0 0 0 2 33106 203 
0 0 0 0 0 0 0 2 33116 194 
0 0 0 0 0 0 0 2 33126 185 
0 0 0 0 0 0 0 2 33136 176 
0 0 0 0 0 0 0 2 33146 167 
0 0 0 0 0 0 0 2 33156 158 
0 0 0 0 0 0 0 2 33166 149 
0 0 0 0 0 0 0 2 33176 140 
0 0 0 0 0 0 0 2 33186 131 
0 0 0 0 0 0 0 2 33196 122 
0 0 0 0 0 0 0 2 33206 113 
0 0 0 0 0 0 0 2 33216 104 
0 0 0 0 0 0 0 2 33226 95 
0 0 0 0 0 0 0 2 33236 86 
0 0 0 0 0 0 0 2 33246 77 
0 0 0 0 0 0 0 2 33256 68 
0 0 0 0 0 0 0 2 33266 59 
0 0 0 0 0 0 0 2 33276 50 
0 0 0 0 0 0 0 2 33286 41 
0 0 0 0 0 0 0 2 33296 32 
0 0 0 0 0 0 0 2 33306 23 
0 0 0 0 0 0 0 2 33316 14 
0 0 0 0 0 0 0 2 33326 5 
0 0 0 0 0 0 0 3 4 29994 
0 0 0 0 0 0 0 3 14 29985 
0 0 0 0 0 0 0 3 24 29976 
0 0 0 0 0 0 0 3 34 29967 
0 0 0 0 0 0 0 3 44 29958 
0 0 0 0 0 0 0 3 54 29949 
0 0 0 0 0 0 0 3 64 29940 
0 0 0 0 0 0 0 3 74 29931 
0 0 0 0 0 0 0 3 84 29922 
0 0 0 0 0 0 0 3 94 29913 
0 0 0 0 0 0 0 3 104 29904 
0 0 0 0 0 0 0 3 114 29895 
0 0 0 0 0 0 0 3 124 29886 
0 0 0 0 0 0 0 3 134 29877 
0 0 0 0 0 0 0 3 144 29868 
0 0 0 0 0 0 0 3 154 29859 
0 0 0 0 0 0 0 3 164 29850 
0 0 0 0 0 0 0 3 174 29841 
0 0 0 0 0 0 0 3 184 29832 
0 0 0 0 0 0 0 3 194 29823 
0 0 0 0 0 0 0 3 204 29814 
0 0 0 0 0 0 0 3 214 29805 
0 0 0 0 0 0 0 3 224 29796 
0 0 0 0 0 0 0 3 234 29787 
0 0 0 0 0 0 0 3 244 29778 
0 0 0 0 0 0 0 3 254 29769 
0 0 0 0 0 0 0 3 264 29760 
0 0 0 0 0 0 0 3 274 29751 
0 0 0 0 0 0 0 3 284 29742 
0 0 0 0 0 0 0 3 294 29733 
0 0 0 0 0 0 0 3 304 29724 
0 0 0 0 0 0 0 3 314 29715 
0 0 0 0 0 0 0 3 324 29706 
0 0 0 0 0 0 0 3 334 29697 
0 0 0 0 0 0 0 3 344 29688 
0 0 0 0 0 0 0 3 354 29679 
0 0 0 0 0 0 0 3 364 29670 
0 0 0 0 0 0 0 3 374 29661 
0 0 0 0 0 0 0 3 384 29652 
0 0 0 0 0 0 0 3 394 29643 
0 0 0 0 0 0 0 3 404 29634 
0 0 0 0 0 0 0 3 414 29625 
0 0 0 0 0 0 0 3 424 29616 
0 0 0 0 0 0 0 3 434 29607 
0 0 0 0 0 0 0 3 444 29598 
0 0 0 0 0 0 0 3 454 29589 
0 0 0 0 0 0 0 3 464 29580 
0 0 0 0 0 0 0 3 474 29571 
0 0 0 0 0 0 0 3 484 29562 
0 0 0 0 0 0 0 3 494 29553 
0 0 0 0 0 0 0 3 504 29544 
0 0 0 0 0 0 0 3 514 29535 
0 0 0 0 0 0 0 3 524 29526 
0 0 0 0 0 0 0 3 534 29517 
0 0 0 0 0 0 0 3 544 29508 
0 0 0 0 0 0 0 3 554 29499 
0 0 0 0 0 0 0 3 564 29490 
0 0 0 0 0 0 0 3 574 29481 
0 0 0 0 0 0 0 3 584 29472 
0 0 0 0 0 0 0 3 594 29463 
0 0 0 0 0 0 0 3 604 29454 
0 0 0 0 0 0 0 3 614 29445 
0 0 0 0 0 0 0 3 624 29436 
0 0 0 0 0 0 0 3 634 29427 
0 0 0 0 0 0 0 3 644 29418 
0 0 0 0 0 0 0 3 654 29409 
0 0 0 0 0 0 0 3 664 29400 
0 0 0 0 0 0 0 3 674 29391 
0 0 0 0 0 0 0 3 684 29382 
0 0 0 0 0 0 0 3 694 29373 
0 0 0 0 0 0 0 3 704 29364 
0 0 0 0 0 0 0 3 714 29355 
0 0 0 0 0 0 0 3 724 29346 
0 0 0 0 0 0 0 3 734 29337 
0 0 0 0 0 0 0 3 744 29328 
0 0 0 0 0 0 0 3 754 29319 
0 0 0 0 0 0 0 3 764 29310 
0 0 0 0 0 0 0 3 774 29301 
0 0 0 0 0 0 0 3 784 29292 
0 0 0 0 0 0 0 3 794 29283 
0 0 0 0 0 0 0 3 804 29274 
0 0 0 0 0 0 0 3 814 29265 
0 0 0 0 0 0 0 3 824 29256 
0 0 0 0 0 0 0 3 834 29247 
0 0 0 0 0 0 0 3 844 29238 
0 0 0 0 0 0 0 3 854 29229 
0 0 0 0 0 0 0 3 864 29220 
0 0 0 0 0 0 0 3 874 29211 
0 0 0 0 0 0 0 3 884 29202 
0 0 0 0 0 0 0 3 894 29193 
0 0 0 0 0 0 0 3 904 29184 
0 0 0 0 0 0 0 3 914 29175 
0 0 0 0 0 0 0 3 924 29166 
0 0 0 0 0 0 0 3 934 29157 
0 0 0 0 0 0 0 3 944 29148 
0 0 0 0 0 0 0 3 954 29139 
0 0 0 0 0 0 0 3 964 29130 
0 0 0 0 0 0 0 3 974 29121 
0 0 0 0 0 0 0 3 984 29112 
0 0 0 0 0 0 0 3 994 29103 
0 0 0 0 0 0 0 3 1004 29094 
0 0 0 0 0 0 0 3 1014 29085 
0 0 0 0 0 0 0 3 1024 29076 
0 0 0 0 0 0 0 3 1034 29067 
0 0 0 0 0 0 0 3 1044 29058 
0 0 0 0 0 0 0 3 1054 29049 
0 0 0 0 0 0 0 3 1064 29040 
0 0 0 0 0 0 0 3 1074 29031 
0 0 0 0 0 0 0 3 1084 29022 
0 0 0 0 0 0 0 3 1094 29013 
0 0 0 0 0 0 0 3 1104 29004 
0 0 0 0 0 0 0 3 1114 28995 
0 0 0 0 0 0 0 3 1124 28986 
0 0 0 0 0 0 0 3 1134 28977 
0 0 0 0 0 0 0 3 1144 28968 
0 0 0 0 0 0 0 3 1154 28959 
0 0 0 0 0 0 0 3 1164 28950 
0 0 0 0 0 0 0 3 1174 28941 
0 0 0 0 0 0 0 3 1184 28932 
0 0 0 0 0 0 0 3 1194 28923 
0 0 0 0 0 0 0 3 1204 28914 
0 0 0 0 0 0 0 3 1214 28905 
0 0 0 0 0 0 0 3 1224 28896 
0 0 0 0 0 0 0 3 1234 28887 
0 0 0 0 0 0 0 3 1244 28878 
0 0 0 0 0 0 0 3 1254 28869 
0 0 0 0 0 0 0 3 1264 28860 
0 0 0 0 0 0 0 3 1274 28851 
0 0 0 0 0 0 0 3 1284 28842 
0 0 0 0 0 0 0 3 1294 28833 
0 0 0 0 0 0 0 3 1304 28824 
0 0 0 0 0 0 0 3 1314 28815 
0 0 0 0 0 0 0 3 1324 28806 
0 0 0 0 0 0 0 3 1334 28797 
0 0 0 0 0 0 0 3 1344 28788 
0 0 0 0 0 0 0 3 1354 28779 
0 0 0 0 0 0 0 3 1364 28770 
0 0 0 0 0 0 0 3 1374 28761 
0 0 0 0 0 0 0 3 1384 28752 
0 0 0 0 0 0 0 3 1394 28743 
0 0 0 0 0 0 0 3 1404 28734 
0 0 0 0 0 0 0 3 1414 28725 
0 0 0 0 0 0 0 3 1424 28716 
0 0 0 0 0 0 0 3 1434 28707 
0 0 0 0 0 0 0 3 1444 28698 
0 0 0 0 0 0 0 3 1454 28689 
0 0 0 0 0 0 0 3 1464 28680 
0 0 0 0 0 0 0 3 1474 28671 
0 0 0 0 0 0 0 3 1484 28662 
0 0 0 0 0 0 0 3 1494 28653 
0 0 0 0 0 0 0 3 1504 28644 
0 0 0 0 0 0 0 3 1514 28635 
0 0 0 0 0 0 0 3 1524 28626 
0 0 0 0 0 0 0 3 1534 28617 
0 0 0 0 0 0 0 3 1544 28608 
0 0 0 0 0 0 0 3 1554 28599 
0 0 0 0 0 0 0 3 1564 28590 
0 0 0 0 0 0 0 3 1574 28581 
0 0 0 0 0 0 0 3 1584 28572 
0 0 0 0 0 0 0 3 1594 28563 
0 0 0 0 0 0 0 3 1604 28554 
0 0 0 0 0 0 0 3 1614 28545 
0 0 0 0 0 0 0 3 1624 28536 
0 0 0 0 0 0 0 3 1634 28527 
0 0 0 0 0 0 0 3 1644 28518 
0 0 0 0 0 0 0 3 1654 28509 
0 0 0 0 0 0 0 3 1664 28500 
0 0 0 0 0 0 0 3 1674 28491 
0 0 0 0 0 0 0 3 1684 28482 
0 0 0 0 0 0 0 3 1694 28473 
0 0 0 0 0 0 0 3 1704 28464 
0 0 0 0 0 0 0 3 1714 28455 
0 0 0 0 0 0 0 3 1724 28446 
0 0 0 0 0 0 0 3 1734 28437 
0 0 0 0 0 0 0 3 1744 28428 
0 0 0 0 0 0 0 3 1754 28419 
0 0 0 0 0 0 0 3 1764 28410 
0 0 0 0 0 0 0 3 1774 28401 
0 0 0 0 0 0 0 3 1784 28392 
0 0 0 0 0 0 0 3 1794 28383 
0 0 0 0 0 0 0 3 1804 28374 
0 0 0 0 0 0 0 3 1814 28365 
0 0 0 0 0 0 0 3 1824 28356 
0 0 0 0 0 0 0 3 1834 28347 
0 0 0 0 0 0 0 3 1844 28338 
0 0 0 0 0 0 0 3 1854 28329 
0 0 0 0 0 0 0 3 1864 28320 
0 0 0 0 0 0 0 3 1874 28311 
0 0 0 0 0 0 0 3 1884 28302 
0 0 0 0 0 0 0 3 1894 28293 
0 0 0 0 0 0 0 3 1904 28284 
0 0 0 0 0 0 0 3 1914 28275 
0 0 0 0 0 0 0 3 1924 28266 
0 0 0 0 0 0 0 3 1934 28257 
0 0 0 0 0 0 0 3 1944 28248 
0 0 0 0 0 0 0 3 1954 28239 
0 0 0 0 0 0 0 3 1964 28230 
0 0 0 0 0 0 0 3 1974 28221 
0 0 0 0 0 0 0 3 1984 28212 
0 0 0 0 0 0 0 3 1994 28203 
0 0 0 0 0 0 0 3 2004 28194 
0 0 0 0 0 0 0 3 2014 28185 
0 0 0 0 0 0 0 3 2024 28176 
0 0 0 0 0 0 0 3 2034 28167 
0 0 0 0 0 0 0 3 2044 28158 
0 0 0 0 0 0 0 3 2054 28149 
0 0 0 0 0 0 0 3 2064 28140 
0 0 0 0 0 0 0 3 2074 28131 
0 0 0 0 0 0 0 3 2084 28122 
0 0 0 0 0 0 0 3 2094 28113 
0 0 0 0 0 0 0 3 2104 28104 
0 0 0 0 0 0 0 3 2114 28095 
0 0 0 0 0 0 0 3 2124 28086 
0 0 0 0 0 0 0 3 2134 28077 
0 0 0 0 0 0 0 3 2144 28068 
0 0 0 0 0 0 0 3 2154 28059 
0 0 0 0 0 0 0 3 2164 28050 
0 0 0 0 0 0 0 3 2174 28041 
0 0 0 0 0 0 0 3 2184 28032 
0 0 0 0 0 0 0 3 2194 28023 
0 0 0 0 0 0 0 3 2204 28014 
0 0 0 0 0 0 0 3 2214 28005 
0 0 0 0 0 0 0 3 2224 27996 
0 0 0 0 0 0 0 3 2234 27987 
0 0 0 0 0 0 0 3 2244 27978 
0 0 0 0 0 0 0 3 2254 27969 
0 0 0 0 0 0 0 3 2264 27960 
0 0 0 0 0 0 0 3 2274 27951 
0 0 0 0 0 0 0 3 2284 27942 
0 0 0 0 0 0 0 3 2294 27933 
0 0 0 0 0 0 0 3 2304 27924 
0 0 0 0 0 0 0 3 2314 27915 
0 0 0 0 0 0 0 3 2324 27906 
0 0 0 0 0 0 0 3 2334 27897 
0 0 0 0 0 0 0 3 2344 27888 
0 0 0 0 0 0 0 3 2354 27879 
0 0 0 0 0 0 0 3 2364 27870 
0 0 0 0 0 0 0 3 2374 27861 
0 0 0 0 0 0 0 3 2384 27852 
0 0 0 0 0 0 0 3 2394 27843 
0 0 0 0 0 0 0 3 2404 27834 
0 0 0 0 0 0 0 3 2414 27825 
0 0 0 0 0 0 0 3 2424 27816 
0 0 0 0 0 0 0 3 2434 27807 
0 0 0 0 0 0 0 3 2444 27798 
0 0 0 0 0 0 0 3 2454 27789 
0 0 0 0 0 0 0 3 2464 27780 
0 0 0 0 0 0 0 3 2474 27771 
0 0 0 0 0 0 0 3 2484 27762 
0 0 0 0 0 0 0 3 2494 27753 
0 0 0 0 0 0 0 3 2504 27744 
0 0 0 0 0 0 0 3 2514 27735 
0 0 0 0 0 0 0 3 2524 27726 
0 0 0 0 0 0 0 3 2534 27717 
0 0 0 0 0 0 0 3 2544 27708 
0 0 0 0 0 0 0 3 2554 27699 
0 0 0 0 0 0 0 3 2564 27690 
0 0 0 0 0 0 0 3 2574 27681 
0 0 0 0 0 0 0 3 2584 27672 
0 0 0 0 0 0 0 3 2594 27663 
0 0 0 0 0 0 0 3 2604 27654 
0 0 0 0 0 0 0 3 2614 27645 
0 0 0 0 0 0 0 3 2624 27636 
0 0 0 0 0 0 0 3 2634 27627 
0 0 0 0 0 0 0 3 2644 27618 
0 0 0 0 0 0 0 3 2654 27609 
0 0 0 0 0 0 0 3 2664 27600 
0 0 0 0 0 0 0 3 2674 27591 
0 0 0 0 0 0 0 3 2684 27582 
0 0 0 0 0 0 0 3 2694 27573 
0 0 0 0 0 0 0 3 2704 27564 
0 0 0 0 0 0 0 3 2714 27555 
0 0 0 0 0 0 0 3 2724 27546 
0 0 0 0 0 0 0 3 2734 27537 
0 0 0 0 0 0 0 3 2744 27528 
0 0 0 0 0 0 0 3 2754 27519 
0 0 0 0 0 0 0 3 2764 27510 
0 0 0 0 0 0 0 3 2774 27501 
0 0 0 0 0 0 0 3 2784 27492 
0 0 0 0 0 0 0 3 2794 27483 
0 0 0 0 0 0 0 3 2804 27474 
0 0 0 0 0 0 0 3 2814 27465 
0 0 0 0 0 0 0 3 2824 27456 
0 0 0 0 0 0 0 3 2834 27447 
0 0 0 0 0 0 0 3 2844 27438 
0 0 0 0 0 0 0 3 2854 27429 
0 0 0 0 0 0 0 3 2864 27420 
0 0 0 0 0 0 0 3 2874 27411 
0 0 0 0 0 0 0 3 2884 27402 
0 0 0 0 0 0 0 3 2894 27393 
0 0 0 0 0 0 0 3 2904 27384 
0 0 0 0 0 0 0 3 2914 27375 
0 0 0 0 0 0 0 3 2924 27366 
0 0 0 0 0 0 0 3 2934 27357 
0 0 0 0 0 0 0 3 2944 27348 
0 0 0 0 0 0 0 3 2954 27339 
0 0 0 0 0 0 0 3 2964 27330 
0 0 0 0 0 0 0 3 2974 27321 
0 0 0 0 0 0 0 3 2984 27312 
0 0 0 0 0 0 0 3 2994 27303 
0 0 0 0 0 0 0 3 3004 27294 
0 0 0 0 0 0 0 3 3014 27285 
0 0 0 0 0 0 0 3 3024 27276 
0 0 0 0 0 0 0 3 3034 27267 
0 0 0 0 0 0 0 3 3044 27258 
0 0 0 0 0 0 0 3 3054 27249 
0 0 0 0 0 0 0 3 3064 27240 
0 0 0 0 0 0 0 3 3074 27231 
0 0 0 0 0 0 0 3 3084 27222 
0 0 0 0 0 0 0 3 3094 27213 
0 0 0 0 0 0 0 3 3104 27204 
0 0 0 0 0 0 0 3 3114 27195 
0 0 0 0 0 0 0 3 3124 27186 
0 0 0 0 0 0 0 3 3134 27177 
0 0 0 0 0 0 0 3 3144 27168 
0 0 0 0 0 0 0 3 3154 27159 
0 0 0 0 0 0 0 3 3164 27150 
0 0 0 0 0 0 0 3 3174 27141 
0 0 0 0 0 0 0 3 3184 27132 
0 0 0 0 0 0 0 3 3194 27123 
0 0 0 0 0 0 0 3 3204 27114 
0 0 0 0 0 0 0 3 3214 27105 
0 0 0 0 0 0 0 3 3224 27096 
0 0 0 0 0 0 0 3 3234 27087 
0 0 0 0 0 0 0 3 3244 27078 
0 0 0 0 0 0 0 3 3254 27069 
0 0 0 0 0 0 0 3 3264 27060 
0 0 0 0 0 0 0 3 3274 27051 
0 0 0 0 0 0 0 3 3284 27042 
0 0 0 0 0 0 0 3 3294 27033 
0 0 0 0 0 0 0 3 3304 27024 
0 0 0 0 0 0 0 3 3314 27015 
0 0 0 0 0 0 0 3 3324 27006 
0 0 0 0 0 0 0 3 3334 26997 
0 0 0 0 0 0 0 3 3344 26988 
0 0 0 0 0 0 0 3 3354 26979 
0 0 0 0 0 0 0 3 3364 26970 
0 0 0 0 0 0 0 3 3374 26961 
0 0 0 0 0 0 0 3 3384 26952 
0 0 0 0 0 0 0 3 3394 26943 
0 0 0 0 0 0 0 3 3404 26934 
0 0 0 0 0 0 0 3 3414 26925 
0 0 0 0 0 0 0 3 3424 26916 
0 0 0 0 0 0 0 3 3434 26907 
0 0 0 0 0 0 0 3 3444 26898 
0 0 0 0 0 0 0 3 3454 26889 
0 0 0 0 0 0 0 3 3464 26880 
0 0 0 0 0 0 0 3 3474 26871 
0 0 0 0 0 0 0 3 3484 26862 
0 0 0 0 0 0 0 3 3494 26853 
0 0 0 0 0 0 0 3 3504 26844 
0 0 0 0 0 0 0 3 3514 26835 
0 0 0 0 0 0 0 3 3524 26826 
0 0 0 0 0 0 0 3 3534 26817 
0 0 0 0 0 0 0 3 3544 26808 
0 0 0 0 0 0 0 3 3554 26799 
0 0 0 0 0 0 0 3 3564 26790 
0 0 0 0 0 0 0 3 3574 26781 
0 0 0 0 0 0 0 3 3584 26772 
0 0 0 0 0 0 0 3 3594 26763 
0 0 0 0 0 0 0 3 3604 26754 
0 0 0 0 0 0 0 3 3614 26745 
0 0 0 0 0 0 0 3 3624 26736 
0 0 0 0 0 0 0 3 3634 26727 
0 0 0 0 0 0 0 3 3644 26718 
0 0 0 0 0 0 0 3 3654 26709 
0 0 0 0 0 0 0 3 3664 26700 
0 0 0 0 0 0 0 3 3674 26691 
0 0 0 0 0 0 0 3 3684 26682 
0 0 0 0 0 0 0 3 3694 26673 
0 0 0 0 0 0 0 3 3704 26664 
0 0 0 0 0 0 0 3 3714 26655 
0 0 0 0 0 0 0 3 3724 26646 
0 0 0 0 0 0 0 3 3734 26637 
0 0 0 0 0 0 0 3 3744 26628 
0 0 0 0 0 0 0 3 3754 26619 
0 0 0 0 0 0 0 3 3764 26610 
0 0 0 0 0 0 0 3 3774 26601 
0 0 0 0 0 0 0 3 3784 26592 
0 0 0 0 0 0 0 3 3794 26583 
0 0 0 0 0 0 0 3 3804 26574 
0 0 0 0 0 0 0 3 3814 26565 
0 0 0 0 0 0 0 3 3824 26556 
0 0 0 0 0 0 0 3 3834 26547 
0 0 0 0 0 0 0 3 3844 26538 
0 0 0 0 0 0 0 3 3854 26529 
0 0 0 0 0 0 0 3 3864 26520 
0 0 0 0 0 0 0 3 3874 26511 
0 0 0 0 0 0 0 3 3884 26502 
0 0 0 0 0 0 0 3 3894 26493 
0 0 0 0 0 0 0 3 3904 26484 
0 0 0 0 0 0 0 3 3914 26475 
0 0 0 0 0 0 0 3 3924 26466 
0 0 0 0 0 0 0 3 3934 26457 
0 0 0 0 0 0 0 3 3944 26448 
0 0 0 0 0 0 0 3 3954 26439 
0 0 0 0 0 0 0 3 3964 26430 
0 0 0 0 0 0 0 3 3974 26421 
0 0 0 0 0 0 0 3 3984 26412 
0 0 0 0 0 0 0 3 3994 26403 
0 0 0 0 0 0 0 3 4004 26394 
0 0 0 0 0 0 0 3 4014 26385 
0 0 0 0 0 0 0 3 4024 26376 
0 0 0 0 0 0 0 3 4034 26367 
0 0 0 0 0 0 0 3 4044 26358 
0 0 0 0 0 0 0 3 4054 26349 
0 0 0 0 0 0 0 3 4064 26340 
0 0 0 0 0 0 0 3 4074 26331 
0 0 0 0 0 0 0 3 4084 26322 
0 0 0 0 0 0 0 3 4094 26313 
0 0 0 0 0 0 0 3 4104 26304 
0 0 0 0 0 0 0 3 4114 26295 
0 0 0 0 0 0 0 3 4124 26286 
0 0 0 0 0 0 0 3 4134 26277 
0 0 0 0 0 0 0 3 4144 26268 
0 0 0 0 0 0 0 3 4154 26259 
0 0 0 0 0 0 0 3 4164 26250 
0 0 0 0 0 0 0 3 4174 26241 
0 0 0 0 0 0 0 3 4184 26232 
0 0 0 0 0 0 0 3 4194 26223 
0 0 0 0 0 0 0 3 4204 26214 
0 0 0 0 0 0 0 3 4214 26205 
0 0 0 0 0 0 0 3 4224 26196 
0 0 0 0 0 0 0 3 4234 26187 
0 0 0 0 0 0 0 3 4244 26178 
0 0 0 0 0 0 0 3 4254 26169 
0 0 0 0 0 0 0 3 4264 26160 
0 0 0 0 0 0 0 3 4274 26151 
0 0 0 0 0 0 0 3 4284 26142 
0 0 0 0 0 0 0 3 4294 26133 
0 0 0 0 0 0 0 3 4304 26124 
0 0 0 0 0 0 0 3 4314 26115 
0 0 0 0 0 0 0 3 4324 26106 
0 0 0 0 0 0 0 3 4334 26097 
0 0 0 0 0 0 0 3 4344 26088 
0 0 0 0 0 0 0 3 4354 26079 
0 0 0 0 0 0 0 3 4364 26070 
0 0 0 0 0 0 0 3 4374 26061 
0 0 0 0 0 0 0 3 4384 26052 
0 0 0 0 0 0 0 3 4394 26043 
0 0 0 0 0 0 0 3 4404 26034 
0 0 0 0 0 0 0 3 4414 26025 
0 0 0 0 0 0 0 3 4424 26016 
0 0 0 0 0 0 0 3 4434 26007 
0 0 0 0 0 0 0 3 4444 25998 
0 0 0 0 0 0 0 3 4454 25989 
0 0 0 0 0 0 0 3 4464 25980 
0 0 0 0 0 0 0 3 4474 25971 
0 0 0 0 0 0 0 3 4484 25962 
0 0 0 0 0 0 0 3 4494 25953 
0 0 0 0 0 0 0 3 4504 25944 
0 0 0 0 0 0 0 3 4514 25935 
0 0 0 0 0 0 0 3 4524 25926 
0 0 0 0 0 0 0 3 4534 25917 
0 0 0 0 0 0 0 3 4544 25908 
0 0 0 0 0 0 0 3 4554 25899 
0 0 0 0 0 0 0 3 4564 25890 
0 0 0 0 0 0 0 3 4574 25881 
0 0 0 0 0 0 0 3 4584 25872 
0 0 0 0 0 0 0 3 4594 25863 
0 0 0 0 0 0 0 3 4604 25854 
0 0 0 0 0 0 0 3 4614 25845 
0 0 0 0 0 0 0 3 4624 25836 
0 0 0 0 0 0 0 3 4634 25827 
0 0 0 0 0 0 0 3 4644 25818 
0 0 0 0 0 0 0 3 4654 25809 
0 0 0 0 0 0 0 3 4664 25800 
0 0 0 0 0 0 0 3 4674 25791 
0 0 0 0 0 0 0 3 4684 25782 
0 0 0 0 0 0 0 3 4694 25773 
0 0 0 0 0 0 0 3 4704 25764 
0 0 0 0 0 0 0 3 4714 25755 
0 0 0 0 0 0 0 3 4724 25746 
0 0 0 0 0 0 0 3 4734 25737 
0 0 0 0 0 0 0 3 4744 25728 
0 0 0 0 0 0 0 3 4754 25719 
0 0 0 0 0 0 0 3 4764 25710 
0 0 0 0 0 0 0 3 4774 25701 
0 0 0 0 0 0 0 3 4784 25692 
0 0 0 0 0 0 0 3 4794 25683 
0 0 0 0 0 0 0 3 4804 25674 
0 0 0 0 0 0 0 3 4814 25665 
0 0 0 0 0 0 0 3 4824 25656 
0 0 0 0 0 0 0 3 4834 25647 
0 0 0 0 0 0 0 3 4844 25638 
0 0 0 0 0 0 0 3 4854 25629 
0 0 0 0 0 0 0 3 4864 25620 
0 0 0 0 0 0 0 3 4874 25611 
0 0 0 0 0 0 0 3 4884 25602 
0 0 0 0 0 0 0 3 4894 25593 
0 0 0 0 0 0 0 3 4904 25584 
0 0 0 0 0 0 0 3 4914 25575 
0 0 0 0 0 0 0 3 4924 25566 
0 0 0 0 0 0 0 3 4934 25557 
0 0 0 0 0 0 0 3 4944 25548 
0 0 0 0 0 0 0 3 4954 25539 
0 0 0 0 0 0 0 3 4964 25530 
0 0 0 0 0 0 0 3 4974 25521 
0 0 0 0 0 0 0 3 4984 25512 
0 0 0 0 0 0 0 3 4994 25503 
0 0 0 0 0 0 0 3 5004 25494 
0 0 0 0 0 0 0 3 5014 25485 
0 0 0 0 0 0 0 3 5024 25476 
0 0 0 0 0 0 0 3 5034 25467 
0 0 0 0 0 0 0 3 5044 25458 
0 0 0 0 0 0 0 3 5054 25449 
0 0 0 0 0 0 0 3 5064 25440 
0 0 0 0 0 0 0 3 5074 25431 
0 0 0 0 0 0 0 3 5084 25422 
0 0 0 0 0 0 0 3 5094 25413 
0 0 0 0 0 0 0 3 5104 25404 
0 0 0 0 0 0 0 3 5114 25395 
0 0 0 0 0 0 0 3 5124 25386 
0 0 0 0 0 0 0 3 5134 25377 
0 0 0 0 0 0 0 3 5144 25368 
0 0 0 0 0 0 0 3 5154 25359 
0 0 0 0 0 0 0 3 5164 25350 
0 0 0 0 0 0 0 3 5174 25341 
0 0 0 0 0 0 0 3 5184 25332 
0 0 0 0 0 0 0 3 5194 25323 
0 0 0 0 0 0 0 3 5204 25314 
0 0 0 0 0 0 0 3 5214 25305 
0 0 0 0 0 0 0 3 5224 25296 
0 0 0 0 0 0 0 3 5234 25287 
0 0 0 0 0 0 0 3 5244 25278 
0 0 0 0 0 0 0 3 5254 25269 
0 0 0 0 0 0 0 3 5264 25260 
0 0 0 0 0 0 0 3 5274 25251 
0 0 0 0 0 0 0 3 5284 25242 
0 0 0 0 0 0 0 3 5294 25233 
0 0 0 0 0 0 0 3 5304 25224 
0 0 0 0 0 0 0 3 5314 25215 
0 0 0 0 0 0 0 3 5324 25206 
0 0 0 0 0 0 0 3 5334 25197 
0 0 0 0 0 0 0 3 5344 25188 
0 0 0 0 0 0 0 3 5354 25179 
0 0 0 0 0 0 0 3 5364 25170 
0 0 0 0 0 0 0 3 5374 25161 
0 0 0 0 0 0 0 3 5384 25152 
0 0 0 0 0 0 0 3 5394 25143 
0 0 0 0 0 0 0 3 5404 25134 
0 0 0 0 0 0 0 3 5414 25125 
0 0 0 0 0 0 0 3 5424 25116 
0 0 0 0 0 0 0 3 5434 25107 
0 0 0 0 0 0 0 3 5444 25098 
0 0 0 0 0 0 0 3 5454 25089 
0 0 0 0 0 0 0 3 5464 25080 
0 0 0 0 0 0 0 3 5474 25071 
0 0 0 0 0 0 0 3 5484 25062 
0 0 0 0 0 0 0 3 5494 25053 
0 0 0 0 0 0 0 3 5504 25044 
0 0 0 0 0 0 0 3 5514 25035 
0 0 0 0 0 0 0 3 5524 25026 
0 0 0 0 0 0 0 3 5534 25017 
0 0 0 0 0 0 0 3 5544 25008 
0 0 0 0 0 0 0 3 5554 24999 
0 0 0 0 0 0 0 3 5564 24990 
0 0 0 0 0 0 0 3 5574 24981 
0 0 0 0 0 0 0 3 5584 24972 
0 0 0 0 0 0 0 3 5594 24963 
0 0 0 0 0 0 0 3 5604 24954 
0 0 0 0 0 0 0 3 5614 24945 
0 0 0 0 0 0 0 3 5624 24936 
0 0 0 0 0 0 0 3 5634 24927 
0 0 0 0 0 0 0 3 5644 24918 
0 0 0 0 0 0 0 3 5654 24909 
0 0 0 0 0 0 0 3 5664 24900 
0 0 0 0 0 0 0 3 5674 24891 
0 0 0 0 0 0 0 3 5684 24882 
0 0 0 0 0 0 0 3 5694 24873 
0 0 0 0 0 0 0 3 5704 24864 
0 0 0 0 0 0 0 3 5714 24855 
0 0 0 0 0 0 0 3 5724 24846 
0 0 0 0 0 0 0 3 5734 24837 
0 0 0 0 0 0 0 3 5744 24828 
0 0 0 0 0 0 0 3 5754 24819 
0 0 0 0 0 0 0 3 5764 24810 
0 0 0 0 0 0 0 3 5774 24801 
0 0 0 0 0 0 0 3 5784 24792 
0 0 0 0 0 0 0 3 5794 24783 
0 0 0 0 0 0 0 3 5804 24774 
0 0 0 0 0 0 0 3 5814 24765 
0 0 0 0 0 0 0 3 5824 24756 
0 0 0 0 0 0 0 3 5834 24747 
0 0 0 0 0 0 0 3 5844 24738 
0 0 0 0 0 0 0 3 5854 24729 
0 0 0 0 0 0 0 3 5864 24720 
0 0 0 0 0 0 0 3 5874 24711 
0 0 0 0 0 0 0 3 5884 24702 
0 0 0 0 0 0 0 3 5894 24693 
0 0 0 0 0 0 0 3 5904 24684 
0 0 0 0 0 0 0 3 5914 24675 
0 0 0 0 0 0 0 3 5924 24666 
0 0 0 0 0 0 0 3 5934 24657 
0 0 0 0 0 0 0 3 5944 24648 
0 0 0 0 0 0 0 3 5954 24639 
0 0 0 0 0 0 0 3 5964 24630 
0 0 0 0 0 0 0 3 5974 24621 
0 0 0 0 0 0 0 3 5984 24612 
0 0 0 0 0 0 0 3 5994 24603 
0 0 0 0 0 0 0 3 6004 24594 
0 0 0 0 0 0 0 3 6014 24585 
0 0 0 0 0 0 0 3 6024 24576 
0 0 0 0 0 0 0 3 6034 24567 
0 0 0 0 0 0 0 3 6044 24558 
0 0 0 0 0 0 0 3 6054 24549 
0 0 0 0 0 0 0 3 6064 24540 
0 0 0 0 0 0 0 3 6074 24531 
0 0 0 0 0 0 0 3 6084 24522 
0 0 0 0 0 0 0 3 6094 24513 
0 0 0 0 0 0 0 3 6104 24504 
0 0 0 0 0 0 0 3 6114 24495 
0 0 0 0 0 0 0 3 6124 24486 
0 0 0 0 0 0 0 3 6134 24477 
0 0 0 0 0 0 0 3 6144 24468 
0 0 0 0 0 0 0 3 6154 24459 
0 0 0 0 0 0 0 3 6164 24450 
0 0 0 0 0 0 0 3 6174 24441 
0 0 0 0 0 0 0 3 6184 24432 
0 0 0 0 0 0 0 3 6194 24423 
0 0 0 0 0 0 0 3 6204 24414 
0 0 0 0 0 0 0 3 6214 24405 
0 0 0 0 0 0 0 3 6224 24396 
0 0 0 0 0 0 0 3 6234 24387 
0 0 0 0 0 0 0 3 6244 24378 
0 0 0 0 0 0 0 3 6254 24369 
0 0 0 0 0 0 0 3 6264 24360 
0 0 0 0 0 0 0 3 6274 24351 
0 0 0 0 0 0 0 3 6284 24342 
0 0 0 0 0 0 0 3 6294 24333 
0 0 0 0 0 0 0 3 6304 24324 
0 0 0 0 0 0 0 3 6314 24315 
0 0 0 0 0 0 0 3 6324 24306 
0 0 0 0 0 0 0 3 6334 24297 
0 0 0 0 0 0 0 3 6344 24288 
0 0 0 0 0 0 0 3 6354 24279 
0 0 0 0 0 0 0 3 6364 24270 
0 0 0 0 0 0 0 3 6374 24261 
0 0 0 0 0 0 0 3 6384 24252 
0 0 0 0 0 0 0 3 6394 24243 
0 0 0 0 0 0 0 3 6404 24234 
0 0 0 0 0 0 0 3 6414 24225 
0 0 0 0 0 0 0 3 6424 24216 
0 0 0 0 0 0 0 3 6434 24207 
0 0 0 0 0 0 0 3 6444 24198 
0 0 0 0 0 0 0 3 6454 24189 
0 0 0 0 0 0 0 3 6464 24180 
0 0 0 0 0 0 0 3 6474 24171 
0 0 0 0 0 0 0 3 6484 24162 
0 0 0 0 0 0 0 3 6494 24153 
0 0 0 0 0 0 0 3 6504 24144 
0 0 0 0 0 0 0 3 6514 24135 
0 0 0 0 0 0 0 3 6524 24126 
0 0 0 0 0 0 0 3 6534 24117 
0 0 0 0 0 0 0 3 6544 24108 
0 0 0 0 0 0 0 3 6554 24099 
0 0 0 0 0 0 0 3 6564 24090 
0 0 0 0 0 0 0 3 6574 24081 
0 0 0 0 0 0 0 3 6584 24072 
0 0 0 0 0 0 0 3 6594 24063 
0 0 0 0 0 0 0 3 6604 24054 
0 0 0 0 0 0 0 3 6614 24045 
0 0 0 0 0 0 0 3 6624 24036 
0 0 0 0 0 0 0 3 6634 24027 
0 0 0 0 0 0 0 3 6644 24018 
0 0 0 0 0 0 0 3 6654 24009 
0 0 0 0 0 0 0 3 6664 24000 
0 0 0 0 0 0 0 3 6674 23991 
0 0 0 0 0 0 0 3 6684 23982 
0 0 0 0 0 0 0 3 6694 23973 
0 0 0 0 0 0 0 3 6704 23964 
0 0 0 0 0 0 0 3 6714 23955 
0 0 0 0 0 0 0 3 6724 23946 
0 0 0 0 0 0 0 3 6734 23937 
0 0 0 0 0 0 0 3 6744 23928 
0 0 0 0 0 0 0 3 6754 23919 
0 0 0 0 0 0 0 3 6764 23910 
0 0 0 0 0 0 0 3 6774 23901 
0 0 0 0 0 0 0 3 6784 23892 
0 0 0 0 0 0 0 3 6794 23883 
0 0 0 0 0 0 0 3 6804 23874 
0 0 0 0 0 0 0 3 6814 23865 
0 0 0 0 0 0 0 3 6824 23856 
0 0 0 0 0 0 0 3 6834 23847 
0 0 0 0 0 0 0 3 6844 23838 
0 0 0 0 0 0 0 3 6854 23829 
0 0 0 0 0 0 0 3 6864 23820 
0 0 0 0 0 0 0 3 6874 23811 
0 0 0 0 0 0 0 3 6884 23802 
0 0 0 0 0 0 0 3 6894 23793 
0 0 0 0 0 0 0 3 6904 23784 
0 0 0 0 0 0 0 3 6914 23775 
0 0 0 0 0 0 0 3 6924 23766 
0 0 0 0 0 0 0 3 6934 23757 
0 0 0 0 0 0 0 3 6944 23748 
0 0 0 0 0 0 0 3 6954 23739 
0 0 0 0 0 0 0 3 6964 23730 
0 0 0 0 0 0 0 3 6974 23721 
0 0 0 0 0 0 0 3 6984 23712 
0 0 0 0 0 0 0 3 6994 23703 
0 0 0 0 0 0 0 3 7004 23694 
0 0 0 0 0 0 0 3 7014 23685 
0 0 0 0 0 0 0 3 7024 23676 
0 0 0 0 0 0 0 3 7034 23667 
0 0 0 0 0 0 0 3 7044 23658 
0 0 0 0 0 0 0 3 7054 23649 
0 0 0 0 0 0 0 3 7064 23640 
0 0 0 0 0 0 0 3 7074 23631 
0 0 0 0 0 0 0 3 7084 23622 
0 0 0 0 0 0 0 3 7094 23613 
0 0 0 0 0 0 0 3 7104 23604 
0 0 0 0 0 0 0 3 7114 23595 
0 0 0 0 0 0 0 3 7124 23586 
0 0 0 0 0 0 0 3 7134 23577 
0 0 0 0 0 0 0 3 7144 23568 
0 0 0 0 0 0 0 3 7154 23559 
0 0 0 0 0 0 0 3 7164 23550 
0 0 0 0 0 0 0 3 7174 23541 
0 0 0 0 0 0 0 3 7184 23532 
0 0 0 0 0 0 0 3 7194 23523 
0 0 0 0 0 0 0 3 7204 23514 
0 0 0 0 0 0 0 3 7214 23505 
0 0 0 0 0 0 0 3 7224 23496 
0 0 0 0 0 0 0 3 7234 23487 
0 0 0 0 0 0 0 3 7244 23478 
0 0 0 0 0 0 0 3 7254 23469 
0 0 0 0 0 0 0 3 7264 23460 
0 0 0 0 0 0 0 3 7274 23451 
0 0 0 0 0 0 0 3 7284 23442 
0 0 0 0 0 0 0 3 7294 23433 
0 0 0 0 0 0 0 3 7304 23424 
0 0 0 0 0 0 0 3 7314 23415 
0 0 0 0 0 0 0 3 7324 23406 
0 0 0 0 0 0 0 3 7334 23397 
0 0 0 0 0 0 0 3 7344 23388 
0 0 0 0 0 0 0 3 7354 23379 
0 0 0 0 0 0 0 3 7364 23370 
0 0 0 0 0 0 0 3 7374 23361 
0 0 0 0 0 0 0 3 7384 23352 
0 0 0 0 0 0 0 3 7394 23343 
0 0 0 0 0 0 0 3 7404 23334 
0 0 0 0 0 0 0 3 7414 23325 
0 0 0 0 0 0 0 3 7424 23316 
0 0 0 0 0 0 0 3 7434 23307 
0 0 0 0 0 0 0 3 7444 23298 
0 0 0 0 0 0 0 3 7454 23289 
0 0 0 0 0 0 0 3 7464 23280 
0 0 0 0 0 0 0 3 7474 23271 
0 0 0 0 0 0 0 3 7484 23262 
0 0 0 0 0 0 0 3 7494 23253 
0 0 0 0 0 0 0 3 7504 23244 
0 0 0 0 0 0 0 3 7514 23235 
0 0 0 0 0 0 0 3 7524 23226 
0 0 0 0 0 0 0 3 7534 23217 
0 0 0 0 0 0 0 3 7544 23208 
0 0 0 0 0 0 0 3 7554 23199 
0 0 0 0 0 0 0 3 7564 23190 
0 0 0 0 0 0 0 3 7574 23181 
0 0 0 0 0 0 0 3 7584 23172 
0 0 0 0 0 0 0 3 7594 23163 
0 0 0 0 0 0 0 3 7604 23154 
0 0 0 0 0 0 0 3 7614 23145 
0 0 0 0 0 0 0 3 7624 23136 
0 0 0 0 0 0 0 3 7634 23127 
0 0 0 0 0 0 0 3 7644 23118 
0 0 0 0 0 0 0 3 7654 23109 
0 0 0 0 0 0 0 3 7664 23100 
0 0 0 0 0 0 0 3 7674 23091 
0 0 0 0 0 0 0 3 7684 23082 
0 0 0 0 0 0 0 3 7694 23073 
0 0 0 0 0 0 0 3 7704 23064 
0 0 0 0 0 0 0 3 7714 23055 
0 0 0 0 0 0 0 3 7724 23046 
0 0 0 0 0 0 0 3 7734 23037 
0 0 0 0 0 0 0 3 7744 23028 
0 0 0 0 0 0 0 3 7754 23019 
0 0 0 0 0 0 0 3 7764 23010 
0 0 0 0 0 0 0 3 7774 23001 
0 0 0 0 0 0 0 3 7784 22992 
0 0 0 0 0 0 0 3 7794 22983 
0 0 0 0 0 0 0 3 7804 22974 
0 0 0 0 0 0 0 3 7814 22965 
0 0 0 0 0 0 0 3 7824 22956 
0 0 0 0 0 0 0 3 7834 22947 
0 0 0 0 0 0 0 3 7844 22938 
0 0 0 0 0 0 0 3 7854 22929 
0 0 0 0 0 0 0 3 7864 22920 
0 0 0 0 0 0 0 3 7874 22911 
0 0 0 0 0 0 0 3 7884 22902 
0 0 0 0 0 0 0 3 7894 22893 
0 0 0 0 0 0 0 3 7904 22884 
0 0 0 0 0 0 0 3 7914 22875 
0 0 0 0 0 0 0 3 7924 22866 
0 0 0 0 0 0 0 3 7934 22857 
0 0 0 0 0 0 0 3 7944 22848 
0 0 0 0 0 0 0 3 7954 22839 
0 0 0 0 0 0 0 3 7964 22830 
0 0 0 0 0 0 0 3 7974 22821 
0 0 0 0 0 0 0 3 7984 22812 
0 0 0 0 0 0 0 3 7994 22803 
0 0 0 0 0 0 0 3 8004 22794 
0 0 0 0 0 0 0 3 8014 22785 
0 0 0 0 0 0 0 3 8024 22776 
0 0 0 0 0 0 0 3 8034 22767 
0 0 0 0 0 0 0 3 8044 22758 
0 0 0 0 0 0 0 3 8054 22749 
0 0 0 0 0 0 0 3 8064 22740 
0 0 0 0 0 0 0 3 8074 22731 
0 0 0 0 0 0 0 3 8084 22722 
0 0 0 0 0 0 0 3 8094 22713 
0 0 0 0 0 0 0 3 8104 22704 
0 0 0 0 0 0 0 3 8114 22695 
0 0 0 0 0 0 0 3 8124 22686 
0 0 0 0 0 0 0 3 8134 22677 
0 0 0 0 0 0 0 3 8144 22668 
0 0 0 0 0 0 0 3 8154 22659 
0 0 0 0 0 0 0 3 8164 22650 
0 0 0 0 0 0 0 3 8174 22641 
0 0 0 0 0 0 0 3 8184 22632 
0 0 0 0 0 0 0 3 8194 22623 
0 0 0 0 0 0 0 3 8204 22614 
0 0 0 0 0 0 0 3 8214 22605 
0 0 0 0 0 0 0 3 8224 22596 
0 0 0 0 0 0 0 3 8234 22587 
0 0 0 0 0 0 0 3 8244 22578 
0 0 0 0 0 0 0 3 8254 22569 
0 0 0 0 0 0 0 3 8264 22560 
0 0 0 0 0 0 0 3 8274 22551 
0 0 0 0 0 0 0 3 8284 22542 
0 0 0 0 0 0 0 3 8294 22533 
0 0 0 0 0 0 0 3 8304 22524 
0 0 0 0 0 0 0 3 8314 22515 
0 0 0 0 0 0 0 3 8324 22506 
0 0 0 0 0 0 0 3 8334 22497 
0 0 0 0 0 0 0 3 8344 22488 
0 0 0 0 0 0 0 3 8354 22479 
0 0 0 0 0 0 0 3 8364 22470 
0 0 0 0 0 0 0 3 8374 22461 
0 0 0 0 0 0 0 3 8384 22452 
0 0 0 0 0 0 0 3 8394 22443 
0 0 0 0 0 0 0 3 8404 22434 
0 0 0 0 0 0 0 3 8414 22425 
0 0 0 0 0 0 0 3 8424 22416 
0 0 0 0 0 0 0 3 8434 22407 
0 0 0 0 0 0 0 3 8444 22398 
0 0 0 0 0 0 0 3 8454 22389 
0 0 0 0 0 0 0 3 8464 22380 
0 0 0 0 0 0 0 3 8474 22371 
0 0 0 0 0 0 0 3 8484 22362 
0 0 0 0 0 0 0 3 8494 22353 
0 0 0 0 0 0 0 3 8504 22344 
0 0 0 0 0 0 0 3 8514 22335 
0 0 0 0 0 0 0 3 8524 22326 
0 0 0 0 0 0 0 3 8534 22317 
0 0 0 0 0 0 0 3 8544 22308 
0 0 0 0 0 0 0 3 8554 22299 
0 0 0 0 0 0 0 3 8564 22290 
0 0 0 0 0 0 0 3 8574 22281 
0 0 0 0 0 0 0 3 8584 22272 
0 0 0 0 0 0 0 3 8594 22263 
0 0 0 0 0 0 0 3 8604 22254 
0 0 0 0 0 0 0 3 8614 22245 
0 0 0 0 0 0 0 3 8624 22236 
0 0 0 0 0 0 0 3 8634 22227 
0 0 0 0 0 0 0 3 8644 22218 
0 0 0 0 0 0 0 3 8654 22209 
0 0 0 0 0 0 0 3 8664 22200 
0 0 0 0 0 0 0 3 8674 22191 
0 0 0 0 0 0 0 3 8684 22182 
0 0 0 0 0 0 0 3 8694 22173 
0 0 0 0 0 0 0 3 8704 22164 
0 0 0 0 0 0 0 3 8714 22155 
0 0 0 0 0 0 0 3 8724 22146 
0 0 0 0 0 0 0 3 8734 22137 
0 0 0 0 0 0 0 3 8744 22128 
0 0 0 0 0 0 0 3 8754 22119 
0 0 0 0 0 0 0 3 8764 22110 
0 0 0 0 0 0 0 3 8774 22101 
0 0 0 0 0 0 0 3 8784 22092 
0 0 0 0 0 0 0 3 8794 22083 
0 0 0 0 0 0 0 3 8804 22074 
0 0 0 0 0 0 0 3 8814 22065 
0 0 0 0 0 0 0 3 8824 22056 
0 0 0 0 0 0 0 3 8834 22047 
0 0 0 0 0 0 0 3 8844 22038 
0 0 0 0 0 0 0 3 8854 22029 
0 0 0 0 0 0 0 3 8864 22020 
0 0 0 0 0 0 0 3 8874 22011 
0 0 0 0 0 0 0 3 8884 22002 
0 0 0 0 0 0 0 3 8894 21993 
0 0 0 0 0 0 0 3 8904 21984 
0 0 0 0 0 0 0 3 8914 21975 
0 0 0 0 0 0 0 3 8924 21966 
0 0 0 0 0 0 0 3 8934 21957 
0 0 0 0 0 0 0 3 8944 21948 
0 0 0 0 0 0 0 3 8954 21939 
0 0 0 0 0 0 0 3 8964 21930 
0 0 0 0 0 0 0 3 8974 21921 
0 0 0 0 0 0 0 3 8984 21912 
0 0 0 0 0 0 0 3 8994 21903 
0 0 0 0 0 0 0 3 9004 21894 
0 0 0 0 0 0 0 3 9014 21885 
0 0 0 0 0 0 0 3 9024 21876 
0 0 0 0 0 0 0 3 9034 21867 
0 0 0 0 0 0 0 3 9044 21858 
0 0 0 0 0 0 0 3 9054 21849 
0 0 0 0 0 0 0 3 9064 21840 
0 0 0 0 0 0 0 3 9074 21831 
0 0 0 0 0 0 0 3 9084 21822 
0 0 0 0 0 0 0 3 9094 21813 
0 0 0 0 0 0 0 3 9104 21804 
0 0 0 0 0 0 0 3 9114 21795 
0 0 0 0 0 0 0 3 9124 21786 
0 0 0 0 0 0 0 3 9134 21777 
0 0 0 0 0 0 0 3 9144 21768 
0 0 0 0 0 0 0 3 9154 21759 
0 0 0 0 0 0 0 3 9164 21750 
0 0 0 0 0 0 0 3 9174 21741 
0 0 0 0 0 0 0 3 9184 21732 
0 0 0 0 0 0 0 3 9194 21723 
0 0 0 0 0 0 0 3 9204 21714 
0 0 0 0 0 0 0 3 9214 21705 
0 0 0 0 0 0 0 3 9224 21696 
0 0 0 0 0 0 0 3 9234 21687 
0 0 0 0 0 0 0 3 9244 21678 
0 0 0 0 0 0 0 3 9254 21669 
0 0 0 0 0 0 0 3 9264 21660 
0 0 0 0 0 0 0 3 9274 21651 
0 0 0 0 0 0 0 3 9284 21642 
0 0 0 0 0 0 0 3 9294 21633 
0 0 0 0 0 0 0 3 9304 21624 
0 0 0 0 0 0 0 3 9314 21615 
0 0 0 0 0 0 0 3 9324 21606 
0 0 0 0 0 0 0 3 9334 21597 
0 0 0 0 0 0 0 3 9344 21588 
0 0 0 0 0 0 0 3 9354 21579 
0 0 0 0 0 0 0 3 9364 21570 
0 0 0 0 0 0 0 3 9374 21561 
0 0 0 0 0 0 0 3 9384 21552 
0 0 0 0 0 0 0 3 9394 21543 
0 0 0 0 0 0 0 3 9404 21534 
0 0 0 0 0 0 0 3 9414 21525 
0 0 0 0 0 0 0 3 9424 21516 
0 0 0 0 0 0 0 3 9434 21507 
0 0 0 0 0 0 0 3 9444 21498 
0 0 0 0 0 0 0 3 9454 21489 
0 0 0 0 0 0 0 3 9464 21480 
0 0 0 0 0 0 0 3 9474 21471 
0 0 0 0 0 0 0 3 9484 21462 
0 0 0 0 0 0 0 3 9494 21453 
0 0 0 0 0 0 0 3 9504 21444 
0 0 0 0 0 0 0 3 9514 21435 
0 0 0 0 0 0 0 3 9524 21426 
0 0 0 0 0 0 0 3 9534 21417 
0 0 0 0 0 0 0 3 9544 21408 
0 0 0 0 0 0 0 3 9554 21399 
0 0 0 0 0 0 0 3 9564 21390 
0 0 0 0 0 0 0 3 9574 21381 
0 0 0 0 0 0 0 3 9584 21372 
0 0 0 0 0 0 0 3 9594 21363 
0 0 0 0 0 0 0 3 9604 21354 
0 0 0 0 0 0 0 3 9614 21345 
0 0 0 0 0 0 0 3 9624 21336 
0 0 0 0 0 0 0 3 9634 21327 
0 0 0 0 0 0 0 3 9644 21318 
0 0 0 0 0 0 0 3 9654 21309 
0 0 0 0 0 0 0 3 9664 21300 
0 0 0 0 0 0 0 3 9674 21291 
0 0 0 0 0 0 0 3 9684 21282 
0 0 0 0 0 0 0 3 9694 21273 
0 0 0 0 0 0 0 3 9704 21264 
0 0 0 0 0 0 0 3 9714 21255 
0 0 0 0 0 0 0 3 9724 21246 
0 0 0 0 0 0 0 3 9734 21237 
0 0 0 0 0 0 0 3 9744 21228 
0 0 0 0 0 0 0 3 9754 21219 
0 0 0 0 0 0 0 3 9764 21210 
0 0 0 0 0 0 0 3 9774 21201 
0 0 0 0 0 0 0 3 9784 21192 
0 0 0 0 0 0 0 3 9794 21183 
0 0 0 0 0 0 0 3 9804 21174 
0 0 0 0 0 0 0 3 9814 21165 
0 0 0 0 0 0 0 3 9824 21156 
0 0 0 0 0 0 0 3 9834 21147 
0 0 0 0 0 0 0 3 9844 21138 
0 0 0 0 0 0 0 3 9854 21129 
0 0 0 0 0 0 0 3 9864 21120 
0 0 0 0 0 0 0 3 9874 21111 
0 0 0 0 0 0 0 3 9884 21102 
0 0 0 0 0 0 0 3 9894 21093 
0 0 0 0 0 0 0 3 9904 21084 
0 0 0 0 0 0 0 3 9914 21075 
0 0 0 0 0 0 0 3 9924 21066 
0 0 0 0 0 0 0 3 9934 21057 
0 0 0 0 0 0 0 3 9944 21048 
0 0 0 0 0 0 0 3 9954 21039 
0 0 0 0 0 0 0 3 9964 21030 
0 0 0 0 0 0 0 3 9974 21021 
0 0 0 0 0 0 0 3 9984 21012 
0 0 0 0 0 0 0 3 9994 21003 
0 0 0 0 0 0 0 3 10004 20994 
0 0 0 0 0 0 0 3 10014 20985 
0 0 0 0 0 0 0 3 10024 20976 
0 0 0 0 0 0 0 3 10034 20967 
0 0 0 0 0 0 0 3 10044 20958 
0 0 0 0 0 0 0 3 10054 20949 
0 0 0 0 0 0 0 3 10064 20940 
0 0 0 0 0 0 0 3 10074 20931 
0 0 0 0 0 0 0 3 10084 20922 
0 0 0 0 0 0 0 3 10094 20913 
0 0 0 0 0 0 0 3 10104 20904 
0 0 0 0 0 0 0 3 10114 20895 
0 0 0 0 0 0 0 3 10124 20886 
0 0 0 0 0 0 0 3 10134 20877 
0 0 0 0 0 0 0 3 10144 20868 
0 0 0 0 0 0 0 3 10154 20859 
0 0 0 0 0 0 0 3 10164 20850 
0 0 0 0 0 0 0 3 10174 20841 
0 0 0 0 0 0 0 3 10184 20832 
0 0 0 0 0 0 0 3 10194 20823 
0 0 0 0 0 0 0 3 10204 20814 
0 0 0 0 0 0 0 3 10214 20805 
0 0 0 0 0 0 0 3 10224 20796 
0 0 0 0 0 0 0 3 10234 20787 
0 0 0 0 0 0 0 3 10244 20778 
0 0 0 0 0 0 0 3 10254 20769 
0 0 0 0 0 0 0 3 10264 20760 
0 0 0 0 0 0 0 3 10274 20751 
0 0 0 0 0 0 0 3 10284 20742 
0 0 0 0 0 0 0 3 10294 20733 
0 0 0 0 0 0 0 3 10304 20724 
0 0 0 0 0 0 0 3 10314 20715 
0 0 0 0 0 0 0 3 10324 20706 
0 0 0 0 0 0 0 3 10334 20697 
0 0 0 0 0 0 0 3 10344 20688 
0 0 0 0 0 0 0 3 10354 20679 
0 0 0 0 0 0 0 3 10364 20670 
0 0 0 0 0 0 0 3 10374 20661 
0 0 0 0 0 0 0 3 10384 20652 
0 0 0 0 0 0 0 3 10394 20643 
0 0 0 0 0 0 0 3 10404 20634 
0 0 0 0 0 0 0 3 10414 20625 
0 0 0 0 0 0 0 3 10424 20616 
0 0 0 0 0 0 0 3 10434 20607 
0 0 0 0 0 0 0 3 10444 20598 
0 0 0 0 0 0 0 3 10454 20589 
0 0 0 0 0 0 0 3 10464 20580 
0 0 0 0 0 0 0 3 10474 20571 
0 0 0 0 0 0 0 3 10484 20562 
0 0 0 0 0 0 0 3 10494 20553 
0 0 0 0 0 0 0 3 10504 20544 
0 0 0 0 0 0 0 3 10514 20535 
0 0 0 0 0 0 0 3 10524 20526 
0 0 0 0 0 0 0 3 10534 20517 
0 0 0 0 0 0 0 3 10544 20508 
0 0 0 0 0 0 0 3 10554 20499 
0 0 0 0 0 0 0 3 10564 20490 
0 0 0 0 0 0 0 3 10574 20481 
0 0 0 0 0 0 0 3 10584 20472 
0 0 0 0 0 0 0 3 10594 20463 
0 0 0 0 0 0 0 3 10604 20454 
0 0 0 0 0 0 0 3 10614 20445 
0 0 0 0 0 0 0 3 10624 20436 
0 0 0 0 0 0 0 3 10634 20427 
0 0 0 0 0 0 0 3 10644 20418 
0 0 0 0 0 0 0 3 10654 20409 
0 0 0 0 0 0 0 3 10664 20400 
0 0 0 0 0 0 0 3 10674 20391 
0 0 0 0 0 0 0 3 10684 20382 
0 0 0 0 0 0 0 3 10694 20373 
0 0 0 0 0 0 0 3 10704 20364 
0 0 0 0 0 0 0 3 10714 20355 
0 0 0 0 0 0 0 3 10724 20346 
0 0 0 0 0 0 0 3 10734 20337 
0 0 0 0 0 0 0 3 10744 20328 
0 0 0 0 0 0 0 3 10754 20319 
0 0 0 0 0 0 0 3 10764 20310 
0 0 0 0 0 0 0 3 10774 20301 
0 0 0 0 0 0 0 3 10784 20292 
0 0 0 0 0 0 0 3 10794 20283 
0 0 0 0 0 0 0 3 10804 20274 
0 0 0 0 0 0 0 3 10814 20265 
0 0 0 0 0 0 0 3 10824 20256 
0 0 0 0 0 0 0 3 10834 20247 
0 0 0 0 0 0 0 3 10844 20238 
0 0 0 0 0 0 0 3 10854 20229 
0 0 0 0 0 0 0 3 10864 20220 
0 0 0 0 0 0 0 3 10874 20211 
0 0 0 0 0 0 0 3 10884 20202 
0 0 0 0 0 0 0 3 10894 20193 
0 0 0 0 0 0 0 3 10904 20184 
0 0 0 0 0 0 0 3 10914 20175 
0 0 0 0 0 0 0 3 10924 20166 
0 0 0 0 0 0 0 3 10934 20157 
0 0 0 0 0 0 0 3 10944 20148 
0 0 0 0 0 0 0 3 10954 20139 
0 0 0 0 0 0 0 3 10964 20130 
0 0 0 0 0 0 0 3 10974 20121 
0 0 0 0 0 0 0 3 10984 20112 
0 0 0 0 0 0 0 3 10994 20103 
0 0 0 0 0 0 0 3 11004 20094 
0 0 0 0 0 0 0 3 11014 20085 
0 0 0 0 0 0 0 3 11024 20076 
0 0 0 0 0 0 0 3 11034 20067 
0 0 0 0 0 0 0 3 11044 20058 
0 0 0 0 0 0 0 3 11054 20049 
0 0 0 0 0 0 0 3 11064 20040 
0 0 0 0 0 0 0 3 11074 20031 
0 0 0 0 0 0 0 3 11084 20022 
0 0 0 0 0 0 0 3 11094 20013 
0 0 0 0 0 0 0 3 11104 20004 
0 0 0 0 0 0 0 3 11114 19995 
0 0 0 0 0 0 0 3 11124 19986 
0 0 0 0 0 0 0 3 11134 19977 
0 0 0 0 0 0 0 3 11144 19968 
0 0 0 0 0 0 0 3 11154 19959 
0 0 0 0 0 0 0 3 11164 19950 
0 0 0 0 0 0 0 3 11174 19941 
0 0 0 0 0 0 0 3 11184 19932 
0 0 0 0 0 0 0 3 11194 19923 
0 0 0 0 0 0 0 3 11204 19914 
0 0 0 0 0 0 0 3 11214 19905 
0 0 0 0 0 0 0 3 11224 19896 
0 0 0 0 0 0 0 3 11234 19887 
0 0 0 0 0 0 0 3 11244 19878 
0 0 0 0 0 0 0 3 11254 19869 
0 0 0 0 0 0 0 3 11264 19860 
0 0 0 0 0 0 0 3 11274 19851 
0 0 0 0 0 0 0 3 11284 19842 
0 0 0 0 0 0 0 3 11294 19833 
0 0 0 0 0 0 0 3 11304 19824 
0 0 0 0 0 0 0 3 11314 19815 
0 0 0 0 0 0 0 3 11324 19806 
0 0 0 0 0 0 0 3 11334 19797 
0 0 0 0 0 0 0 3 11344 19788 
0 0 0 0 0 0 0 3 11354 19779 
0 0 0 0 0 0 0 3 11364 19770 
0 0 0 0 0 0 0 3 11374 19761 
0 0 0 0 0 0 0 3 11384 19752 
0 0 0 0 0 0 0 3 11394 19743 
0 0 0 0 0 0 0 3 11404 19734 
0 0 0 0 0 0 0 3 11414 19725 
0 0 0 0 0 0 0 3 11424 19716 
0 0 0 0 0 0 0 3 11434 19707 
0 0 0 0 0 0 0 3 11444 19698 
0 0 0 0 0 0 0 3 11454 19689 
0 0 0 0 0 0 0 3 11464 19680 
0 0 0 0 0 0 0 3 11474 19671 
0 0 0 0 0 0 0 3 11484 19662 
0 0 0 0 0 0 0 3 11494 19653 
0 0 0 0 0 0 0 3 11504 19644 
0 0 0 0 0 0 0 3 11514 19635 
0 0 0 0 0 0 0 3 11524 19626 
0 0 0 0 0 0 0 3 11534 19617 
0 0 0 0 0 0 0 3 11544 19608 
0 0 0 0 0 0 0 3 11554 19599 
0 0 0 0 0 0 0 3 11564 19590 
0 0 0 0 0 0 0 3 11574 19581 
0 0 0 0 0 0 0 3 11584 19572 
0 0 0 0 0 0 0 3 11594 19563 
0 0 0 0 0 0 0 3 11604 19554 
0 0 0 0 0 0 0 3 11614 19545 
0 0 0 0 0 0 0 3 11624 19536 
0 0 0 0 0 0 0 3 11634 19527 
0 0 0 0 0 0 0 3 11644 19518 
0 0 0 0 0 0 0 3 11654 19509 
0 0 0 0 0 0 0 3 11664 19500 
0 0 0 0 0 0 0 3 11674 19491 
0 0 0 0 0 0 0 3 11684 19482 
0 0 0 0 0 0 0 3 11694 19473 
0 0 0 0 0 0 0 3 11704 19464 
0 0 0 0 0 0 0 3 11714 19455 
0 0 0 0 0 0 0 3 11724 19446 
0 0 0 0 0 0 0 3 11734 19437 
0 0 0 0 0 0 0 3 11744 19428 
0 0 0 0 0 0 0 3 11754 19419 
0 0 0 0 0 0 0 3 11764 19410 
0 0 0 0 0 0 0 3 11774 19401 
0 0 0 0 0 0 0 3 11784 19392 
0 0 0 0 0 0 0 3 11794 19383 
0 0 0 0 0 0 0 3 11804 19374 
0 0 0 0 0 0 0 3 11814 19365 
0 0 0 0 0 0 0 3 11824 19356 
0 0 0 0 0 0 0 3 11834 19347 
0 0 0 0 0 0 0 3 11844 19338 
0 0 0 0 0 0 0 3 11854 19329 
0 0 0 0 0 0 0 3 11864 19320 
0 0 0 0 0 0 0 3 11874 19311 
0 0 0 0 0 0 0 3 11884 19302 
0 0 0 0 0 0 0 3 11894 19293 
0 0 0 0 0 0 0 3 11904 19284 
0 0 0 0 0 0 0 3 11914 19275 
0 0 0 0 0 0 0 3 11924 19266 
0 0 0 0 0 0 0 3 11934 19257 
0 0 0 0 0 0 0 3 11944 19248 
0 0 0 0 0 0 0 3 11954 19239 
0 0 0 0 0 0 0 3 11964 19230 
0 0 0 0 0 0 0 3 11974 19221 
0 0 0 0 0 0 0 3 11984 19212 
0 0 0 0 0 0 0 3 11994 19203 
0 0 0 0 0 0 0 3 12004 19194 
0 0 0 0 0 0 0 3 12014 19185 
0 0 0 0 0 0 0 3 12024 19176 
0 0 0 0 0 0 0 3 12034 19167 
0 0 0 0 0 0 0 3 12044 19158 
0 0 0 0 0 0 0 3 12054 19149 
0 0 0 0 0 0 0 3 12064 19140 
0 0 0 0 0 0 0 3 12074 19131 
0 0 0 0 0 0 0 3 12084 19122 
0 0 0 0 0 0 0 3 12094 19113 
0 0 0 0 0 0 0 3 12104 19104 
0 0 0 0 0 0 0 3 12114 19095 
0 0 0 0 0 0 0 3 12124 19086 
0 0 0 0 0 0 0 3 12134 19077 
0 0 0 0 0 0 0 3 12144 19068 
0 0 0 0 0 0 0 3 12154 19059 
0 0 0 0 0 0 0 3 12164 19050 
0 0 0 0 0 0 0 3 12174 19041 
0 0 0 0 0 0 0 3 12184 19032 
0 0 0 0 0 0 0 3 12194 19023 
0 0 0 0 0 0 0 3 12204 19014 
0 0 0 0 0 0 0 3 12214 19005 
0 0 0 0 0 0 0 3 12224 18996 
0 0 0 0 0 0 0 3 12234 18987 
0 0 0 0 0 0 0 3 12244 18978 
0 0 0 0 0 0 0 3 12254 18969 
0 0 0 0 0 0 0 3 12264 18960 
0 0 0 0 0 0 0 3 12274 18951 
0 0 0 0 0 0 0 3 12284 18942 
0 0 0 0 0 0 0 3 12294 18933 
0 0 0 0 0 0 0 3 12304 18924 
0 0 0 0 0 0 0 3 12314 18915 
0 0 0 0 0 0 0 3 12324 18906 
0 0 0 0 0 0 0 3 12334 18897 
0 0 0 0 0 0 0 3 12344 18888 
0 0 0 0 0 0 0 3 12354 18879 
0 0 0 0 0 0 0 3 12364 18870 
0 0 0 0 0 0 0 3 12374 18861 
0 0 0 0 0 0 0 3 12384 18852 
0 0 0 0 0 0 0 3 12394 18843 
0 0 0 0 0 0 0 3 12404 18834 
0 0 0 0 0 0 0 3 12414 18825 
0 0 0 0 0 0 0 3 12424 18816 
0 0 0 0 0 0 0 3 12434 18807 
0 0 0 0 0 0 0 3 12444 18798 
0 0 0 0 0 0 0 3 12454 18789 
0 0 0 0 0 0 0 3 12464 18780 
0 0 0 0 0 0 0 3 12474 18771 
0 0 0 0 0 0 0 3 12484 18762 
0 0 0 0 0 0 0 3 12494 18753 
0 0 0 0 0 0 0 3 12504 18744 
0 0 0 0 0 0 0 3 12514 18735 
0 0 0 0 0 0 0 3 12524 18726 
0 0 0 0 0 0 0 3 12534 18717 
0 0 0 0 0 0 0 3 12544 18708 
0 0 0 0 0 0 0 3 12554 18699 
0 0 0 0 0 0 0 3 12564 18690 
0 0 0 0 0 0 0 3 12574 18681 
0 0 0 0 0 0 0 3 12584 18672 
0 0 0 0 0 0 0 3 12594 18663 
0 0 0 0 0 0 0 3 12604 18654 
0 0 0 0 0 0 0 3 12614 18645 
0 0 0 0 0 0 0 3 12624 18636 
0 0 0 0 0 0 0 3 12634 18627 
0 0 0 0 0 0 0 3 12644 18618 
0 0 0 0 0 0 0 3 12654 18609 
0 0 0 0 0 0 0 3 12664 18600 
0 0 0 0 0 0 0 3 12674 18591 
0 0 0 0 0 0 0 3 12684 18582 
0 0 0 0 0 0 0 3 12694 18573 
0 0 0 0 0 0 0 3 12704 18564 
0 0 0 0 0 0 0 3 12714 18555 
0 0 0 0 0 0 0 3 12724 18546 
0 0 0 0 0 0 0 3 12734 18537 
0 0 0 0 0 0 0 3 12744 18528 
0 0 0 0 0 0 0 3 12754 18519 
0 0 0 0 0 0 0 3 12764 18510 
0 0 0 0 0 0 0 3 12774 18501 
0 0 0 0 0 0 0 3 12784 18492 
0 0 0 0 0 0 0 3 12794 18483 
0 0 0 0 0 0 0 3 12804 18474 
0 0 0 0 0 0 0 3 12814 18465 
0 0 0 0 0 0 0 3 12824 18456 
0 0 0 0 0 0 0 3 12834 18447 
0 0 0 0 0 0 0 3 12844 18438 
0 0 0 0 0 0 0 3 12854 18429 
0 0 0 0 0 0 0 3 12864 18420 
0 0 0 0 0 0 0 3 12874 18411 
0 0 0 0 0 0 0 3 12884 18402 
0 0 0 0 0 0 0 3 12894 18393 
0 0 0 0 0 0 0 3 12904 18384 
0 0 0 0 0 0 0 3 12914 18375 
0 0 0 0 0 0 0 3 12924 18366 
0 0 0 0 0 0 0 3 12934 18357 
0 0 0 0 0 0 0 3 12944 18348 
0 0 0 0 0 0 0 3 12954 18339 
0 0 0 0 0 0 0 3 12964 18330 
0 0 0 0 0 0 0 3 12974 18321 
0 0 0 0 0 0 0 3 12984 18312 
0 0 0 0 0 0 0 3 12994 18303 
0 0 0 0 0 0 0 3 13004 18294 
0 0 0 0 0 0 0 3 13014 18285 
0 0 0 0 0 0 0 3 13024 18276 
0 0 0 0 0 0 0 3 13034 18267 
0 0 0 0 0 0 0 3 13044 18258 
0 0 0 0 0 0 0 3 13054 18249 
0 0 0 0 0 0 0 3 13064 18240 
0 0 0 0 0 0 0 3 13074 18231 
0 0 0 0 0 0 0 3 13084 18222 
0 0 0 0 0 0 0 3 13094 18213 
0 0 0 0 0 0 0 3 13104 18204 
0 0 0 0 0 0 0 3 13114 18195 
0 0 0 0 0 0 0 3 13124 18186 
0 0 0 0 0 0 0 3 13134 18177 
0 0 0 0 0 0 0 3 13144 18168 
0 0 0 0 0 0 0 3 13154 18159 
0 0 0 0 0 0 0 3 13164 18150 
0 0 0 0 0 0 0 3 13174 18141 
0 0 0 0 0 0 0 3 13184 18132 
0 0 0 0 0 0 0 3 13194 18123 
0 0 0 0 0 0 0 3 13204 18114 
0 0 0 0 0 0 0 3 13214 18105 
0 0 0 0 0 0 0 3 13224 18096 
0 0 0 0 0 0 0 3 13234 18087 
0 0 0 0 0 0 0 3 13244 18078 
0 0 0 0 0 0 0 3 13254 18069 
0 0 0 0 0 0 0 3 13264 18060 
0 0 0 0 0 0 0 3 13274 18051 
0 0 0 0 0 0 0 3 13284 18042 
0 0 0 0 0 0 0 3 13294 18033 
0 0 0 0 0 0 0 3 13304 18024 
0 0 0 0 0 0 0 3 13314 18015 
0 0 0 0 0 0 0 3 13324 18006 
0 0 0 0 0 0 0 3 13334 17997 
0 0 0 0 0 0 0 3 13344 17988 
0 0 0 0 0 0 0 3 13354 17979 
0 0 0 0 0 0 0 3 13364 17970 
0 0 0 0 0 0 0 3 13374 17961 
0 0 0 0 0 0 0 3 13384 17952 
0 0 0 0 0 0 0 3 13394 17943 
0 0 0 0 0 0 0 3 13404 17934 
0 0 0 0 0 0 0 3 13414 17925 
0 0 0 0 0 0 0 3 13424 17916 
0 0 0 0 0 0 0 3 13434 17907 
0 0 0 0 0 0 0 3 13444 17898 
0 0 0 0 0 0 0 3 13454 17889 
0 0 0 0 0 0 0 3 13464 17880 
0 0 0 0 0 0 0 3 13474 17871 
0 0 0 0 0 0 0 3 13484 17862 
0 0 0 0 0 0 0 3 13494 17853 
0 0 0 0 0 0 0 3 13504 17844 
0 0 0 0 0 0 0 3 13514 17835 
0 0 0 0 0 0 0 3 13524 17826 
0 0 0 0 0 0 0 3 13534 17817 
0 0 0 0 0 0 0 3 13544 17808 
0 0 0 0 0 0 0 3 13554 17799 
0 0 0 0 0 0 0 3 13564 17790 
0 0 0 0 0 0 0 3 13574 17781 
0 0 0 0 0 0 0 3 13584 17772 
0 0 0 0 0 0 0 3 13594 17763 
0 0 0 0 0 0 0 3 13604 17754 
0 0 0 0 0 0 0 3 13614 17745 
0 0 0 0 0 0 0 3 13624 17736 
0 0 0 0 0 0 0 3 13634 17727 
0 0 0 0 0 0 0 3 13644 17718 
0 0 0 0 0 0 0 3 13654 17709 
0 0 0 0 0 0 0 3 13664 17700 
0 0 0 0 0 0 0 3 13674 17691 
0 0 0 0 0 0 0 3 13684 17682 
0 0 0 0 0 0 0 3 13694 17673 
0 0 0 0 0 0 0 3 13704 17664 
0 0 0 0 0 0 0 3 13714 17655 
0 0 0 0 0 0 0 3 13724 17646 
0 0 0 0 0 0 0 3 13734 17637 
0 0 0 0 0 0 0 3 13744 17628 
0 0 0 0 0 0 0 3 13754 17619 
0 0 0 0 0 0 0 3 13764 17610 
0 0 0 0 0 0 0 3 13774 17601 
0 0 0 0 0 0 0 3 13784 17592 
0 0 0 0 0 0 0 3 13794 17583 
0 0 0 0 0 0 0 3 13804 17574 
0 0 0 0 0 0 0 3 13814 17565 
0 0 0 0 0 0 0 3 13824 17556 
0 0 0 0 0 0 0 3 13834 17547 
0 0 0 0 0 0 0 3 13844 17538 
0 0 0 0 0 0 0 3 13854 17529 
0 0 0 0 0 0 0 3 13864 17520 
0 0 0 0 0 0 0 3 13874 17511 
0 0 0 0 0 0 0 3 13884 17502 
0 0 0 0 0 0 0 3 13894 17493 
0 0 0 0 0 0 0 3 13904 17484 
0 0 0 0 0 0 0 3 13914 17475 
0 0 0 0 0 0 0 3 13924 17466 
0 0 0 0 0 0 0 3 13934 17457 
0 0 0 0 0 0 0 3 13944 17448 
0 0 0 0 0 0 0 3 13954 17439 
0 0 0 0 0 0 0 3 13964 17430 
0 0 0 0 0 0 0 3 13974 17421 
0 0 0 0 0 0 0 3 13984 17412 
0 0 0 0 0 0 0 3 13994 17403 
0 0 0 0 0 0 0 3 14004 17394 
0 0 0 0 0 0 0 3 14014 17385 
0 0 0 0 0 0 0 3 14024 17376 
0 0 0 0 0 0 0 3 14034 17367 
0 0 0 0 0 0 0 3 14044 17358 
0 0 0 0 0 0 0 3 14054 17349 
0 0 0 0 0 0 0 3 14064 17340 
0 0 0 0 0 0 0 3 14074 17331 
0 0 0 0 0 0 0 3 14084 17322 
0 0 0 0 0 0 0 3 14094 17313 
0 0 0 0 0 0 0 3 14104 17304 
0 0 0 0 0 0 0 3 14114 17295 
0 0 0 0 0 0 0 3 14124 17286 
0 0 0 0 0 0 0 3 14134 17277 
0 0 0 0 0 0 0 3 14144 17268 
0 0 0 0 0 0 0 3 14154 17259 
0 0 0 0 0 0 0 3 14164 17250 
0 0 0 0 0 0 0 3 14174 17241 
0 0 0 0 0 0 0 3 14184 17232 
0 0 0 0 0 0 0 3 14194 17223 
0 0 0 0 0 0 0 3 14204 17214 
0 0 0 0 0 0 0 3 14214 17205 
0 0 0 0 0 0 0 3 14224 17196 
0 0 0 0 0 0 0 3 14234 17187 
0 0 0 0 0 0 0 3 14244 17178 
0 0 0 0 0 0 0 3 14254 17169 
0 0 0 0 0 0 0 3 14264 17160 
0 0 0 0 0 0 0 3 14274 17151 
0 0 0 0 0 0 0 3 14284 17142 
0 0 0 0 0 0 0 3 14294 17133 
0 0 0 0 0 0 0 3 14304 17124 
0 0 0 0 0 0 0 3 14314 17115 
0 0 0 0 0 0 0 3 14324 17106 
0 0 0 0 0 0 0 3 14334 17097 
0 0 0 0 0 0 0 3 14344 17088 
0 0 0 0 0 0 0 3 14354 17079 
0 0 0 0 0 0 0 3 14364 17070 
0 0 0 0 0 0 0 3 14374 17061 
0 0 0 0 0 0 0 3 14384 17052 
0 0 0 0 0 0 0 3 14394 17043 
0 0 0 0 0 0 0 3 14404 17034 
0 0 0 0 0 0 0 3 14414 17025 
0 0 0 0 0 0 0 3 14424 17016 
0 0 0 0 0 0 0 3 14434 17007 
0 0 0 0 0 0 0 3 14444 16998 
0 0 0 0 0 0 0 3 14454 16989 
0 0 0 0 0 0 0 3 14464 16980 
0 0 0 0 0 0 0 3 14474 16971 
0 0 0 0 0 0 0 3 14484 16962 
0 0 0 0 0 0 0 3 14494 16953 
0 0 0 0 0 0 0 3 14504 16944 
0 0 0 0 0 0 0 3 14514 16935 
0 0 0 0 0 0 0 3 14524 16926 
0 0 0 0 0 0 0 3 14534 16917 
0 0 0 0 0 0 0 3 14544 16908 
0 0 0 0 0 0 0 3 14554 16899 
0 0 0 0 0 0 0 3 14564 16890 
0 0 0 0 0 0 0 3 14574 16881 
0 0 0 0 0 0 0 3 14584 16872 
0 0 0 0 0 0 0 3 14594 16863 
0 0 0 0 0 0 0 3 14604 16854 
0 0 0 0 0 0 0 3 14614 16845 
0 0 0 0 0 0 0 3 14624 16836 
0 0 0 0 0 0 0 3 14634 16827 
0 0 0 0 0 0 0 3 14644 16818 
0 0 0 0 0 0 0 3 14654 16809 
0 0 0 0 0 0 0 3 14664 16800 
0 0 0 0 0 0 0 3 14674 16791 
0 0 0 0 0 0 0 3 14684 16782 
0 0 0 0 0 0 0 3 14694 16773 
0 0 0 0 0 0 0 3 14704 16764 
0 0 0 0 0 0 0 3 14714 16755 
0 0 0 0 0 0 0 3 14724 16746 
0 0 0 0 0 0 0 3 14734 16737 
0 0 0 0 0 0 0 3 14744 16728 
0 0 0 0 0 0 0 3 14754 16719 
0 0 0 0 0 0 0 3 14764 16710 
0 0 0 0 0 0 0 3 14774 16701 
0 0 0 0 0 0 0 3 14784 16692 
0 0 0 0 0 0 0 3 14794 16683 
0 0 0 0 0 0 0 3 14804 16674 
0 0 0 0 0 0 0 3 14814 16665 
0 0 0 0 0 0 0 3 14824 16656 
0 0 0 0 0 0 0 3 14834 16647 
0 0 0 0 0 0 0 3 14844 16638 
0 0 0 0 0 0 0 3 14854 16629 
0 0 0 0 0 0 0 3 14864 16620 
0 0 0 0 0 0 0 3 14874 16611 
0 0 0 0 0 0 0 3 14884 16602 
0 0 0 0 0 0 0 3 14894 16593 
0 0 0 0 0 0 0 3 14904 16584 
0 0 0 0 0 0 0 3 14914 16575 
0 0 0 0 0 0 0 3 14924 16566 
0 0 0 0 0 0 0 3 14934 16557 
0 0 0 0 0 0 0 3 14944 16548 
0 0 0 0 0 0 0 3 14954 16539 
0 0 0 0 0 0 0 3 14964 16530 
0 0 0 0 0 0 0 3 14974 16521 
0 0 0 0 0 0 0 3 14984 16512 
0 0 0 0 0 0 0 3 14994 16503 
0 0 0 0 0 0 0 3 15004 16494 
0 0 0 0 0 0 0 3 15014 16485 
0 0 0 0 0 0 0 3 15024 16476 
0 0 0 0 0 0 0 3 15034 16467 
0 0 0 0 0 0 0 3 15044 16458 
0 0 0 0 0 0 0 3 15054 16449 
0 0 0 0 0 0 0 3 15064 16440 
0 0 0 0 0 0 0 3 15074 16431 
0 0 0 0 0 0 0 3 15084 16422 
0 0 0 0 0 0 0 3 15094 16413 
0 0 0 0 0 0 0 3 15104 16404 
0 0 0 0 0 0 0 3 15114 16395 
0 0 0 0 0 0 0 3 15124 16386 
0 0 0 0 0 0 0 3 15134 16377 
0 0 0 0 0 0 0 3 15144 16368 
0 0 0 0 0 0 0 3 15154 16359 
0 0 0 0 0 0 0 3 15164 16350 
0 0 0 0 0 0 0 3 15174 16341 
0 0 0 0 0 0 0 3 15184 16332 
0 0 0 0 0 0 0 3 15194 16323 
0 0 0 0 0 0 0 3 15204 16314 
0 0 0 0 0 0 0 3 15214 16305 
0 0 0 0 0 0 0 3 15224 16296 
0 0 0 0 0 0 0 3 15234 16287 
0 0 0 0 0 0 0 3 15244 16278 
0 0 0 0 0 0 0 3 15254 16269 
0 0 0 0 0 0 0 3 15264 16260 
0 0 0 0 0 0 0 3 15274 16251 
0 0 0 0 0 0 0 3 15284 16242 
0 0 0 0 0 0 0 3 15294 16233 
0 0 0 0 0 0 0 3 15304 16224 
0 0 0 0 0 0 0 3 15314 16215 
0 0 0 0 0 0 0 3 15324 16206 
0 0 0 0 0 0 0 3 15334 16197 
0 0 0 0 0 0 0 3 15344 16188 
0 0 0 0 0 0 0 3 15354 16179 
0 0 0 0 0 0 0 3 15364 16170 
0 0 0 0 0 0 0 3 15374 16161 
0 0 0 0 0 0 0 3 15384 16152 
0 0 0 0 0 0 0 3 15394 16143 
0 0 0 0 0 0 0 3 15404 16134 
0 0 0 0 0 0 0 3 15414 16125 
0 0 0 0 0 0 0 3 15424 16116 
0 0 0 0 0 0 0 3 15434 16107 
0 0 0 0 0 0 0 3 15444 16098 
0 0 0 0 0 0 0 3 15454 16089 
0 0 0 0 0 0 0 3 15464 16080 
0 0 0 0 0 0 0 3 15474 16071 
0 0 0 0 0 0 0 3 15484 16062 
0 0 0 0 0 0 0 3 15494 16053 
0 0 0 0 0 0 0 3 15504 16044 
0 0 0 0 0 0 0 3 15514 16035 
0 0 0 0 0 0 0 3 15524 16026 
0 0 0 0 0 0 0 3 15534 16017 
0 0 0 0 0 0 0 3 15544 16008 
0 0 0 0 0 0 0 3 15554 15999 
0 0 0 0 0 0 0 3 15564 15990 
0 0 0 0 0 0 0 3 15574 15981 
0 0 0 0 0 0 0 3 15584 15972 
0 0 0 0 0 0 0 3 15594 15963 
0 0 0 0 0 0 0 3 15604 15954 
0 0 0 0 0 0 0 3 15614 15945 
0 0 0 0 0 0 0 3 15624 15936 
0 0 0 0 0 0 0 3 15634 15927 
0 0 0 0 0 0 0 3 15644 15918 
0 0 0 0 0 0 0 3 15654 15909 
0 0 0 0 0 0 0 3 15664 15900 
0 0 0 0 0 0 0 3 15674 15891 
0 0 0 0 0 0 0 3 15684 15882 
0 0 0 0 0 0 0 3 15694 15873 
0 0 0 0 0 0 0 3 15704 15864 
0 0 0 0 0 0 0 3 15714 15855 
0 0 0 0 0 0 0 3 15724 15846 
0 0 0 0 0 0 0 3 15734 15837 
0 0 0 0 0 0 0 3 15744 15828 
0 0 0 0 0 0 0 3 15754 15819 
0 0 0 0 0 0 0 3 15764 15810 
0 0 0 0 0 0 0 3 15774 15801 
0 0 0 0 0 0 0 3 15784 15792 
0 0 0 0 0 0 0 3 15794 15783 
0 0 0 0 0 0 0 3 15804 15774 
0 0 0 0 0 0 0 3 15814 15765 
0 0 0 0 0 0 0 3 15824 15756 
0 0 0 0 0 0 0 3 15834 15747 
0 0 0 0 0 0 0 3 15844 15738 
0 0 0 0 0 0 0 3 15854 15729 
0 0 0 0 0 0 0 3 15864 15720 
0 0 0 0 0 0 0 3 15874 15711 
0 0 0 0 0 0 0 3 15884 15702 
0 0 0 0 0 0 0 3 15894 15693 
0 0 0 0 0 0 0 3 15904 15684 
0 0 0 0 0 0 0 3 15914 15675 
0 0 0 0 0 0 0 3 15924 15666 
0 0 0 0 0 0 0 3 15934 15657 
0 0 0 0 0 0 0 3 15944 15648 
0 0 0 0 0 0 0 3 15954 15639 
0 0 0 0 0 0 0 3 15964 15630 
0 0 0 0 0 0 0 3 15974 15621 
0 0 0 0 0 0 0 3 15984 15612 
0 0 0 0 0 0 0 3 15994 15603 
0 0 0 0 0 0 0 3 16004 15594 
0 0 0 0 0 0 0 3 16014 15585 
0 0 0 0 0 0 0 3 16024 15576 
0 0 0 0 0 0 0 3 16034 15567 
0 0 0 0 0 0 0 3 16044 15558 
0 0 0 0 0 0 0 3 16054 15549 
0 0 0 0 0 0 0 3 16064 15540 
0 0 0 0 0 0 0 3 16074 15531 
0 0 0 0 0 0 0 3 16084 15522 
0 0 0 0 0 0 0 3 16094 15513 
0 0 0 0 0 0 0 3 16104 15504 
0 0 0 0 0 0 0 3 16114 15495 
0 0 0 0 0 0 0 3 16124 15486 
0 0 0 0 0 0 0 3 16134 15477 
0 0 0 0 0 0 0 3 16144 15468 
0 0 0 0 0 0 0 3 16154 15459 
0 0 0 0 0 0 0 3 16164 15450 
0 0 0 0 0 0 0 3 16174 15441 
0 0 0 0 0 0 0 3 16184 15432 
0 0 0 0 0 0 0 3 16194 15423 
0 0 0 0 0 0 0 3 16204 15414 
0 0 0 0 0 0 0 3 16214 15405 
0 0 0 0 0 0 0 3 16224 15396 
0 0 0 0 0 0 0 3 16234 15387 
0 0 0 0 0 0 0 3 16244 15378 
0 0 0 0 0 0 0 3 16254 15369 
0 0 0 0 0 0 0 3 16264 15360 
0 0 0 0 0 0 0 3 16274 15351 
0 0 0 0 0 0 0 3 16284 15342 
0 0 0 0 0 0 0 3 16294 15333 
0 0 0 0 0 0 0 3 16304 15324 
0 0 0 0 0 0 0 3 16314 15315 
0 0 0 0 0 0 0 3 16324 15306 
0 0 0 0 0 0 0 3 16334 15297 
0 0 0 0 0 0 0 3 16344 15288 
0 0 0 0 0 0 0 3 16354 15279 
0 0 0 0 0 0 0 3 16364 15270 
0 0 0 0 0 0 0 3 16374 15261 
0 0 0 0 0 0 0 3 16384 15252 
0 0 0 0 0 0 0 3 16394 15243 
0 0 0 0 0 0 0 3 16404 15234 
0 0 0 0 0 0 0 3 16414 15225 
0 0 0 0 0 0 0 3 16424 15216 
0 0 0 0 0 0 0 3 16434 15207 
0 0 0 0 0 0 0 3 16444 15198 
0 0 0 0 0 0 0 3 16454 15189 
0 0 0 0 0 0 0 3 16464 15180 
0 0 0 0 0 0 0 3 16474 15171 
0 0 0 0 0 0 0 3 16484 15162 
0 0 0 0 0 0 0 3 16494 15153 
0 0 0 0 0 0 0 3 16504 15144 
0 0 0 0 0 0 0 3 16514 15135 
0 0 0 0 0 0 0 3 16524 15126 
0 0 0 0 0 0 0 3 16534 15117 
0 0 0 0 0 0 0 3 16544 15108 
0 0 0 0 0 0 0 3 16554 15099 
0 0 0 0 0 0 0 3 16564 15090 
0 0 0 0 0 0 0 3 16574 15081 
0 0 0 0 0 0 0 3 16584 15072 
0 0 0 0 0 0 0 3 16594 15063 
0 0 0 0 0 0 0 3 16604 15054 
0 0 0 0 0 0 0 3 16614 15045 
0 0 0 0 0 0 0 3 16624 15036 
0 0 0 0 0 0 0 3 16634 15027 
0 0 0 0 0 0 0 3 16644 15018 
0 0 0 0 0 0 0 3 16654 15009 
0 0 0 0 0 0 0 3 16664 15000 
0 0 0 0 0 0 0 3 16674 14991 
0 0 0 0 0 0 0 3 16684 14982 
0 0 0 0 0 0 0 3 16694 14973 
0 0 0 0 0 0 0 3 16704 14964 
0 0 0 0 0 0 0 3 16714 14955 
0 0 0 0 0 0 0 3 16724 14946 
0 0 0 0 0 0 0 3 16734 14937 
0 0 0 0 0 0 0 3 16744 14928 
0 0 0 0 0 0 0 3 16754 14919 
0 0 0 0 0 0 0 3 16764 14910 
0 0 0 0 0 0 0 3 16774 14901 
0 0 0 0 0 0 0 3 16784 14892 
0 0 0 0 0 0 0 3 16794 14883 
0 0 0 0 0 0 0 3 16804 14874 
0 0 0 0 0 0 0 3 16814 14865 
0 0 0 0 0 0 0 3 16824 14856 
0 0 0 0 0 0 0 3 16834 14847 
0 0 0 0 0 0 0 3 16844 14838 
0 0 0 0 0 0 0 3 16854 14829 
0 0 0 0 0 0 0 3 16864 14820 
0 0 0 0 0 0 0 3 16874 14811 
0 0 0 0 0 0 0 3 16884 14802 
0 0 0 0 0 0 0 3 16894 14793 
0 0 0 0 0 0 0 3 16904 14784 
0 0 0 0 0 0 0 3 16914 14775 
0 0 0 0 0 0 0 3 16924 14766 
0 0 0 0 0 0 0 3 16934 14757 
0 0 0 0 0 0 0 3 16944 14748 
0 0 0 0 0 0 0 3 16954 14739 
0 0 0 0 0 0 0 3 16964 14730 
0 0 0 0 0 0 0 3 16974 14721 
0 0 0 0 0 0 0 3 16984 14712 
0 0 0 0 0 0 0 3 16994 14703 
0 0 0 0 0 0 0 3 17004 14694 
0 0 0 0 0 0 0 3 17014 14685 
0 0 0 0 0 0 0 3 17024 14676 
0 0 0 0 0 0 0 3 17034 14667 
0 0 0 0 0 0 0 3 17044 14658 
0 0 0 0 0 0 0 3 17054 14649 
0 0 0 0 0 0 0 3 17064 14640 
0 0 0 0 0 0 0 3 17074 14631 
0 0 0 0 0 0 0 3 17084 14622 
0 0 0 0 0 0 0 3 17094 14613 
0 0 0 0 0 0 0 3 17104 14604 
0 0 0 0 0 0 0 3 17114 14595 
0 0 0 0 0 0 0 3 17124 14586 
0 0 0 0 0 0 0 3 17134 14577 
0 0 0 0 0 0 0 3 17144 14568 
0 0 0 0 0 0 0 3 17154 14559 
0 0 0 0 0 0 0 3 17164 14550 
0 0 0 0 0 0 0 3 17174 14541 
0 0 0 0 0 0 0 3 17184 14532 
0 0 0 0 0 0 0 3 17194 14523 
0 0 0 0 0 0 0 3 17204 14514 
0 0 0 0 0 0 0 3 17214 14505 
0 0 0 0 0 0 0 3 17224 14496 
0 0 0 0 0 0 0 3 17234 14487 
0 0 0 0 0 0 0 3 17244 14478 
0 0 0 0 0 0 0 3 17254 14469 
0 0 0 0 0 0 0 3 17264 14460 
0 0 0 0 0 0 0 3 17274 14451 
0 0 0 0 0 0 0 3 17284 14442 
0 0 0 0 0 0 0 3 17294 14433 
0 0 0 0 0 0 0 3 17304 14424 
0 0 0 0 0 0 0 3 17314 14415 
0 0 0 0 0 0 0 3 17324 14406 
0 0 0 0 0 0 0 3 17334 14397 
0 0 0 0 0 0 0 3 17344 14388 
0 0 0 0 0 0 0 3 17354 14379 
0 0 0 0 0 0 0 3 17364 14370 
0 0 0 0 0 0 0 3 17374 14361 
0 0 0 0 0 0 0 3 17384 14352 
0 0 0 0 0 0 0 3 17394 14343 
0 0 0 0 0 0 0 3 17404 14334 
0 0 0 0 0 0 0 3 17414 14325 
0 0 0 0 0 0 0 3 17424 14316 
0 0 0 0 0 0 0 3 17434 14307 
0 0 0 0 0 0 0 3 17444 14298 
0 0 0 0 0 0 0 3 17454 14289 
0 0 0 0 0 0 0 3 17464 14280 
0 0 0 0 0 0 0 3 17474 14271 
0 0 0 0 0 0 0 3 17484 14262 
0 0 0 0 0 0 0 3 17494 14253 
0 0 0 0 0 0 0 3 17504 14244 
0 0 0 0 0 0 0 3 17514 14235 
0 0 0 0 0 0 0 3 17524 14226 
0 0 0 0 0 0 0 3 17534 14217 
0 0 0 0 0 0 0 3 17544 14208 
0 0 0 0 0 0 0 3 17554 14199 
0 0 0 0 0 0 0 3 17564 14190 
0 0 0 0 0 0 0 3 17574 14181 
0 0 0 0 0 0 0 3 17584 14172 
0 0 0 0 0 0 0 3 17594 14163 
0 0 0 0 0 0 0 3 17604 14154 
0 0 0 0 0 0 0 3 17614 14145 
0 0 0 0 0 0 0 3 17624 14136 
0 0 0 0 0 0 0 3 17634 14127 
0 0 0 0 0 0 0 3 17644 14118 
0 0 0 0 0 0 0 3 17654 14109 
0 0 0 0 0 0 0 3 17664 14100 
0 0 0 0 0 0 0 3 17674 14091 
0 0 0 0 0 0 0 3 17684 14082 
0 0 0 0 0 0 0 3 17694 14073 
0 0 0 0 0 0 0 3 17704 14064 
0 0 0 0 0 0 0 3 17714 14055 
0 0 0 0 0 0 0 3 17724 14046 
0 0 0 0 0 0 0 3 17734 14037 
0 0 0 0 0 0 0 3 17744 14028 
0 0 0 0 0 0 0 3 17754 14019 
0 0 0 0 0 0 0 3 17764 14010 
0 0 0 0 0 0 0 3 17774 14001 
0 0 0 0 0 0 0 3 17784 13992 
0 0 0 0 0 0 0 3 17794 13983 
0 0 0 0 0 0 0 3 17804 13974 
0 0 0 0 0 0 0 3 17814 13965 
0 0 0 0 0 0 0 3 17824 13956 
0 0 0 0 0 0 0 3 17834 13947 
0 0 0 0 0 0 0 3 17844 13938 
0 0 0 0 0 0 0 3 17854 13929 
0 0 0 0 0 0 0 3 17864 13920 
0 0 0 0 0 0 0 3 17874 13911 
0 0 0 0 0 0 0 3 17884 13902 
0 0 0 0 0 0 0 3 17894 13893 
0 0 0 0 0 0 0 3 17904 13884 
0 0 0 0 0 0 0 3 17914 13875 
0 0 0 0 0 0 0 3 17924 13866 
0 0 0 0 0 0 0 3 17934 13857 
0 0 0 0 0 0 0 3 17944 13848 
0 0 0 0 0 0 0 3 17954 13839 
0 0 0 0 0 0 0 3 17964 13830 
0 0 0 0 0 0 0 3 17974 13821 
0 0 0 0 0 0 0 3 17984 13812 
0 0 0 0 0 0 0 3 17994 13803 
0 0 0 0 0 0 0 3 18004 13794 
0 0 0 0 0 0 0 3 18014 13785 
0 0 0 0 0 0 0 3 18024 13776 
0 0 0 0 0 0 0 3 18034 13767 
0 0 0 0 0 0 0 3 18044 13758 
0 0 0 0 0 0 0 3 18054 13749 
0 0 0 0 0 0 0 3 18064 13740 
0 0 0 0 0 0 0 3 18074 13731 
0 0 0 0 0 0 0 3 18084 13722 
0 0 0 0 0 0 0 3 18094 13713 
0 0 0 0 0 0 0 3 18104 13704 
0 0 0 0 0 0 0 3 18114 13695 
0 0 0 0 0 0 0 3 18124 13686 
0 0 0 0 0 0 0 3 18134 13677 
0 0 0 0 0 0 0 3 18144 13668 
0 0 0 0 0 0 0 3 18154 13659 
0 0 0 0 0 0 0 3 18164 13650 
0 0 0 0 0 0 0 3 18174 13641 
0 0 0 0 0 0 0 3 18184 13632 
0 0 0 0 0 0 0 3 18194 13623 
0 0 0 0 0 0 0 3 18204 13614 
0 0 0 0 0 0 0 3 18214 13605 
0 0 0 0 0 0 0 3 18224 13596 
0 0 0 0 0 0 0 3 18234 13587 
0 0 0 0 0 0 0 3 18244 13578 
0 0 0 0 0 0 0 3 18254 13569 
0 0 0 0 0 0 0 3 18264 13560 
0 0 0 0 0 0 0 3 18274 13551 
0 0 0 0 0 0 0 3 18284 13542 
0 0 0 0 0 0 0 3 18294 13533 
0 0 0 0 0 0 0 3 18304 13524 
0 0 0 0 0 0 0 3 18314 13515 
0 0 0 0 0 0 0 3 18324 13506 
0 0 0 0 0 0 0 3 18334 13497 
0 0 0 0 0 0 0 3 18344 13488 
0 0 0 0 0 0 0 3 18354 13479 
0 0 0 0 0 0 0 3 18364 13470 
0 0 0 0 0 0 0 3 18374 13461 
0 0 0 0 0 0 0 3 18384 13452 
0 0 0 0 0 0 0 3 18394 13443 
0 0 0 0 0 0 0 3 18404 13434 
0 0 0 0 0 0 0 3 18414 13425 
0 0 0 0 0 0 0 3 18424 13416 
0 0 0 0 0 0 0 3 18434 13407 
0 0 0 0 0 0 0 3 18444 13398 
0 0 0 0 0 0 0 3 18454 13389 
0 0 0 0 0 0 0 3 18464 13380 
0 0 0 0 0 0 0 3 18474 13371 
0 0 0 0 0 0 0 3 18484 13362 
0 0 0 0 0 0 0 3 18494 13353 
0 0 0 0 0 0 0 3 18504 13344 
0 0 0 0 0 0 0 3 18514 13335 
0 0 0 0 0 0 0 3 18524 13326 
0 0 0 0 0 0 0 3 18534 13317 
0 0 0 0 0 0 0 3 18544 13308 
0 0 0 0 0 0 0 3 18554 13299 
0 0 0 0 0 0 0 3 18564 13290 
0 0 0 0 0 0 0 3 18574 13281 
0 0 0 0 0 0 0 3 18584 13272 
0 0 0 0 0 0 0 3 18594 13263 
0 0 0 0 0 0 0 3 18604 13254 
0 0 0 0 0 0 0 3 18614 13245 
0 0 0 0 0 0 0 3 18624 13236 
0 0 0 0 0 0 0 3 18634 13227 
0 0 0 0 0 0 0 3 18644 13218 
0 0 0 0 0 0 0 3 18654 13209 
0 0 0 0 0 0 0 3 18664 13200 
0 0 0 0 0 0 0 3 18674 13191 
0 0 0 0 0 0 0 3 18684 13182 
0 0 0 0 0 0 0 3 18694 13173 
0 0 0 0 0 0 0 3 18704 13164 
0 0 0 0 0 0 0 3 18714 13155 
0 0 0 0 0 0 0 3 18724 13146 
0 0 0 0 0 0 0 3 18734 13137 
0 0 0 0 0 0 0 3 18744 13128 
0 0 0 0 0 0 0 3 18754 13119 
0 0 0 0 0 0 0 3 18764 13110 
0 0 0 0 0 0 0 3 18774 13101 
0 0 0 0 0 0 0 3 18784 13092 
0 0 0 0 0 0 0 3 18794 13083 
0 0 0 0 0 0 0 3 18804 13074 
0 0 0 0 0 0 0 3 18814 13065 
0 0 0 0 0 0 0 3 18824 13056 
0 0 0 0 0 0 0 3 18834 13047 
0 0 0 0 0 0 0 3 18844 13038 
0 0 0 0 0 0 0 3 18854 13029 
0 0 0 0 0 0 0 3 18864 13020 
0 0 0 0 0 0 0 3 18874 13011 
0 0 0 0 0 0 0 3 18884 13002 
0 0 0 0 0 0 0 3 18894 12993 
0 0 0 0 0 0 0 3 18904 12984 
0 0 0 0 0 0 0 3 18914 12975 
0 0 0 0 0 0 0 3 18924 12966 
0 0 0 0 0 0 0 3 18934 12957 
0 0 0 0 0 0 0 3 18944 12948 
0 0 0 0 0 0 0 3 18954 12939 
0 0 0 0 0 0 0 3 18964 12930 
0 0 0 0 0 0 0 3 18974 12921 
0 0 0 0 0 0 0 3 18984 12912 
0 0 0 0 0 0 0 3 18994 12903 
0 0 0 0 0 0 0 3 19004 12894 
0 0 0 0 0 0 0 3 19014 12885 
0 0 0 0 0 0 0 3 19024 12876 
0 0 0 0 0 0 0 3 19034 12867 
0 0 0 0 0 0 0 3 19044 12858 
0 0 0 0 0 0 0 3 19054 12849 
0 0 0 0 0 0 0 3 19064 12840 
0 0 0 0 0 0 0 3 19074 12831 
0 0 0 0 0 0 0 3 19084 12822 
0 0 0 0 0 0 0 3 19094 12813 
0 0 0 0 0 0 0 3 19104 12804 
0 0 0 0 0 0 0 3 19114 12795 
0 0 0 0 0 0 0 3 19124 12786 
0 0 0 0 0 0 0 3 19134 12777 
0 0 0 0 0 0 0 3 19144 12768 
0 0 0 0 0 0 0 3 19154 12759 
0 0 0 0 0 0 0 3 19164 12750 
0 0 0 0 0 0 0 3 19174 12741 
0 0 0 0 0 0 0 3 19184 12732 
0 0 0 0 0 0 0 3 19194 12723 
0 0 0 0 0 0 0 3 19204 12714 
0 0 0 0 0 0 0 3 19214 12705 
0 0 0 0 0 0 0 3 19224 12696 
0 0 0 0 0 0 0 3 19234 12687 
0 0 0 0 0 0 0 3 19244 12678 
0 0 0 0 0 0 0 3 19254 12669 
0 0 0 0 0 0 0 3 19264 12660 
0 0 0 0 0 0 0 3 19274 12651 
0 0 0 0 0 0 0 3 19284 12642 
0 0 0 0 0 0 0 3 19294 12633 
0 0 0 0 0 0 0 3 19304 12624 
0 0 0 0 0 0 0 3 19314 12615 
0 0 0 0 0 0 0 3 19324 12606 
0 0 0 0 0 0 0 3 19334 12597 
0 0 0 0 0 0 0 3 19344 12588 
0 0 0 0 0 0 0 3 19354 12579 
0 0 0 0 0 0 0 3 19364 12570 
0 0 0 0 0 0 0 3 19374 12561 
0 0 0 0 0 0 0 3 19384 12552 
0 0 0 0 0 0 0 3 19394 12543 
0 0 0 0 0 0 0 3 19404 12534 
0 0 0 0 0 0 0 3 19414 12525 
0 0 0 0 0 0 0 3 19424 12516 
0 0 0 0 0 0 0 3 19434 12507 
0 0 0 0 0 0 0 3 19444 12498 
0 0 0 0 0 0 0 3 19454 12489 
0 0 0 0 0 0 0 3 19464 12480 
0 0 0 0 0 0 0 3 19474 12471 
0 0 0 0 0 0 0 3 19484 12462 
0 0 0 0 0 0 0 3 19494 12453 
0 0 0 0 0 0 0 3 19504 12444 
0 0 0 0 0 0 0 3 19514 12435 
0 0 0 0 0 0 0 3 19524 12426 
0 0 0 0 0 0 0 3 19534 12417 
0 0 0 0 0 0 0 3 19544 12408 
0 0 0 0 0 0 0 3 19554 12399 
0 0 0 0 0 0 0 3 19564 12390 
0 0 0 0 0 0 0 3 19574 12381 
0 0 0 0 0 0 0 3 19584 12372 
0 0 0 0 0 0 0 3 19594 12363 
0 0 0 0 0 0 0 3 19604 12354 
0 0 0 0 0 0 0 3 19614 12345 
0 0 0 0 0 0 0 3 19624 12336 
0 0 0 0 0 0 0 3 19634 12327 
0 0 0 0 0 0 0 3 19644 12318 
0 0 0 0 0 0 0 3 19654 12309 
0 0 0 0 0 0 0 3 19664 12300 
0 0 0 0 0 0 0 3 19674 12291 
0 0 0 0 0 0 0 3 19684 12282 
0 0 0 0 0 0 0 3 19694 12273 
0 0 0 0 0 0 0 3 19704 12264 
0 0 0 0 0 0 0 3 19714 12255 
0 0 0 0 0 0 0 3 19724 12246 
0 0 0 0 0 0 0 3 19734 12237 
0 0 0 0 0 0 0 3 19744 12228 
0 0 0 0 0 0 0 3 19754 12219 
0 0 0 0 0 0 0 3 19764 12210 
0 0 0 0 0 0 0 3 19774 12201 
0 0 0 0 0 0 0 3 19784 12192 
0 0 0 0 0 0 0 3 19794 12183 
0 0 0 0 0 0 0 3 19804 12174 
0 0 0 0 0 0 0 3 19814 12165 
0 0 0 0 0 0 0 3 19824 12156 
0 0 0 0 0 0 0 3 19834 12147 
0 0 0 0 0 0 0 3 19844 12138 
0 0 0 0 0 0 0 3 19854 12129 
0 0 0 0 0 0 0 3 19864 12120 
0 0 0 0 0 0 0 3 19874 12111 
0 0 0 0 0 0 0 3 19884 12102 
0 0 0 0 0 0 0 3 19894 12093 
0 0 0 0 0 0 0 3 19904 12084 
0 0 0 0 0 0 0 3 19914 12075 
0 0 0 0 0 0 0 3 19924 12066 
0 0 0 0 0 0 0 3 19934 12057 
0 0 0 0 0 0 0 3 19944 12048 
0 0 0 0 0 0 0 3 19954 12039 
0 0 0 0 0 0 0 3 19964 12030 
0 0 0 0 0 0 0 3 19974 12021 
0 0 0 0 0 0 0 3 19984 12012 
0 0 0 0 0 0 0 3 19994 12003 
0 0 0 0 0 0 0 3 20004 11994 
0 0 0 0 0 0 0 3 20014 11985 
0 0 0 0 0 0 0 3 20024 11976 
0 0 0 0 0 0 0 3 20034 11967 
0 0 0 0 0 0 0 3 20044 11958 
0 0 0 0 0 0 0 3 20054 11949 
0 0 0 0 0 0 0 3 20064 11940 
0 0 0 0 0 0 0 3 20074 11931 
0 0 0 0 0 0 0 3 20084 11922 
0 0 0 0 0 0 0 3 20094 11913 
0 0 0 0 0 0 0 3 20104 11904 
0 0 0 0 0 0 0 3 20114 11895 
0 0 0 0 0 0 0 3 20124 11886 
0 0 0 0 0 0 0 3 20134 11877 
0 0 0 0 0 0 0 3 20144 11868 
0 0 0 0 0 0 0 3 20154 11859 
0 0 0 0 0 0 0 3 20164 11850 
0 0 0 0 0 0 0 3 20174 11841 
0 0 0 0 0 0 0 3 20184 11832 
0 0 0 0 0 0 0 3 20194 11823 
0 0 0 0 0 0 0 3 20204 11814 
0 0 0 0 0 0 0 3 20214 11805 
0 0 0 0 0 0 0 3 20224 11796 
0 0 0 0 0 0 0 3 20234 11787 
0 0 0 0 0 0 0 3 20244 11778 
0 0 0 0 0 0 0 3 20254 11769 
0 0 0 0 0 0 0 3 20264 11760 
0 0 0 0 0 0 0 3 20274 11751 
0 0 0 0 0 0 0 3 20284 11742 
0 0 0 0 0 0 0 3 20294 11733 
0 0 0 0 0 0 0 3 20304 11724 
0 0 0 0 0 0 0 3 20314 11715 
0 0 0 0 0 0 0 3 20324 11706 
0 0 0 0 0 0 0 3 20334 11697 
0 0 0 0 0 0 0 3 20344 11688 
0 0 0 0 0 0 0 3 20354 11679 
0 0 0 0 0 0 0 3 20364 11670 
0 0 0 0 0 0 0 3 20374 11661 
0 0 0 0 0 0 0 3 20384 11652 
0 0 0 0 0 0 0 3 20394 11643 
0 0 0 0 0 0 0 3 20404 11634 
0 0 0 0 0 0 0 3 20414 11625 
0 0 0 0 0 0 0 3 20424 11616 
0 0 0 0 0 0 0 3 20434 11607 
0 0 0 0 0 0 0 3 20444 11598 
0 0 0 0 0 0 0 3 20454 11589 
0 0 0 0 0 0 0 3 20464 11580 
0 0 0 0 0 0 0 3 20474 11571 
0 0 0 0 0 0 0 3 20484 11562 
0 0 0 0 0 0 0 3 20494 11553 
0 0 0 0 0 0 0 3 20504 11544 
0 0 0 0 0 0 0 3 20514 11535 
0 0 0 0 0 0 0 3 20524 11526 
0 0 0 0 0 0 0 3 20534 11517 
0 0 0 0 0 0 0 3 20544 11508 
0 0 0 0 0 0 0 3 20554 11499 
0 0 0 0 0 0 0 3 20564 11490 
0 0 0 0 0 0 0 3 20574 11481 
0 0 0 0 0 0 0 3 20584 11472 
0 0 0 0 0 0 0 3 20594 11463 
0 0 0 0 0 0 0 3 20604 11454 
0 0 0 0 0 0 0 3 20614 11445 
0 0 0 0 0 0 0 3 20624 11436 
0 0 0 0 0 0 0 3 20634 11427 
0 0 0 0 0 0 0 3 20644 11418 
0 0 0 0 0 0 0 3 20654 11409 
0 0 0 0 0 0 0 3 20664 11400 
0 0 0 0 0 0 0 3 20674 11391 
0 0 0 0 0 0 0 3 20684 11382 
0 0 0 0 0 0 0 3 20694 11373 
0 0 0 0 0 0 0 3 20704 11364 
0 0 0 0 0 0 0 3 20714 11355 
0 0 0 0 0 0 0 3 20724 11346 
0 0 0 0 0 0 0 3 20734 11337 
0 0 0 0 0 0 0 3 20744 11328 
0 0 0 0 0 0 0 3 20754 11319 
0 0 0 0 0 0 0 3 20764 11310 
0 0 0 0 0 0 0 3 20774 11301 
0 0 0 0 0 0 0 3 20784 11292 
0 0 0 0 0 0 0 3 20794 11283 
0 0 0 0 0 0 0 3 20804 11274 
0 0 0 0 0 0 0 3 20814 11265 
0 0 0 0 0 0 0 3 20824 11256 
0 0 0 0 0 0 0 3 20834 11247 
0 0 0 0 0 0 0 3 20844 11238 
0 0 0 0 0 0 0 3 20854 11229 
0 0 0 0 0 0 0 3 20864 11220 
0 0 0 0 0 0 0 3 20874 11211 
0 0 0 0 0 0 0 3 20884 11202 
0 0 0 0 0 0 0 3 20894 11193 
0 0 0 0 0 0 0 3 20904 11184 
0 0 0 0 0 0 0 3 20914 11175 
0 0 0 0 0 0 0 3 20924 11166 
0 0 0 0 0 0 0 3 20934 11157 
0 0 0 0 0 0 0 3 20944 11148 
0 0 0 0 0 0 0 3 20954 11139 
0 0 0 0 0 0 0 3 20964 11130 
0 0 0 0 0 0 0 3 20974 11121 
0 0 0 0 0 0 0 3 20984 11112 
0 0 0 0 0 0 0 3 20994 11103 
0 0 0 0 0 0 0 3 21004 11094 
0 0 0 0 0 0 0 3 21014 11085 
0 0 0 0 0 0 0 3 21024 11076 
0 0 0 0 0 0 0 3 21034 11067 
0 0 0 0 0 0 0 3 21044 11058 
0 0 0 0 0 0 0 3 21054 11049 
0 0 0 0 0 0 0 3 21064 11040 
0 0 0 0 0 0 0 3 21074 11031 
0 0 0 0 0 0 0 3 21084 11022 
0 0 0 0 0 0 0 3 21094 11013 
0 0 0 0 0 0 0 3 21104 11004 
0 0 0 0 0 0 0 3 21114 10995 
0 0 0 0 0 0 0 3 21124 10986 
0 0 0 0 0 0 0 3 21134 10977 
0 0 0 0 0 0 0 3 21144 10968 
0 0 0 0 0 0 0 3 21154 10959 
0 0 0 0 0 0 0 3 21164 10950 
0 0 0 0 0 0 0 3 21174 10941 
0 0 0 0 0 0 0 3 21184 10932 
0 0 0 0 0 0 0 3 21194 10923 
0 0 0 0 0 0 0 3 21204 10914 
0 0 0 0 0 0 0 3 21214 10905 
0 0 0 0 0 0 0 3 21224 10896 
0 0 0 0 0 0 0 3 21234 10887 
0 0 0 0 0 0 0 3 21244 10878 
0 0 0 0 0 0 0 3 21254 10869 
0 0 0 0 0 0 0 3 21264 10860 
0 0 0 0 0 0 0 3 21274 10851 
0 0 0 0 0 0 0 3 21284 10842 
0 0 0 0 0 0 0 3 21294 10833 
0 0 0 0 0 0 0 3 21304 10824 
0 0 0 0 0 0 0 3 21314 10815 
0 0 0 0 0 0 0 3 21324 10806 
0 0 0 0 0 0 0 3 21334 10797 
0 0 0 0 0 0 0 3 21344 10788 
0 0 0 0 0 0 0 3 21354 10779 
0 0 0 0 0 0 0 3 21364 10770 
0 0 0 0 0 0 0 3 21374 10761 
0 0 0 0 0 0 0 3 21384 10752 
0 0 0 0 0 0 0 3 21394 10743 
0 0 0 0 0 0 0 3 21404 10734 
0 0 0 0 0 0 0 3 21414 10725 
0 0 0 0 0 0 0 3 21424 10716 
0 0 0 0 0 0 0 3 21434 10707 
0 0 0 0 0 0 0 3 21444 10698 
0 0 0 0 0 0 0 3 21454 10689 
0 0 0 0 0 0 0 3 21464 10680 
0 0 0 0 0 0 0 3 21474 10671 
0 0 0 0 0 0 0 3 21484 10662 
0 0 0 0 0 0 0 3 21494 10653 
0 0 0 0 0 0 0 3 21504 10644 
0 0 0 0 0 0 0 3 21514 10635 
0 0 0 0 0 0 0 3 21524 10626 
0 0 0 0 0 0 0 3 21534 10617 
0 0 0 0 0 0 0 3 21544 10608 
0 0 0 0 0 0 0 3 21554 10599 
0 0 0 0 0 0 0 3 21564 10590 
0 0 0 0 0 0 0 3 21574 10581 
0 0 0 0 0 0 0 3 21584 10572 
0 0 0 0 0 0 0 3 21594 10563 
0 0 0 0 0 0 0 3 21604 10554 
0 0 0 0 0 0 0 3 21614 10545 
0 0 0 0 0 0 0 3 21624 10536 
0 0 0 0 0 0 0 3 21634 10527 
0 0 0 0 0 0 0 3 21644 10518 
0 0 0 0 0 0 0 3 21654 10509 
0 0 0 0 0 0 0 3 21664 10500 
0 0 0 0 0 0 0 3 21674 10491 
0 0 0 0 0 0 0 3 21684 10482 
0 0 0 0 0 0 0 3 21694 10473 
0 0 0 0 0 0 0 3 21704 10464 
0 0 0 0 0 0 0 3 21714 10455 
0 0 0 0 0 0 0 3 21724 10446 
0 0 0 0 0 0 0 3 21734 10437 
0 0 0 0 0 0 0 3 21744 10428 
0 0 0 0 0 0 0 3 21754 10419 
0 0 0 0 0 0 0 3 21764 10410 
0 0 0 0 0 0 0 3 21774 10401 
0 0 0 0 0 0 0 3 21784 10392 
0 0 0 0 0 0 0 3 21794 10383 
0 0 0 0 0 0 0 3 21804 10374 
0 0 0 0 0 0 0 3 21814 10365 
0 0 0 0 0 0 0 3 21824 10356 
0 0 0 0 0 0 0 3 21834 10347 
0 0 0 0 0 0 0 3 21844 10338 
0 0 0 0 0 0 0 3 21854 10329 
0 0 0 0 0 0 0 3 21864 10320 
0 0 0 0 0 0 0 3 21874 10311 
0 0 0 0 0 0 0 3 21884 10302 
0 0 0 0 0 0 0 3 21894 10293 
0 0 0 0 0 0 0 3 21904 10284 
0 0 0 0 0 0 0 3 21914 10275 
0 0 0 0 0 0 0 3 21924 10266 
0 0 0 0 0 0 0 3 21934 10257 
0 0 0 0 0 0 0 3 21944 10248 
0 0 0 0 0 0 0 3 21954 10239 
0 0 0 0 0 0 0 3 21964 10230 
0 0 0 0 0 0 0 3 21974 10221 
0 0 0 0 0 0 0 3 21984 10212 
0 0 0 0 0 0 0 3 21994 10203 
0 0 0 0 0 0 0 3 22004 10194 
0 0 0 0 0 0 0 3 22014 10185 
0 0 0 0 0 0 0 3 22024 10176 
0 0 0 0 0 0 0 3 22034 10167 
0 0 0 0 0 0 0 3 22044 10158 
0 0 0 0 0 0 0 3 22054 10149 
0 0 0 0 0 0 0 3 22064 10140 
0 0 0 0 0 0 0 3 22074 10131 
0 0 0 0 0 0 0 3 22084 10122 
0 0 0 0 0 0 0 3 22094 10113 
0 0 0 0 0 0 0 3 22104 10104 
0 0 0 0 0 0 0 3 22114 10095 
0 0 0 0 0 0 0 3 22124 10086 
0 0 0 0 0 0 0 3 22134 10077 
0 0 0 0 0 0 0 3 22144 10068 
0 0 0 0 0 0 0 3 22154 10059 
0 0 0 0 0 0 0 3 22164 10050 
0 0 0 0 0 0 0 3 22174 10041 
0 0 0 0 0 0 0 3 22184 10032 
0 0 0 0 0 0 0 3 22194 10023 
0 0 0 0 0 0 0 3 22204 10014 
0 0 0 0 0 0 0 3 22214 10005 
0 0 0 0 0 0 0 3 22224 9996 
0 0 0 0 0 0 0 3 22234 9987 
0 0 0 0 0 0 0 3 22244 9978 
0 0 0 0 0 0 0 3 22254 9969 
0 0 0 0 0 0 0 3 22264 9960 
0 0 0 0 0 0 0 3 22274 9951 
0 0 0 0 0 0 0 3 22284 9942 
0 0 0 0 0 0 0 3 22294 9933 
0 0 0 0 0 0 0 3 22304 9924 
0 0 0 0 0 0 0 3 22314 9915 
0 0 0 0 0 0 0 3 22324 9906 
0 0 0 0 0 0 0 3 22334 9897 
0 0 0 0 0 0 0 3 22344 9888 
0 0 0 0 0 0 0 3 22354 9879 
0 0 0 0 0 0 0 3 22364 9870 
0 0 0 0 0 0 0 3 22374 9861 
0 0 0 0 0 0 0 3 22384 9852 
0 0 0 0 0 0 0 3 22394 9843 
0 0 0 0 0 0 0 3 22404 9834 
0 0 0 0 0 0 0 3 22414 9825 
0 0 0 0 0 0 0 3 22424 9816 
0 0 0 0 0 0 0 3 22434 9807 
0 0 0 0 0 0 0 3 22444 9798 
0 0 0 0 0 0 0 3 22454 9789 
0 0 0 0 0 0 0 3 22464 9780 
0 0 0 0 0 0 0 3 22474 9771 
0 0 0 0 0 0 0 3 22484 9762 
0 0 0 0 0 0 0 3 22494 9753 
0 0 0 0 0 0 0 3 22504 9744 
0 0 0 0 0 0 0 3 22514 9735 
0 0 0 0 0 0 0 3 22524 9726 
0 0 0 0 0 0 0 3 22534 9717 
0 0 0 0 0 0 0 3 22544 9708 
0 0 0 0 0 0 0 3 22554 9699 
0 0 0 0 0 0 0 3 22564 9690 
0 0 0 0 0 0 0 3 22574 9681 
0 0 0 0 0 0 0 3 22584 9672 
0 0 0 0 0 0 0 3 22594 9663 
0 0 0 0 0 0 0 3 22604 9654 
0 0 0 0 0 0 0 3 22614 9645 
0 0 0 0 0 0 0 3 22624 9636 
0 0 0 0 0 0 0 3 22634 9627 
0 0 0 0 0 0 0 3 22644 9618 
0 0 0 0 0 0 0 3 22654 9609 
0 0 0 0 0 0 0 3 22664 9600 
0 0 0 0 0 0 0 3 22674 9591 
0 0 0 0 0 0 0 3 22684 9582 
0 0 0 0 0 0 0 3 22694 9573 
0 0 0 0 0 0 0 3 22704 9564 
0 0 0 0 0 0 0 3 22714 9555 
0 0 0 0 0 0 0 3 22724 9546 
0 0 0 0 0 0 0 3 22734 9537 
0 0 0 0 0 0 0 3 22744 9528 
0 0 0 0 0 0 0 3 22754 9519 
0 0 0 0 0 0 0 3 22764 9510 
0 0 0 0 0 0 0 3 22774 9501 
0 0 0 0 0 0 0 3 22784 9492 
0 0 0 0 0 0 0 3 22794 9483 
0 0 0 0 0 0 0 3 22804 9474 
0 0 0 0 0 0 0 3 22814 9465 
0 0 0 0 0 0 0 3 22824 9456 
0 0 0 0 0 0 0 3 22834 9447 
0 0 0 0 0 0 0 3 22844 9438 
0 0 0 0 0 0 0 3 22854 9429 
0 0 0 0 0 0 0 3 22864 9420 
0 0 0 0 0 0 0 3 22874 9411 
0 0 0 0 0 0 0 3 22884 9402 
0 0 0 0 0 0 0 3 22894 9393 
0 0 0 0 0 0 0 3 22904 9384 
0 0 0 0 0 0 0 3 22914 9375 
0 0 0 0 0 0 0 3 22924 9366 
0 0 0 0 0 0 0 3 22934 9357 
0 0 0 0 0 0 0 3 22944 9348 
0 0 0 0 0 0 0 3 22954 9339 
0 0 0 0 0 0 0 3 22964 9330 
0 0 0 0 0 0 0 3 22974 9321 
0 0 0 0 0 0 0 3 22984 9312 
0 0 0 0 0 0 0 3 22994 9303 
0 0 0 0 0 0 0 3 23004 9294 
0 0 0 0 0 0 0 3 23014 9285 
0 0 0 0 0 0 0 3 23024 9276 
0 0 0 0 0 0 0 3 23034 9267 
0 0 0 0 0 0 0 3 23044 9258 
0 0 0 0 0 0 0 3 23054 9249 
0 0 0 0 0 0 0 3 23064 9240 
0 0 0 0 0 0 0 3 23074 9231 
0 0 0 0 0 0 0 3 23084 9222 
0 0 0 0 0 0 0 3 23094 9213 
0 0 0 0 0 0 0 3 23104 9204 
0 0 0 0 0 0 0 3 23114 9195 
0 0 0 0 0 0 0 3 23124 9186 
0 0 0 0 0 0 0 3 23134 9177 
0 0 0 0 0 0 0 3 23144 9168 
0 0 0 0 0 0 0 3 23154 9159 
0 0 0 0 0 0 0 3 23164 9150 
0 0 0 0 0 0 0 3 23174 9141 
0 0 0 0 0 0 0 3 23184 9132 
0 0 0 0 0 0 0 3 23194 9123 
0 0 0 0 0 0 0 3 23204 9114 
0 0 0 0 0 0 0 3 23214 9105 
0 0 0 0 0 0 0 3 23224 9096 
0 0 0 0 0 0 0 3 23234 9087 
0 0 0 0 0 0 0 3 23244 9078 
0 0 0 0 0 0 0 3 23254 9069 
0 0 0 0 0 0 0 3 23264 9060 
0 0 0 0 0 0 0 3 23274 9051 
0 0 0 0 0 0 0 3 23284 9042 
0 0 0 0 0 0 0 3 23294 9033 
0 0 0 0 0 0 0 3 23304 9024 
0 0 0 0 0 0 0 3 23314 9015 
0 0 0 0 0 0 0 3 23324 9006 
0 0 0 0 0 0 0 3 23334 8997 
0 0 0 0 0 0 0 3 23344 8988 
0 0 0 0 0 0 0 3 23354 8979 
0 0 0 0 0 0 0 3 23364 8970 
0 0 0 0 0 0 0 3 23374 8961 
0 0 0 0 0 0 0 3 23384 8952 
0 0 0 0 0 0 0 3 23394 8943 
0 0 0 0 0 0 0 3 23404 8934 
0 0 0 0 0 0 0 3 23414 8925 
0 0 0 0 0 0 0 3 23424 8916 
0 0 0 0 0 0 0 3 23434 8907 
0 0 0 0 0 0 0 3 23444 8898 
0 0 0 0 0 0 0 3 23454 8889 
0 0 0 0 0 0 0 3 23464 8880 
0 0 0 0 0 0 0 3 23474 8871 
0 0 0 0 0 0 0 3 23484 8862 
0 0 0 0 0 0 0 3 23494 8853 
0 0 0 0 0 0 0 3 23504 8844 
0 0 0 0 0 0 0 3 23514 8835 
0 0 0 0 0 0 0 3 23524 8826 
0 0 0 0 0 0 0 3 23534 8817 
0 0 0 0 0 0 0 3 23544 8808 
0 0 0 0 0 0 0 3 23554 8799 
0 0 0 0 0 0 0 3 23564 8790 
0 0 0 0 0 0 0 3 23574 8781 
0 0 0 0 0 0 0 3 23584 8772 
0 0 0 0 0 0 0 3 23594 8763 
0 0 0 0 0 0 0 3 23604 8754 
0 0 0 0 0 0 0 3 23614 8745 
0 0 0 0 0 0 0 3 23624 8736 
0 0 0 0 0 0 0 3 23634 8727 
0 0 0 0 0 0 0 3 23644 8718 
0 0 0 0 0 0 0 3 23654 8709 
0 0 0 0 0 0 0 3 23664 8700 
0 0 0 0 0 0 0 3 23674 8691 
0 0 0 0 0 0 0 3 23684 8682 
0 0 0 0 0 0 0 3 23694 8673 
0 0 0 0 0 0 0 3 23704 8664 
0 0 0 0 0 0 0 3 23714 8655 
0 0 0 0 0 0 0 3 23724 8646 
0 0 0 0 0 0 0 3 23734 8637 
0 0 0 0 0 0 0 3 23744 8628 
0 0 0 0 0 0 0 3 23754 8619 
0 0 0 0 0 0 0 3 23764 8610 
0 0 0 0 0 0 0 3 23774 8601 
0 0 0 0 0 0 0 3 23784 8592 
0 0 0 0 0 0 0 3 23794 8583 
0 0 0 0 0 0 0 3 23804 8574 
0 0 0 0 0 0 0 3 23814 8565 
0 0 0 0 0 0 0 3 23824 8556 
0 0 0 0 0 0 0 3 23834 8547 
0 0 0 0 0 0 0 3 23844 8538 
0 0 0 0 0 0 0 3 23854 8529 
0 0 0 0 0 0 0 3 23864 8520 
0 0 0 0 0 0 0 3 23874 8511 
0 0 0 0 0 0 0 3 23884 8502 
0 0 0 0 0 0 0 3 23894 8493 
0 0 0 0 0 0 0 3 23904 8484 
0 0 0 0 0 0 0 3 23914 8475 
0 0 0 0 0 0 0 3 23924 8466 
0 0 0 0 0 0 0 3 23934 8457 
0 0 0 0 0 0 0 3 23944 8448 
0 0 0 0 0 0 0 3 23954 8439 
0 0 0 0 0 0 0 3 23964 8430 
0 0 0 0 0 0 0 3 23974 8421 
0 0 0 0 0 0 0 3 23984 8412 
0 0 0 0 0 0 0 3 23994 8403 
0 0 0 0 0 0 0 3 24004 8394 
0 0 0 0 0 0 0 3 24014 8385 
0 0 0 0 0 0 0 3 24024 8376 
0 0 0 0 0 0 0 3 24034 8367 
0 0 0 0 0 0 0 3 24044 8358 
0 0 0 0 0 0 0 3 24054 8349 
0 0 0 0 0 0 0 3 24064 8340 
0 0 0 0 0 0 0 3 24074 8331 
0 0 0 0 0 0 0 3 24084 8322 
0 0 0 0 0 0 0 3 24094 8313 
0 0 0 0 0 0 0 3 24104 8304 
0 0 0 0 0 0 0 3 24114 8295 
0 0 0 0 0 0 0 3 24124 8286 
0 0 0 0 0 0 0 3 24134 8277 
0 0 0 0 0 0 0 3 24144 8268 
0 0 0 0 0 0 0 3 24154 8259 
0 0 0 0 0 0 0 3 24164 8250 
0 0 0 0 0 0 0 3 24174 8241 
0 0 0 0 0 0 0 3 24184 8232 
0 0 0 0 0 0 0 3 24194 8223 
0 0 0 0 0 0 0 3 24204 8214 
0 0 0 0 0 0 0 3 24214 8205 
0 0 0 0 0 0 0 3 24224 8196 
0 0 0 0 0 0 0 3 24234 8187 
0 0 0 0 0 0 0 3 24244 8178 
0 0 0 0 0 0 0 3 24254 8169 
0 0 0 0 0 0 0 3 24264 8160 
0 0 0 0 0 0 0 3 24274 8151 
0 0 0 0 0 0 0 3 24284 8142 
0 0 0 0 0 0 0 3 24294 8133 
0 0 0 0 0 0 0 3 24304 8124 
0 0 0 0 0 0 0 3 24314 8115 
0 0 0 0 0 0 0 3 24324 8106 
0 0 0 0 0 0 0 3 24334 8097 
0 0 0 0 0 0 0 3 24344 8088 
0 0 0 0 0 0 0 3 24354 8079 
0 0 0 0 0 0 0 3 24364 8070 
0 0 0 0 0 0 0 3 24374 8061 
0 0 0 0 0 0 0 3 24384 8052 
0 0 0 0 0 0 0 3 24394 8043 
0 0 0 0 0 0 0 3 24404 8034 
0 0 0 0 0 0 0 3 24414 8025 
0 0 0 0 0 0 0 3 24424 8016 
0 0 0 0 0 0 0 3 24434 8007 
0 0 0 0 0 0 0 3 24444 7998 
0 0 0 0 0 0 0 3 24454 7989 
0 0 0 0 0 0 0 3 24464 7980 
0 0 0 0 0 0 0 3 24474 7971 
0 0 0 0 0 0 0 3 24484 7962 
0 0 0 0 0 0 0 3 24494 7953 
0 0 0 0 0 0 0 3 24504 7944 
0 0 0 0 0 0 0 3 24514 7935 
0 0 0 0 0 0 0 3 24524 7926 
0 0 0 0 0 0 0 3 24534 7917 
0 0 0 0 0 0 0 3 24544 7908 
0 0 0 0 0 0 0 3 24554 7899 
0 0 0 0 0 0 0 3 24564 7890 
0 0 0 0 0 0 0 3 24574 7881 
0 0 0 0 0 0 0 3 24584 7872 
0 0 0 0 0 0 0 3 24594 7863 
0 0 0 0 0 0 0 3 24604 7854 
0 0 0 0 0 0 0 3 24614 7845 
0 0 0 0 0 0 0 3 24624 7836 
0 0 0 0 0 0 0 3 24634 7827 
0 0 0 0 0 0 0 3 24644 7818 
0 0 0 0 0 0 0 3 24654 7809 
0 0 0 0 0 0 0 3 24664 7800 
0 0 0 0 0 0 0 3 24674 7791 
0 0 0 0 0 0 0 3 24684 7782 
0 0 0 0 0 0 0 3 24694 7773 
0 0 0 0 0 0 0 3 24704 7764 
0 0 0 0 0 0 0 3 24714 7755 
0 0 0 0 0 0 0 3 24724 7746 
0 0 0 0 0 0 0 3 24734 7737 
0 0 0 0 0 0 0 3 24744 7728 
0 0 0 0 0 0 0 3 24754 7719 
0 0 0 0 0 0 0 3 24764 7710 
0 0 0 0 0 0 0 3 24774 7701 
0 0 0 0 0 0 0 3 24784 7692 
0 0 0 0 0 0 0 3 24794 7683 
0 0 0 0 0 0 0 3 24804 7674 
0 0 0 0 0 0 0 3 24814 7665 
0 0 0 0 0 0 0 3 24824 7656 
0 0 0 0 0 0 0 3 24834 7647 
0 0 0 0 0 0 0 3 24844 7638 
0 0 0 0 0 0 0 3 24854 7629 
0 0 0 0 0 0 0 3 24864 7620 
0 0 0 0 0 0 0 3 24874 7611 
0 0 0 0 0 0 0 3 24884 7602 
0 0 0 0 0 0 0 3 24894 7593 
0 0 0 0 0 0 0 3 24904 7584 
0 0 0 0 0 0 0 3 24914 7575 
0 0 0 0 0 0 0 3 24924 7566 
0 0 0 0 0 0 0 3 24934 7557 
0 0 0 0 0 0 0 3 24944 7548 
0 0 0 0 0 0 0 3 24954 7539 
0 0 0 0 0 0 0 3 24964 7530 
0 0 0 0 0 0 0 3 24974 7521 
0 0 0 0 0 0 0 3 24984 7512 
0 0 0 0 0 0 0 3 24994 7503 
0 0 0 0 0 0 0 3 25004 7494 
0 0 0 0 0 0 0 3 25014 7485 
0 0 0 0 0 0 0 3 25024 7476 
0 0 0 0 0 0 0 3 25034 7467 
0 0 0 0 0 0 0 3 25044 7458 
0 0 0 0 0 0 0 3 25054 7449 
0 0 0 0 0 0 0 3 25064 7440 
0 0 0 0 0 0 0 3 25074 7431 
0 0 0 0 0 0 0 3 25084 7422 
0 0 0 0 0 0 0 3 25094 7413 
0 0 0 0 0 0 0 3 25104 7404 
0 0 0 0 0 0 0 3 25114 7395 
0 0 0 0 0 0 0 3 25124 7386 
0 0 0 0 0 0 0 3 25134 7377 
0 0 0 0 0 0 0 3 25144 7368 
0 0 0 0 0 0 0 3 25154 7359 
0 0 0 0 0 0 0 3 25164 7350 
0 0 0 0 0 0 0 3 25174 7341 
0 0 0 0 0 0 0 3 25184 7332 
0 0 0 0 0 0 0 3 25194 7323 
0 0 0 0 0 0 0 3 25204 7314 
0 0 0 0 0 0 0 3 25214 7305 
0 0 0 0 0 0 0 3 25224 7296 
0 0 0 0 0 0 0 3 25234 7287 
0 0 0 0 0 0 0 3 25244 7278 
0 0 0 0 0 0 0 3 25254 7269 
0 0 0 0 0 0 0 3 25264 7260 
0 0 0 0 0 0 0 3 25274 7251 
0 0 0 0 0 0 0 3 25284 7242 
0 0 0 0 0 0 0 3 25294 7233 
0 0 0 0 0 0 0 3 25304 7224 
0 0 0 0 0 0 0 3 25314 7215 
0 0 0 0 0 0 0 3 25324 7206 
0 0 0 0 0 0 0 3 25334 7197 
0 0 0 0 0 0 0 3 25344 7188 
0 0 0 0 0 0 0 3 25354 7179 
0 0 0 0 0 0 0 3 25364 7170 
0 0 0 0 0 0 0 3 25374 7161 
0 0 0 0 0 0 0 3 25384 7152 
0 0 0 0 0 0 0 3 25394 7143 
0 0 0 0 0 0 0 3 25404 7134 
0 0 0 0 0 0 0 3 25414 7125 
0 0 0 0 0 0 0 3 25424 7116 
0 0 0 0 0 0 0 3 25434 7107 
0 0 0 0 0 0 0 3 25444 7098 
0 0 0 0 0 0 0 3 25454 7089 
0 0 0 0 0 0 0 3 25464 7080 
0 0 0 0 0 0 0 3 25474 7071 
0 0 0 0 0 0 0 3 25484 7062 
0 0 0 0 0 0 0 3 25494 7053 
0 0 0 0 0 0 0 3 25504 7044 
0 0 0 0 0 0 0 3 25514 7035 
0 0 0 0 0 0 0 3 25524 7026 
0 0 0 0 0 0 0 3 25534 7017 
0 0 0 0 0 0 0 3 25544 7008 
0 0 0 0 0 0 0 3 25554 6999 
0 0 0 0 0 0 0 3 25564 6990 
0 0 0 0 0 0 0 3 25574 6981 
0 0 0 0 0 0 0 3 25584 6972 
0 0 0 0 0 0 0 3 25594 6963 
0 0 0 0 0 0 0 3 25604 6954 
0 0 0 0 0 0 0 3 25614 6945 
0 0 0 0 0 0 0 3 25624 6936 
0 0 0 0 0 0 0 3 25634 6927 
0 0 0 0 0 0 0 3 25644 6918 
0 0 0 0 0 0 0 3 25654 6909 
0 0 0 0 0 0 0 3 25664 6900 
0 0 0 0 0 0 0 3 25674 6891 
0 0 0 0 0 0 0 3 25684 6882 
0 0 0 0 0 0 0 3 25694 6873 
0 0 0 0 0 0 0 3 25704 6864 
0 0 0 0 0 0 0 3 25714 6855 
0 0 0 0 0 0 0 3 25724 6846 
0 0 0 0 0 0 0 3 25734 6837 
0 0 0 0 0 0 0 3 25744 6828 
0 0 0 0 0 0 0 3 25754 6819 
0 0 0 0 0 0 0 3 25764 6810 
0 0 0 0 0 0 0 3 25774 6801 
0 0 0 0 0 0 0 3 25784 6792 
0 0 0 0 0 0 0 3 25794 6783 
0 0 0 0 0 0 0 3 25804 6774 
0 0 0 0 0 0 0 3 25814 6765 
0 0 0 0 0 0 0 3 25824 6756 
0 0 0 0 0 0 0 3 25834 6747 
0 0 0 0 0 0 0 3 25844 6738 
0 0 0 0 0 0 0 3 25854 6729 
0 0 0 0 0 0 0 3 25864 6720 
0 0 0 0 0 0 0 3 25874 6711 
0 0 0 0 0 0 0 3 25884 6702 
0 0 0 0 0 0 0 3 25894 6693 
0 0 0 0 0 0 0 3 25904 6684 
0 0 0 0 0 0 0 3 25914 6675 
0 0 0 0 0 0 0 3 25924 6666 
0 0 0 0 0 0 0 3 25934 6657 
0 0 0 0 0 0 0 3 25944 6648 
0 0 0 0 0 0 0 3 25954 6639 
0 0 0 0 0 0 0 3 25964 6630 
0 0 0 0 0 0 0 3 25974 6621 
0 0 0 0 0 0 0 3 25984 6612 
0 0 0 0 0 0 0 3 25994 6603 
0 0 0 0 0 0 0 3 26004 6594 
0 0 0 0 0 0 0 3 26014 6585 
0 0 0 0 0 0 0 3 26024 6576 
0 0 0 0 0 0 0 3 26034 6567 
0 0 0 0 0 0 0 3 26044 6558 
0 0 0 0 0 0 0 3 26054 6549 
0 0 0 0 0 0 0 3 26064 6540 
0 0 0 0 0 0 0 3 26074 6531 
0 0 0 0 0 0 0 3 26084 6522 
0 0 0 0 0 0 0 3 26094 6513 
0 0 0 0 0 0 0 3 26104 6504 
0 0 0 0 0 0 0 3 26114 6495 
0 0 0 0 0 0 0 3 26124 6486 
0 0 0 0 0 0 0 3 26134 6477 
0 0 0 0 0 0 0 3 26144 6468 
0 0 0 0 0 0 0 3 26154 6459 
0 0 0 0 0 0 0 3 26164 6450 
0 0 0 0 0 0 0 3 26174 6441 
0 0 0 0 0 0 0 3 26184 6432 
0 0 0 0 0 0 0 3 26194 6423 
0 0 0 0 0 0 0 3 26204 6414 
0 0 0 0 0 0 0 3 26214 6405 
0 0 0 0 0 0 0 3 26224 6396 
0 0 0 0 0 0 0 3 26234 6387 
0 0 0 0 0 0 0 3 26244 6378 
0 0 0 0 0 0 0 3 26254 6369 
0 0 0 0 0 0 0 3 26264 6360 
0 0 0 0 0 0 0 3 26274 6351 
0 0 0 0 0 0 0 3 26284 6342 
0 0 0 0 0 0 0 3 26294 6333 
0 0 0 0 0 0 0 3 26304 6324 
0 0 0 0 0 0 0 3 26314 6315 
0 0 0 0 0 0 0 3 26324 6306 
0 0 0 0 0 0 0 3 26334 6297 
0 0 0 0 0 0 0 3 26344 6288 
0 0 0 0 0 0 0 3 26354 6279 
0 0 0 0 0 0 0 3 26364 6270 
0 0 0 0 0 0 0 3 26374 6261 
0 0 0 0 0 0 0 3 26384 6252 
0 0 0 0 0 0 0 3 26394 6243 
0 0 0 0 0 0 0 3 26404 6234 
0 0 0 0 0 0 0 3 26414 6225 
0 0 0 0 0 0 0 3 26424 6216 
0 0 0 0 0 0 0 3 26434 6207 
0 0 0 0 0 0 0 3 26444 6198 
0 0 0 0 0 0 0 3 26454 6189 
0 0 0 0 0 0 0 3 26464 6180 
0 0 0 0 0 0 0 3 26474 6171 
0 0 0 0 0 0 0 3 26484 6162 
0 0 0 0 0 0 0 3 26494 6153 
0 0 0 0 0 0 0 3 26504 6144 
0 0 0 0 0 0 0 3 26514 6135 
0 0 0 0 0 0 0 3 26524 6126 
0 0 0 0 0 0 0 3 26534 6117 
0 0 0 0 0 0 0 3 26544 6108 
0 0 0 0 0 0 0 3 26554 6099 
0 0 0 0 0 0 0 3 26564 6090 
0 0 0 0 0 0 0 3 26574 6081 
0 0 0 0 0 0 0 3 26584 6072 
0 0 0 0 0 0 0 3 26594 6063 
0 0 0 0 0 0 0 3 26604 6054 
0 0 0 0 0 0 0 3 26614 6045 
0 0 0 0 0 0 0 3 26624 6036 
0 0 0 0 0 0 0 3 26634 6027 
0 0 0 0 0 0 0 3 26644 6018 
0 0 0 0 0 0 0 3 26654 6009 
0 0 0 0 0 0 0 3 26664 6000 
0 0 0 0 0 0 0 3 26674 5991 
0 0 0 0 0 0 0 3 26684 5982 
0 0 0 0 0 0 0 3 26694 5973 
0 0 0 0 0 0 0 3 26704 5964 
0 0 0 0 0 0 0 3 26714 5955 
0 0 0 0 0 0 0 3 26724 5946 
0 0 0 0 0 0 0 3 26734 5937 
0 0 0 0 0 0 0 3 26744 5928 
0 0 0 0 0 0 0 3 26754 5919 
0 0 0 0 0 0 0 3 26764 5910 
0 0 0 0 0 0 0 3 26774 5901 
0 0 0 0 0 0 0 3 26784 5892 
0 0 0 0 0 0 0 3 26794 5883 
0 0 0 0 0 0 0 3 26804 5874 
0 0 0 0 0 0 0 3 26814 5865 
0 0 0 0 0 0 0 3 26824 5856 
0 0 0 0 0 0 0 3 26834 5847 
0 0 0 0 0 0 0 3 26844 5838 
0 0 0 0 0 0 0 3 26854 5829 
0 0 0 0 0 0 0 3 26864 5820 
0 0 0 0 0 0 0 3 26874 5811 
0 0 0 0 0 0 0 3 26884 5802 
0 0 0 0 0 0 0 3 26894 5793 
0 0 0 0 0 0 0 3 26904 5784 
0 0 0 0 0 0 0 3 26914 5775 
0 0 0 0 0 0 0 3 26924 5766 
0 0 0 0 0 0 0 3 26934 5757 
0 0 0 0 0 0 0 3 26944 5748 
0 0 0 0 0 0 0 3 26954 5739 
0 0 0 0 0 0 0 3 26964 5730 
0 0 0 0 0 0 0 3 26974 5721 
0 0 0 0 0 0 0 3 26984 5712 
0 0 0 0 0 0 0 3 26994 5703 
0 0 0 0 0 0 0 3 27004 5694 
0 0 0 0 0 0 0 3 27014 5685 
0 0 0 0 0 0 0 3 27024 5676 
0 0 0 0 0 0 0 3 27034 5667 
0 0 0 0 0 0 0 3 27044 5658 
0 0 0 0 0 0 0 3 27054 5649 
0 0 0 0 0 0 0 3 27064 5640 
0 0 0 0 0 0 0 3 27074 5631 
0 0 0 0 0 0 0 3 27084 5622 
0 0 0 0 0 0 0 3 27094 5613 
0 0 0 0 0 0 0 3 27104 5604 
0 0 0 0 0 0 0 3 27114 5595 
0 0 0 0 0 0 0 3 27124 5586 
0 0 0 0 0 0 0 3 27134 5577 
0 0 0 0 0 0 0 3 27144 5568 
0 0 0 0 0 0 0 3 27154 5559 
0 0 0 0 0 0 0 3 27164 5550 
0 0 0 0 0 0 0 3 27174 5541 
0 0 0 0 0 0 0 3 27184 5532 
0 0 0 0 0 0 0 3 27194 5523 
0 0 0 0 0 0 0 3 27204 5514 
0 0 0 0 0 0 0 3 27214 5505 
0 0 0 0 0 0 0 3 27224 5496 
0 0 0 0 0 0 0 3 27234 5487 
0 0 0 0 0 0 0 3 27244 5478 
0 0 0 0 0 0 0 3 27254 5469 
0 0 0 0 0 0 0 3 27264 5460 
0 0 0 0 0 0 0 3 27274 5451 
0 0 0 0 0 0 0 3 27284 5442 
0 0 0 0 0 0 0 3 27294 5433 
0 0 0 0 0 0 0 3 27304 5424 
0 0 0 0 0 0 0 3 27314 5415 
0 0 0 0 0 0 0 3 27324 5406 
0 0 0 0 0 0 0 3 27334 5397 
0 0 0 0 0 0 0 3 27344 5388 
0 0 0 0 0 0 0 3 27354 5379 
0 0 0 0 0 0 0 3 27364 5370 
0 0 0 0 0 0 0 3 27374 5361 
0 0 0 0 0 0 0 3 27384 5352 
0 0 0 0 0 0 0 3 27394 5343 
0 0 0 0 0 0 0 3 27404 5334 
0 0 0 0 0 0 0 3 27414 5325 
0 0 0 0 0 0 0 3 27424 5316 
0 0 0 0 0 0 0 3 27434 5307 
0 0 0 0 0 0 0 3 27444 5298 
0 0 0 0 0 0 0 3 27454 5289 
0 0 0 0 0 0 0 3 27464 5280 
0 0 0 0 0 0 0 3 27474 5271 
0 0 0 0 0 0 0 3 27484 5262 
0 0 0 0 0 0 0 3 27494 5253 
0 0 0 0 0 0 0 3 27504 5244 
0 0 0 0 0 0 0 3 27514 5235 
0 0 0 0 0 0 0 3 27524 5226 
0 0 0 0 0 0 0 3 27534 5217 
0 0 0 0 0 0 0 3 27544 5208 
0 0 0 0 0 0 0 3 27554 5199 
0 0 0 0 0 0 0 3 27564 5190 
0 0 0 0 0 0 0 3 27574 5181 
0 0 0 0 0 0 0 3 27584 5172 
0 0 0 0 0 0 0 3 27594 5163 
0 0 0 0 0 0 0 3 27604 5154 
0 0 0 0 0 0 0 3 27614 5145 
0 0 0 0 0 0 0 3 27624 5136 
0 0 0 0 0 0 0 3 27634 5127 
0 0 0 0 0 0 0 3 27644 5118 
0 0 0 0 0 0 0 3 27654 5109 
0 0 0 0 0 0 0 3 27664 5100 
0 0 0 0 0 0 0 3 27674 5091 
0 0 0 0 0 0 0 3 27684 5082 
0 0 0 0 0 0 0 3 27694 5073 
0 0 0 0 0 0 0 3 27704 5064 
0 0 0 0 0 0 0 3 27714 5055 
0 0 0 0 0 0 0 3 27724 5046 
0 0 0 0 0 0 0 3 27734 5037 
0 0 0 0 0 0 0 3 27744 5028 
0 0 0 0 0 0 0 3 27754 5019 
0 0 0 0 0 0 0 3 27764 5010 
0 0 0 0 0 0 0 3 27774 5001 
0 0 0 0 0 0 0 3 27784 4992 
0 0 0 0 0 0 0 3 27794 4983 
0 0 0 0 0 0 0 3 27804 4974 
0 0 0 0 0 0 0 3 27814 4965 
0 0 0 0 0 0 0 3 27824 4956 
0 0 0 0 0 0 0 3 27834 4947 
0 0 0 0 0 0 0 3 27844 4938 
0 0 0 0 0 0 0 3 27854 4929 
0 0 0 0 0 0 0 3 27864 4920 
0 0 0 0 0 0 0 3 27874 4911 
0 0 0 0 0 0 0 3 27884 4902 
0 0 0 0 0 0 0 3 27894 4893 
0 0 0 0 0 0 0 3 27904 4884 
0 0 0 0 0 0 0 3 27914 4875 
0 0 0 0 0 0 0 3 27924 4866 
0 0 0 0 0 0 0 3 27934 4857 
0 0 0 0 0 0 0 3 27944 4848 
0 0 0 0 0 0 0 3 27954 4839 
0 0 0 0 0 0 0 3 27964 4830 
0 0 0 0 0 0 0 3 27974 4821 
0 0 0 0 0 0 0 3 27984 4812 
0 0 0 0 0 0 0 3 27994 4803 
0 0 0 0 0 0 0 3 28004 4794 
0 0 0 0 0 0 0 3 28014 4785 
0 0 0 0 0 0 0 3 28024 4776 
0 0 0 0 0 0 0 3 28034 4767 
0 0 0 0 0 0 0 3 28044 4758 
0 0 0 0 0 0 0 3 28054 4749 
0 0 0 0 0 0 0 3 28064 4740 
0 0 0 0 0 0 0 3 28074 4731 
0 0 0 0 0 0 0 3 28084 4722 
0 0 0 0 0 0 0 3 28094 4713 
0 0 0 0 0 0 0 3 28104 4704 
0 0 0 0 0 0 0 3 28114 4695 
0 0 0 0 0 0 0 3 28124 4686 
0 0 0 0 0 0 0 3 28134 4677 
0 0 0 0 0 0 0 3 28144 4668 
0 0 0 0 0 0 0 3 28154 4659 
0 0 0 0 0 0 0 3 28164 4650 
0 0 0 0 0 0 0 3 28174 4641 
0 0 0 0 0 0 0 3 28184 4632 
0 0 0 0 0 0 0 3 28194 4623 
0 0 0 0 0 0 0 3 28204 4614 
0 0 0 0 0 0 0 3 28214 4605 
0 0 0 0 0 0 0 3 28224 4596 
0 0 0 0 0 0 0 3 28234 4587 
0 0 0 0 0 0 0 3 28244 4578 
0 0 0 0 0 0 0 3 28254 4569 
0 0 0 0 0 0 0 3 28264 4560 
0 0 0 0 0 0 0 3 28274 4551 
0 0 0 0 0 0 0 3 28284 4542 
0 0 0 0 0 0 0 3 28294 4533 
0 0 0 0 0 0 0 3 28304 4524 
0 0 0 0 0 0 0 3 28314 4515 
0 0 0 0 0 0 0 3 28324 4506 
0 0 0 0 0 0 0 3 28334 4497 
0 0 0 0 0 0 0 3 28344 4488 
0 0 0 0 0 0 0 3 28354 4479 
0 0 0 0 0 0 0 3 28364 4470 
0 0 0 0 0 0 0 3 28374 4461 
0 0 0 0 0 0 0 3 28384 4452 
0 0 0 0 0 0 0 3 28394 4443 
0 0 0 0 0 0 0 3 28404 4434 
0 0 0 0 0 0 0 3 28414 4425 
0 0 0 0 0 0 0 3 28424 4416 
0 0 0 0 0 0 0 3 28434 4407 
0 0 0 0 0 0 0 3 28444 4398 
0 0 0 0 0 0 0 3 28454 4389 
0 0 0 0 0 0 0 3 28464 4380 
0 0 0 0 0 0 0 3 28474 4371 
0 0 0 0 0 0 0 3 28484 4362 
0 0 0 0 0 0 0 3 28494 4353 
0 0 0 0 0 0 0 3 28504 4344 
0 0 0 0 0 0 0 3 28514 4335 
0 0 0 0 0 0 0 3 28524 4326 
0 0 0 0 0 0 0 3 28534 4317 
0 0 0 0 0 0 0 3 28544 4308 
0 0 0 0 0 0 0 3 28554 4299 
0 0 0 0 0 0 0 3 28564 4290 
0 0 0 0 0 0 0 3 28574 4281 
0 0 0 0 0 0 0 3 28584 4272 
0 0 0 0 0 0 0 3 28594 4263 
0 0 0 0 0 0 0 3 28604 4254 
0 0 0 0 0 0 0 3 28614 4245 
0 0 0 0 0 0 0 3 28624 4236 
0 0 0 0 0 0 0 3 28634 4227 
0 0 0 0 0 0 0 3 28644 4218 
0 0 0 0 0 0 0 3 28654 4209 
0 0 0 0 0 0 0 3 28664 4200 
0 0 0 0 0 0 0 3 28674 4191 
0 0 0 0 0 0 0 3 28684 4182 
0 0 0 0 0 0 0 3 28694 4173 
0 0 0 0 0 0 0 3 28704 4164 
0 0 0 0 0 0 0 3 28714 4155 
0 0 0 0 0 0 0 3 28724 4146 
0 0 0 0 0 0 0 3 28734 4137 
0 0 0 0 0 0 0 3 28744 4128 
0 0 0 0 0 0 0 3 28754 4119 
0 0 0 0 0 0 0 3 28764 4110 
0 0 0 0 0 0 0 3 28774 4101 
0 0 0 0 0 0 0 3 28784 4092 
0 0 0 0 0 0 0 3 28794 4083 
0 0 0 0 0 0 0 3 28804 4074 
0 0 0 0 0 0 0 3 28814 4065 
0 0 0 0 0 0 0 3 28824 4056 
0 0 0 0 0 0 0 3 28834 4047 
0 0 0 0 0 0 0 3 28844 4038 
0 0 0 0 0 0 0 3 28854 4029 
0 0 0 0 0 0 0 3 28864 4020 
0 0 0 0 0 0 0 3 28874 4011 
0 0 0 0 0 0 0 3 28884 4002 
0 0 0 0 0 0 0 3 28894 3993 
0 0 0 0 0 0 0 3 28904 3984 
0 0 0 0 0 0 0 3 28914 3975 
0 0 0 0 0 0 0 3 28924 3966 
0 0 0 0 0 0 0 3 28934 3957 
0 0 0 0 0 0 0 3 28944 3948 
0 0 0 0 0 0 0 3 28954 3939 
0 0 0 0 0 0 0 3 28964 3930 
0 0 0 0 0 0 0 3 28974 3921 
0 0 0 0 0 0 0 3 28984 3912 
0 0 0 0 0 0 0 3 28994 3903 
0 0 0 0 0 0 0 3 29004 3894 
0 0 0 0 0 0 0 3 29014 3885 
0 0 0 0 0 0 0 3 29024 3876 
0 0 0 0 0 0 0 3 29034 3867 
0 0 0 0 0 0 0 3 29044 3858 
0 0 0 0 0 0 0 3 29054 3849 
0 0 0 0 0 0 0 3 29064 3840 
0 0 0 0 0 0 0 3 29074 3831 
0 0 0 0 0 0 0 3 29084 3822 
0 0 0 0 0 0 0 3 29094 3813 
0 0 0 0 0 0 0 3 29104 3804 
0 0 0 0 0 0 0 3 29114 3795 
0 0 0 0 0 0 0 3 29124 3786 
0 0 0 0 0 0 0 3 29134 3777 
0 0 0 0 0 0 0 3 29144 3768 
0 0 0 0 0 0 0 3 29154 3759 
0 0 0 0 0 0 0 3 29164 3750 
0 0 0 0 0 0 0 3 29174 3741 
0 0 0 0 0 0 0 3 29184 3732 
0 0 0 0 0 0 0 3 29194 3723 
0 0 0 0 0 0 0 3 29204 3714 
0 0 0 0 0 0 0 3 29214 3705 
0 0 0 0 0 0 0 3 29224 3696 
0 0 0 0 0 0 0 3 29234 3687 
0 0 0 0 0 0 0 3 29244 3678 
0 0 0 0 0 0 0 3 29254 3669 
0 0 0 0 0 0 0 3 29264 3660 
0 0 0 0 0 0 0 3 29274 3651 
0 0 0 0 0 0 0 3 29284 3642 
0 0 0 0 0 0 0 3 29294 3633 
0 0 0 0 0 0 0 3 29304 3624 
0 0 0 0 0 0 0 3 29314 3615 
0 0 0 0 0 0 0 3 29324 3606 
0 0 0 0 0 0 0 3 29334 3597 
0 0 0 0 0 0 0 3 29344 3588 
0 0 0 0 0 0 0 3 29354 3579 
0 0 0 0 0 0 0 3 29364 3570 
0 0 0 0 0 0 0 3 29374 3561 
0 0 0 0 0 0 0 3 29384 3552 
0 0 0 0 0 0 0 3 29394 3543 
0 0 0 0 0 0 0 3 29404 3534 
0 0 0 0 0 0 0 3 29414 3525 
0 0 0 0 0 0 0 3 29424 3516 
0 0 0 0 0 0 0 3 29434 3507 
0 0 0 0 0 0 0 3 29444 3498 
0 0 0 0 0 0 0 3 29454 3489 
0 0 0 0 0 0 0 3 29464 3480 
0 0 0 0 0 0 0 3 29474 3471 
0 0 0 0 0 0 0 3 29484 3462 
0 0 0 0 0 0 0 3 29494 3453 
0 0 0 0 0 0 0 3 29504 3444 
0 0 0 0 0 0 0 3 29514 3435 
0 0 0 0 0 0 0 3 29524 3426 
0 0 0 0 0 0 0 3 29534 3417 
0 0 0 0 0 0 0 3 29544 3408 
0 0 0 0 0 0 0 3 29554 3399 
0 0 0 0 0 0 0 3 29564 3390 
0 0 0 0 0 0 0 3 29574 3381 
0 0 0 0 0 0 0 3 29584 3372 
0 0 0 0 0 0 0 3 29594 3363 
0 0 0 0 0 0 0 3 29604 3354 
0 0 0 0 0 0 0 3 29614 3345 
0 0 0 0 0 0 0 3 29624 3336 
0 0 0 0 0 0 0 3 29634 3327 
0 0 0 0 0 0 0 3 29644 3318 
0 0 0 0 0 0 0 3 29654 3309 
0 0 0 0 0 0 0 3 29664 3300 
0 0 0 0 0 0 0 3 29674 3291 
0 0 0 0 0 0 0 3 29684 3282 
0 0 0 0 0 0 0 3 29694 3273 
0 0 0 0 0 0 0 3 29704 3264 
0 0 0 0 0 0 0 3 29714 3255 
0 0 0 0 0 0 0 3 29724 3246 
0 0 0 0 0 0 0 3 29734 3237 
0 0 0 0 0 0 0 3 29744 3228 
0 0 0 0 0 0 0 3 29754 3219 
0 0 0 0 0 0 0 3 29764 3210 
0 0 0 0 0 0 0 3 29774 3201 
0 0 0 0 0 0 0 3 29784 3192 
0 0 0 0 0 0 0 3 29794 3183 
0 0 0 0 0 0 0 3 29804 3174 
0 0 0 0 0 0 0 3 29814 3165 
0 0 0 0 0 0 0 3 29824 3156 
0 0 0 0 0 0 0 3 29834 3147 
0 0 0 0 0 0 0 3 29844 3138 
0 0 0 0 0 0 0 3 29854 3129 
0 0 0 0 0 0 0 3 29864 3120 
0 0 0 0 0 0 0 3 29874 3111 
0 0 0 0 0 0 0 3 29884 3102 
0 0 0 0 0 0 0 3 29894 3093 
0 0 0 0 0 0 0 3 29904 3084 
0 0 0 0 0 0 0 3 29914 3075 
0 0 0 0 0 0 0 3 29924 3066 
0 0 0 0 0 0 0 3 29934 3057 
0 0 0 0 0 0 0 3 29944 3048 
0 0 0 0 0 0 0 3 29954 3039 
0 0 0 0 0 0 0 3 29964 3030 
0 0 0 0 0 0 0 3 29974 3021 
0 0 0 0 0 0 0 3 29984 3012 
0 0 0 0 0 0 0 3 29994 3003 
0 0 0 0 0 0 0 3 30004 2994 
0 0 0 0 0 0 0 3 30014 2985 
0 0 0 0 0 0 0 3 30024 2976 
0 0 0 0 0 0 0 3 30034 2967 
0 0 0 0 0 0 0 3 30044 2958 
0 0 0 0 0 0 0 3 30054 2949 
0 0 0 0 0 0 0 3 30064 2940 
0 0 0 0 0 0 0 3 30074 2931 
0 0 0 0 0 0 0 3 30084 2922 
0 0 0 0 0 0 0 3 30094 2913 
0 0 0 0 0 0 0 3 30104 2904 
0 0 0 0 0 0 0 3 30114 2895 
0 0 0 0 0 0 0 3 30124 2886 
0 0 0 0 0 0 0 3 30134 2877 
0 0 0 0 0 0 0 3 30144 2868 
0 0 0 0 0 0 0 3 30154 2859 
0 0 0 0 0 0 0 3 30164 2850 
0 0 0 0 0 0 0 3 30174 2841 
0 0 0 0 0 0 0 3 30184 2832 
0 0 0 0 0 0 0 3 30194 2823 
0 0 0 0 0 0 0 3 30204 2814 
0 0 0 0 0 0 0 3 30214 2805 
0 0 0 0 0 0 0 3 30224 2796 
0 0 0 0 0 0 0 3 30234 2787 
0 0 0 0 0 0 0 3 30244 2778 
0 0 0 0 0 0 0 3 30254 2769 
0 0 0 0 0 0 0 3 30264 2760 
0 0 0 0 0 0 0 3 30274 2751 
0 0 0 0 0 0 0 3 30284 2742 
0 0 0 0 0 0 0 3 30294 2733 
0 0 0 0 0 0 0 3 30304 2724 
0 0 0 0 0 0 0 3 30314 2715 
0 0 0 0 0 0 0 3 30324 2706 
0 0 0 0 0 0 0 3 30334 2697 
0 0 0 0 0 0 0 3 30344 2688 
0 0 0 0 0 0 0 3 30354 2679 
0 0 0 0 0 0 0 3 30364 2670 
0 0 0 0 0 0 0 3 30374 2661 
0 0 0 0 0 0 0 3 30384 2652 
0 0 0 0 0 0 0 3 30394 2643 
0 0 0 0 0 0 0 3 30404 2634 
0 0 0 0 0 0 0 3 30414 2625 
0 0 0 0 0 0 0 3 30424 2616 
0 0 0 0 0 0 0 3 30434 2607 
0 0 0 0 0 0 0 3 30444 2598 
0 0 0 0 0 0 0 3 30454 2589 
0 0 0 0 0 0 0 3 30464 2580 
0 0 0 0 0 0 0 3 30474 2571 
0 0 0 0 0 0 0 3 30484 2562 
0 0 0 0 0 0 0 3 30494 2553 
0 0 0 0 0 0 0 3 30504 2544 
0 0 0 0 0 0 0 3 30514 2535 
0 0 0 0 0 0 0 3 30524 2526 
0 0 0 0 0 0 0 3 30534 2517 
0 0 0 0 0 0 0 3 30544 2508 
0 0 0 0 0 0 0 3 30554 2499 
0 0 0 0 0 0 0 3 30564 2490 
0 0 0 0 0 0 0 3 30574 2481 
0 0 0 0 0 0 0 3 30584 2472 
0 0 0 0 0 0 0 3 30594 2463 
0 0 0 0 0 0 0 3 30604 2454 
0 0 0 0 0 0 0 3 30614 2445 
0 0 0 0 0 0 0 3 30624 2436 
0 0 0 0 0 0 0 3 30634 2427 
0 0 0 0 0 0 0 3 30644 2418 
0 0 0 0 0 0 0 3 30654 2409 
0 0 0 0 0 0 0 3 30664 2400 
0 0 0 0 0 0 0 3 30674 2391 
0 0 0 0 0 0 0 3 30684 2382 
0 0 0 0 0 0 0 3 30694 2373 
0 0 0 0 0 0 0 3 30704 2364 
0 0 0 0 0 0 0 3 30714 2355 
0 0 0 0 0 0 0 3 30724 2346 
0 0 0 0 0 0 0 3 30734 2337 
0 0 0 0 0 0 0 3 30744 2328 
0 0 0 0 0 0 0 3 30754 2319 
0 0 0 0 0 0 0 3 30764 2310 
0 0 0 0 0 0 0 3 30774 2301 
0 0 0 0 0 0 0 3 30784 2292 
0 0 0 0 0 0 0 3 30794 2283 
0 0 0 0 0 0 0 3 30804 2274 
0 0 0 0 0 0 0 3 30814 2265 
0 0 0 0 0 0 0 3 30824 2256 
0 0 0 0 0 0 0 3 30834 2247 
0 0 0 0 0 0 0 3 30844 2238 
0 0 0 0 0 0 0 3 30854 2229 
0 0 0 0 0 0 0 3 30864 2220 
0 0 0 0 0 0 0 3 30874 2211 
0 0 0 0 0 0 0 3 30884 2202 
0 0 0 0 0 0 0 3 30894 2193 
0 0 0 0 0 0 0 3 30904 2184 
0 0 0 0 0 0 0 3 30914 2175 
0 0 0 0 0 0 0 3 30924 2166 
0 0 0 0 0 0 0 3 30934 2157 
0 0 0 0 0 0 0 3 30944 2148 
0 0 0 0 0 0 0 3 30954 2139 
0 0 0 0 0 0 0 3 30964 2130 
0 0 0 0 0 0 0 3 30974 2121 
0 0 0 0 0 0 0 3 30984 2112 
0 0 0 0 0 0 0 3 30994 2103 
0 0 0 0 0 0 0 3 31004 2094 
0 0 0 0 0 0 0 3 31014 2085 
0 0 0 0 0 0 0 3 31024 2076 
0 0 0 0 0 0 0 3 31034 2067 
0 0 0 0 0 0 0 3 31044 2058 
0 0 0 0 0 0 0 3 31054 2049 
0 0 0 0 0 0 0 3 31064 2040 
0 0 0 0 0 0 0 3 31074 2031 
0 0 0 0 0 0 0 3 31084 2022 
0 0 0 0 0 0 0 3 31094 2013 
0 0 0 0 0 0 0 3 31104 2004 
0 0 0 0 0 0 0 3 31114 1995 
0 0 0 0 0 0 0 3 31124 1986 
0 0 0 0 0 0 0 3 31134 1977 
0 0 0 0 0 0 0 3 31144 1968 
0 0 0 0 0 0 0 3 31154 1959 
0 0 0 0 0 0 0 3 31164 1950 
0 0 0 0 0 0 0 3 31174 1941 
0 0 0 0 0 0 0 3 31184 1932 
0 0 0 0 0 0 0 3 31194 1923 
0 0 0 0 0 0 0 3 31204 1914 
0 0 0 0 0 0 0 3 31214 1905 
0 0 0 0 0 0 0 3 31224 1896 
0 0 0 0 0 0 0 3 31234 1887 
0 0 0 0 0 0 0 3 31244 1878 
0 0 0 0 0 0 0 3 31254 1869 
0 0 0 0 0 0 0 3 31264 1860 
0 0 0 0 0 0 0 3 31274 1851 
0 0 0 0 0 0 0 3 31284 1842 
0 0 0 0 0 0 0 3 31294 1833 
0 0 0 0 0 0 0 3 31304 1824 
0 0 0 0 0 0 0 3 31314 1815 
0 0 0 0 0 0 0 3 31324 1806 
0 0 0 0 0 0 0 3 31334 1797 
0 0 0 0 0 0 0 3 31344 1788 
0 0 0 0 0 0 0 3 31354 1779 
0 0 0 0 0 0 0 3 31364 1770 
0 0 0 0 0 0 0 3 31374 1761 
0 0 0 0 0 0 0 3 31384 1752 
0 0 0 0 0 0 0 3 31394 1743 
0 0 0 0 0 0 0 3 31404 1734 
0 0 0 0 0 0 0 3 31414 1725 
0 0 0 0 0 0 0 3 31424 1716 
0 0 0 0 0 0 0 3 31434 1707 
0 0 0 0 0 0 0 3 31444 1698 
0 0 0 0 0 0 0 3 31454 1689 
0 0 0 0 0 0 0 3 31464 1680 
0 0 0 0 0 0 0 3 31474 1671 
0 0 0 0 0 0 0 3 31484 1662 
0 0 0 0 0 0 0 3 31494 1653 
0 0 0 0 0 0 0 3 31504 1644 
0 0 0 0 0 0 0 3 31514 1635 
0 0 0 0 0 0 0 3 31524 1626 
0 0 0 0 0 0 0 3 31534 1617 
0 0 0 0 0 0 0 3 31544 1608 
0 0 0 0 0 0 0 3 31554 1599 
0 0 0 0 0 0 0 3 31564 1590 
0 0 0 0 0 0 0 3 31574 1581 
0 0 0 0 0 0 0 3 31584 1572 
0 0 0 0 0 0 0 3 31594 1563 
0 0 0 0 0 0 0 3 31604 1554 
0 0 0 0 0 0 0 3 31614 1545 
0 0 0 0 0 0 0 3 31624 1536 
0 0 0 0 0 0 0 3 31634 1527 
0 0 0 0 0 0 0 3 31644 1518 
0 0 0 0 0 0 0 3 31654 1509 
0 0 0 0 0 0 0 3 31664 1500 
0 0 0 0 0 0 0 3 31674 1491 
0 0 0 0 0 0 0 3 31684 1482 
0 0 0 0 0 0 0 3 31694 1473 
0 0 0 0 0 0 0 3 31704 1464 
0 0 0 0 0 0 0 3 31714 1455 
0 0 0 0 0 0 0 3 31724 1446 
0 0 0 0 0 0 0 3 31734 1437 
0 0 0 0 0 0 0 3 31744 1428 
0 0 0 0 0 0 0 3 31754 1419 
0 0 0 0 0 0 0 3 31764 1410 
0 0 0 0 0 0 0 3 31774 1401 
0 0 0 0 0 0 0 3 31784 1392 
0 0 0 0 0 0 0 3 31794 1383 
0 0 0 0 0 0 0 3 31804 1374 
0 0 0 0 0 0 0 3 31814 1365 
0 0 0 0 0 0 0 3 31824 1356 
0 0 0 0 0 0 0 3 31834 1347 
0 0 0 0 0 0 0 3 31844 1338 
0 0 0 0 0 0 0 3 31854 1329 
0 0 0 0 0 0 0 3 31864 1320 
0 0 0 0 0 0 0 3 31874 1311 
0 0 0 0 0 0 0 3 31884 1302 
0 0 0 0 0 0 0 3 31894 1293 
0 0 0 0 0 0 0 3 31904 1284 
0 0 0 0 0 0 0 3 31914 1275 
0 0 0 0 0 0 0 3 31924 1266 
0 0 0 0 0 0 0 3 31934 1257 
0 0 0 0 0 0 0 3 31944 1248 
0 0 0 0 0 0 0 3 31954 1239 
0 0 0 0 0 0 0 3 31964 1230 
0 0 0 0 0 0 0 3 31974 1221 
0 0 0 0 0 0 0 3 31984 1212 
0 0 0 0 0 0 0 3 31994 1203 
0 0 0 0 0 0 0 3 32004 1194 
0 0 0 0 0 0 0 3 32014 1185 
0 0 0 0 0 0 0 3 32024 1176 
0 0 0 0 0 0 0 3 32034 1167 
0 0 0 0 0 0 0 3 32044 1158 
0 0 0 0 0 0 0 3 32054 1149 
0 0 0 0 0 0 0 3 32064 1140 
0 0 0 0 0 0 0 3 32074 1131 
0 0 0 0 0 0 0 3 32084 1122 
0 0 0 0 0 0 0 3 32094 1113 
0 0 0 0 0 0 0 3 32104 1104 
0 0 0 0 0 0 0 3 32114 1095 
0 0 0 0 0 0 0 3 32124 1086 
0 0 0 0 0 0 0 3 32134 1077 
0 0 0 0 0 0 0 3 32144 1068 
0 0 0 0 0 0 0 3 32154 1059 
0 0 0 0 0 0 0 3 32164 1050 
0 0 0 0 0 0 0 3 32174 1041 
0 0 0 0 0 0 0 3 32184 1032 
0 0 0 0 0 0 0 3 32194 1023 
0 0 0 0 0 0 0 3 32204 1014 
0 0 0 0 0 0 0 3 32214 1005 
0 0 0 0 0 0 0 3 32224 996 
0 0 0 0 0 0 0 3 32234 987 
0 0 0 0 0 0 0 3 32244 978 
0 0 0 0 0 0 0 3 32254 969 
0 0 0 0 0 0 0 3 32264 960 
0 0 0 0 0 0 0 3 32274 951 
0 0 0 0 0 0 0 3 32284 942 
0 0 0 0 0 0 0 3 32294 933 
0 0 0 0 0 0 0 3 32304 924 
0 0 0 0 0 0 0 3 32314 915 
0 0 0 0 0 0 0 3 32324 906 
0 0 0 0 0 0 0 3 32334 897 
0 0 0 0 0 0 0 3 32344 888 
0 0 0 0 0 0 0 3 32354 879 
0 0 0 0 0 0 0 3 32364 870 
0 0 0 0 0 0 0 3 32374 861 
0 0 0 0 0 0 0 3 32384 852 
0 0 0 0 0 0 0 3 32394 843 
0 0 0 0 0 0 0 3 32404 834 
0 0 0 0 0 0 0 3 32414 825 
0 0 0 0 0 0 0 3 32424 816 
0 0 0 0 0 0 0 3 32434 807 
0 0 0 0 0 0 0 3 32444 798 
0 0 0 0 0 0 0 3 32454 789 
0 0 0 0 0 0 0 3 32464 780 
0 0 0 0 0 0 0 3 32474 771 
0 0 0 0 0 0 0 3 32484 762 
0 0 0 0 0 0 0 3 32494 753 
0 0 0 0 0 0 0 3 32504 744 
0 0 0 0 0 0 0 3 32514 735 
0 0 0 0 0 0 0 3 32524 726 
0 0 0 0 0 0 0 3 32534 717 
0 0 0 0 0 0 0 3 32544 708 
0 0 0 0 0 0 0 3 32554 699 
0 0 0 0 0 0 0 3 32564 690 
0 0 0 0 0 0 0 3 32574 681 
0 0 0 0 0 0 0 3 32584 672 
0 0 0 0 0 0 0 3 32594 663 
0 0 0 0 0 0 0 3 32604 654 
0 0 0 0 0 0 0 3 32614 645 
0 0 0 0 0 0 0 3 32624 636 
0 0 0 0 0 0 0 3 32634 627 
0 0 0 0 0 0 0 3 32644 618 
0 0 0 0 0 0 0 3 32654 609 
0 0 0 0 0 0 0 3 32664 600 
0 0 0 0 0 0 0 3 32674 591 
0 0 0 0 0 0 0 3 32684 582 
0 0 0 0 0 0 0 3 32694 573 
0 0 0 0 0 0 0 3 32704 564 
0 0 0 0 0 0 0 3 32714 555 
0 0 0 0 0 0 0 3 32724 546 
0 0 0 0 0 0 0 3 32734 537 
0 0 0 0 0 0 0 3 32744 528 
0 0 0 0 0 0 0 3 32754 519 
0 0 0 0 0 0 0 3 32764 510 
0 0 0 0 0 0 0 3 32774 501 
0 0 0 0 0 0 0 3 32784 492 
0 0 0 0 0 0 0 3 32794 483 
0 0 0 0 0 0 0 3 32804 474 
0 0 0 0 0 0 0 3 32814 465 
0 0 0 0 0 0 0 3 32824 456 
0 0 0 0 0 0 0 3 32834 447 
0 0 0 0 0 0 0 3 32844 438 
0 0 0 0 0 0 0 3 32854 429 
0 0 0 0 0 0 0 3 32864 420 
0 0 0 0 0 0 0 3 32874 411 
0 0 0 0 0 0 0 3 32884 402 
0 0 0 0 0 0 0 3 32894 393 
0 0 0 0 0 0 0 3 32904 384 
0 0 0 0 0 0 0 3 32914 375 
0 0 0 0 0 0 0 3 32924 366 
0 0 0 0 0 0 0 3 32934 357 
0 0 0 0 0 0 0 3 32944 348 
0 0 0 0 0 0 0 3 32954 339 
0 0 0 0 0 0 0 3 32964 330 
0 0 0 0 0 0 0 3 32974 321 
0 0 0 0 0 0 0 3 32984 312 
0 0 0 0 0 0 0 3 32994 303 
0 0 0 0 0 0 0 3 33004 294 
0 0 0 0 0 0 0 3 33014 285 
0 0 0 0 0 0 0 3 33024 276 
0 0 0 0 0 0 0 3 33034 267 
0 0 0 0 0 0 0 3 33044 258 
0 0 0 0 0 0 0 3 33054 249 
0 0 0 0 0 0 0 3 33064 240 
0 0 0 0 0 0 0 3 33074 231 
0 0 0 0 0 0 0 3 33084 222 
0 0 0 0 0 0 0 3 33094 213 
0 0 0 0 0 0 0 3 33104 204 
0 0 0 0 0 0 0 3 33114 195 
0 0 0 0 0 0 0 3 33124 186 
0 0 0 0 0 0 0 3 33134 177 
0 0 0 0 0 0 0 3 33144 168 
0 0 0 0 0 0 0 3 33154 159 
0 0 0 0 0 0 0 3 33164 150 
0 0 0 0 0 0 0 3 33174 141 
0 0 0 0 0 0 0 3 33184 132 
0 0 0 0 0 0 0 3 33194 123 
0 0 0 0 0 0 0 3 33204 114 
0 0 0 0 0 0 0 3 33214 105 
0 0 0 0 0 0 0 3 33224 96 
0 0 0 0 0 0 0 3 33234 87 
0 0 0 0 0 0 0 3 33244 78 
0 0 0 0 0 0 0 3 33254 69 
0 0 0 0 0 0 0 3 33264 60 
0 0 0 0 0 0 0 3 33274 51 
0 0 0 0 0 0 0 3 33284 42 
0 0 0 0 0 0 0 3 33294 33 
0 0 0 0 0 0 0 3 33304 24 
0 0 0 0 0 0 0 3 33314 15 
0 0 0 0 0 0 0 3 33324 6 
0 0 0 0 0 0 0 4 2 29995 
0 0 0 0 0 0 0 4 12 29986 
0 0 0 0 0 0 0 4 22 29977 
0 0 0 0 0 0 0 4 32 29968 
0 0 0 0 0 0 0 4 42 29959 
0 0 0 0 0 0 0 4 52 29950 
0 0 0 0 0 0 0 4 62 29941 
0 0 0 0 0 0 0 4 72 29932 
0 0 0 0 0 0 0 4 82 29923 
0 0 0 0 0 0 0 4 92 29914 
0 0 0 0 0 0 0 4 102 29905 
0 0 0 0 0 0 0 4 112 29896 
0 0 0 0 0 0 0 4 122 29887 
0 0 0 0 0 0 0 4 132 29878 
0 0 0 0 0 0 0 4 142 29869 
0 0 0 0 0 0 0 4 152 29860 
0 0 0 0 0 0 0 4 162 29851 
0 0 0 0 0 0 0 4 172 29842 
0 0 0 0 0 0 0 4 182 29833 
0 0 0 0 0 0 0 4 192 29824 
0 0 0 0 0 0 0 4 202 29815 
0 0 0 0 0 0 0 4 212 29806 
0 0 0 0 0 0 0 4 222 29797 
0 0 0 0 0 0 0 4 232 29788 
0 0 0 0 0 0 0 4 242 29779 
0 0 0 0 0 0 0 4 252 29770 
0 0 0 0 0 0 0 4 262 29761 
0 0 0 0 0 0 0 4 272 29752 
0 0 0 0 0 0 0 4 282 29743 
0 0 0 0 0 0 0 4 292 29734 
0 0 0 0 0 0 0 4 302 29725 
0 0 0 0 0 0 0 4 312 29716 
0 0 0 0 0 0 0 4 322 29707 
0 0 0 0 0 0 0 4 332 29698 
0 0 0 0 0 0 0 4 342 29689 
0 0 0 0 0 0 0 4 352 29680 
0 0 0 0 0 0 0 4 362 29671 
0 0 0 0 0 0 0 4 372 29662 
0 0 0 0 0 0 0 4 382 29653 
0 0 0 0 0 0 0 4 392 29644 
0 0 0 0 0 0 0 4 402 29635 
0 0 0 0 0 0 0 4 412 29626 
0 0 0 0 0 0 0 4 422 29617 
0 0 0 0 0 0 0 4 432 29608 
0 0 0 0 0 0 0 4 442 29599 
0 0 0 0 0 0 0 4 452 29590 
0 0 0 0 0 0 0 4 462 29581 
0 0 0 0 0 0 0 4 472 29572 
0 0 0 0 0 0 0 4 482 29563 
0 0 0 0 0 0 0 4 492 29554 
0 0 0 0 0 0 0 4 502 29545 
0 0 0 0 0 0 0 4 512 29536 
0 0 0 0 0 0 0 4 522 29527 
0 0 0 0 0 0 0 4 532 29518 
0 0 0 0 0 0 0 4 542 29509 
0 0 0 0 0 0 0 4 552 29500 
0 0 0 0 0 0 0 4 562 29491 
0 0 0 0 0 0 0 4 572 29482 
0 0 0 0 0 0 0 4 582 29473 
0 0 0 0 0 0 0 4 592 29464 
0 0 0 0 0 0 0 4 602 29455 
0 0 0 0 0 0 0 4 612 29446 
0 0 0 0 0 0 0 4 622 29437 
0 0 0 0 0 0 0 4 632 29428 
0 0 0 0 0 0 0 4 642 29419 
0 0 0 0 0 0 0 4 652 29410 
0 0 0 0 0 0 0 4 662 29401 
0 0 0 0 0 0 0 4 672 29392 
0 0 0 0 0 0 0 4 682 29383 
0 0 0 0 0 0 0 4 692 29374 
0 0 0 0 0 0 0 4 702 29365 
0 0 0 0 0 0 0 4 712 29356 
0 0 0 0 0 0 0 4 722 29347 
0 0 0 0 0 0 0 4 732 29338 
0 0 0 0 0 0 0 4 742 29329 
0 0 0 0 0 0 0 4 752 29320 
0 0 0 0 0 0 0 4 762 29311 
0 0 0 0 0 0 0 4 772 29302 
0 0 0 0 0 0 0 4 782 29293 
0 0 0 0 0 0 0 4 792 29284 
0 0 0 0 0 0 0 4 802 29275 
0 0 0 0 0 0 0 4 812 29266 
0 0 0 0 0 0 0 4 822 29257 
0 0 0 0 0 0 0 4 832 29248 
0 0 0 0 0 0 0 4 842 29239 
0 0 0 0 0 0 0 4 852 29230 
0 0 0 0 0 0 0 4 862 29221 
0 0 0 0 0 0 0 4 872 29212 
0 0 0 0 0 0 0 4 882 29203 
0 0 0 0 0 0 0 4 892 29194 
0 0 0 0 0 0 0 4 902 29185 
0 0 0 0 0 0 0 4 912 29176 
0 0 0 0 0 0 0 4 922 29167 
0 0 0 0 0 0 0 4 932 29158 
0 0 0 0 0 0 0 4 942 29149 
0 0 0 0 0 0 0 4 952 29140 
0 0 0 0 0 0 0 4 962 29131 
0 0 0 0 0 0 0 4 972 29122 
0 0 0 0 0 0 0 4 982 29113 
0 0 0 0 0 0 0 4 992 29104 
0 0 0 0 0 0 0 4 1002 29095 
0 0 0 0 0 0 0 4 1012 29086 
0 0 0 0 0 0 0 4 1022 29077 
0 0 0 0 0 0 0 4 1032 29068 
0 0 0 0 0 0 0 4 1042 29059 
0 0 0 0 0 0 0 4 1052 29050 
0 0 0 0 0 0 0 4 1062 29041 
0 0 0 0 0 0 0 4 1072 29032 
0 0 0 0 0 0 0 4 1082 29023 
0 0 0 0 0 0 0 4 1092 29014 
0 0 0 0 0 0 0 4 1102 29005 
0 0 0 0 0 0 0 4 1112 28996 
0 0 0 0 0 0 0 4 1122 28987 
0 0 0 0 0 0 0 4 1132 28978 
0 0 0 0 0 0 0 4 1142 28969 
0 0 0 0 0 0 0 4 1152 28960 
0 0 0 0 0 0 0 4 1162 28951 
0 0 0 0 0 0 0 4 1172 28942 
0 0 0 0 0 0 0 4 1182 28933 
0 0 0 0 0 0 0 4 1192 28924 
0 0 0 0 0 0 0 4 1202 28915 
0 0 0 0 0 0 0 4 1212 28906 
0 0 0 0 0 0 0 4 1222 28897 
0 0 0 0 0 0 0 4 1232 28888 
0 0 0 0 0 0 0 4 1242 28879 
0 0 0 0 0 0 0 4 1252 28870 
0 0 0 0 0 0 0 4 1262 28861 
0 0 0 0 0 0 0 4 1272 28852 
0 0 0 0 0 0 0 4 1282 28843 
0 0 0 0 0 0 0 4 1292 28834 
0 0 0 0 0 0 0 4 1302 28825 
0 0 0 0 0 0 0 4 1312 28816 
0 0 0 0 0 0 0 4 1322 28807 
0 0 0 0 0 0 0 4 1332 28798 
0 0 0 0 0 0 0 4 1342 28789 
0 0 0 0 0 0 0 4 1352 28780 
0 0 0 0 0 0 0 4 1362 28771 
0 0 0 0 0 0 0 4 1372 28762 
0 0 0 0 0 0 0 4 1382 28753 
0 0 0 0 0 0 0 4 1392 28744 
0 0 0 0 0 0 0 4 1402 28735 
0 0 0 0 0 0 0 4 1412 28726 
0 0 0 0 0 0 0 4 1422 28717 
0 0 0 0 0 0 0 4 1432 28708 
0 0 0 0 0 0 0 4 1442 28699 
0 0 0 0 0 0 0 4 1452 28690 
0 0 0 0 0 0 0 4 1462 28681 
0 0 0 0 0 0 0 4 1472 28672 
0 0 0 0 0 0 0 4 1482 28663 
0 0 0 0 0 0 0 4 1492 28654 
0 0 0 0 0 0 0 4 1502 28645 
0 0 0 0 0 0 0 4 1512 28636 
0 0 0 0 0 0 0 4 1522 28627 
0 0 0 0 0 0 0 4 1532 28618 
0 0 0 0 0 0 0 4 1542 28609 
0 0 0 0 0 0 0 4 1552 28600 
0 0 0 0 0 0 0 4 1562 28591 
0 0 0 0 0 0 0 4 1572 28582 
0 0 0 0 0 0 0 4 1582 28573 
0 0 0 0 0 0 0 4 1592 28564 
0 0 0 0 0 0 0 4 1602 28555 
0 0 0 0 0 0 0 4 1612 28546 
0 0 0 0 0 0 0 4 1622 28537 
0 0 0 0 0 0 0 4 1632 28528 
0 0 0 0 0 0 0 4 1642 28519 
0 0 0 0 0 0 0 4 1652 28510 
0 0 0 0 0 0 0 4 1662 28501 
0 0 0 0 0 0 0 4 1672 28492 
0 0 0 0 0 0 0 4 1682 28483 
0 0 0 0 0 0 0 4 1692 28474 
0 0 0 0 0 0 0 4 1702 28465 
0 0 0 0 0 0 0 4 1712 28456 
0 0 0 0 0 0 0 4 1722 28447 
0 0 0 0 0 0 0 4 1732 28438 
0 0 0 0 0 0 0 4 1742 28429 
0 0 0 0 0 0 0 4 1752 28420 
0 0 0 0 0 0 0 4 1762 28411 
0 0 0 0 0 0 0 4 1772 28402 
0 0 0 0 0 0 0 4 1782 28393 
0 0 0 0 0 0 0 4 1792 28384 
0 0 0 0 0 0 0 4 1802 28375 
0 0 0 0 0 0 0 4 1812 28366 
0 0 0 0 0 0 0 4 1822 28357 
0 0 0 0 0 0 0 4 1832 28348 
0 0 0 0 0 0 0 4 1842 28339 
0 0 0 0 0 0 0 4 1852 28330 
0 0 0 0 0 0 0 4 1862 28321 
0 0 0 0 0 0 0 4 1872 28312 
0 0 0 0 0 0 0 4 1882 28303 
0 0 0 0 0 0 0 4 1892 28294 
0 0 0 0 0 0 0 4 1902 28285 
0 0 0 0 0 0 0 4 1912 28276 
0 0 0 0 0 0 0 4 1922 28267 
0 0 0 0 0 0 0 4 1932 28258 
0 0 0 0 0 0 0 4 1942 28249 
0 0 0 0 0 0 0 4 1952 28240 
0 0 0 0 0 0 0 4 1962 28231 
0 0 0 0 0 0 0 4 1972 28222 
0 0 0 0 0 0 0 4 1982 28213 
0 0 0 0 0 0 0 4 1992 28204 
0 0 0 0 0 0 0 4 2002 28195 
0 0 0 0 0 0 0 4 2012 28186 
0 0 0 0 0 0 0 4 2022 28177 
0 0 0 0 0 0 0 4 2032 28168 
0 0 0 0 0 0 0 4 2042 28159 
0 0 0 0 0 0 0 4 2052 28150 
0 0 0 0 0 0 0 4 2062 28141 
0 0 0 0 0 0 0 4 2072 28132 
0 0 0 0 0 0 0 4 2082 28123 
0 0 0 0 0 0 0 4 2092 28114 
0 0 0 0 0 0 0 4 2102 28105 
0 0 0 0 0 0 0 4 2112 28096 
0 0 0 0 0 0 0 4 2122 28087 
0 0 0 0 0 0 0 4 2132 28078 
0 0 0 0 0 0 0 4 2142 28069 
0 0 0 0 0 0 0 4 2152 28060 
0 0 0 0 0 0 0 4 2162 28051 
0 0 0 0 0 0 0 4 2172 28042 
0 0 0 0 0 0 0 4 2182 28033 
0 0 0 0 0 0 0 4 2192 28024 
0 0 0 0 0 0 0 4 2202 28015 
0 0 0 0 0 0 0 4 2212 28006 
0 0 0 0 0 0 0 4 2222 27997 
0 0 0 0 0 0 0 4 2232 27988 
0 0 0 0 0 0 0 4 2242 27979 
0 0 0 0 0 0 0 4 2252 27970 
0 0 0 0 0 0 0 4 2262 27961 
0 0 0 0 0 0 0 4 2272 27952 
0 0 0 0 0 0 0 4 2282 27943 
0 0 0 0 0 0 0 4 2292 27934 
0 0 0 0 0 0 0 4 2302 27925 
0 0 0 0 0 0 0 4 2312 27916 
0 0 0 0 0 0 0 4 2322 27907 
0 0 0 0 0 0 0 4 2332 27898 
0 0 0 0 0 0 0 4 2342 27889 
0 0 0 0 0 0 0 4 2352 27880 
0 0 0 0 0 0 0 4 2362 27871 
0 0 0 0 0 0 0 4 2372 27862 
0 0 0 0 0 0 0 4 2382 27853 
0 0 0 0 0 0 0 4 2392 27844 
0 0 0 0 0 0 0 4 2402 27835 
0 0 0 0 0 0 0 4 2412 27826 
0 0 0 0 0 0 0 4 2422 27817 
0 0 0 0 0 0 0 4 2432 27808 
0 0 0 0 0 0 0 4 2442 27799 
0 0 0 0 0 0 0 4 2452 27790 
0 0 0 0 0 0 0 4 2462 27781 
0 0 0 0 0 0 0 4 2472 27772 
0 0 0 0 0 0 0 4 2482 27763 
0 0 0 0 0 0 0 4 2492 27754 
0 0 0 0 0 0 0 4 2502 27745 
0 0 0 0 0 0 0 4 2512 27736 
0 0 0 0 0 0 0 4 2522 27727 
0 0 0 0 0 0 0 4 2532 27718 
0 0 0 0 0 0 0 4 2542 27709 
0 0 0 0 0 0 0 4 2552 27700 
0 0 0 0 0 0 0 4 2562 27691 
0 0 0 0 0 0 0 4 2572 27682 
0 0 0 0 0 0 0 4 2582 27673 
0 0 0 0 0 0 0 4 2592 27664 
0 0 0 0 0 0 0 4 2602 27655 
0 0 0 0 0 0 0 4 2612 27646 
0 0 0 0 0 0 0 4 2622 27637 
0 0 0 0 0 0 0 4 2632 27628 
0 0 0 0 0 0 0 4 2642 27619 
0 0 0 0 0 0 0 4 2652 27610 
0 0 0 0 0 0 0 4 2662 27601 
0 0 0 0 0 0 0 4 2672 27592 
0 0 0 0 0 0 0 4 2682 27583 
0 0 0 0 0 0 0 4 2692 27574 
0 0 0 0 0 0 0 4 2702 27565 
0 0 0 0 0 0 0 4 2712 27556 
0 0 0 0 0 0 0 4 2722 27547 
0 0 0 0 0 0 0 4 2732 27538 
0 0 0 0 0 0 0 4 2742 27529 
0 0 0 0 0 0 0 4 2752 27520 
0 0 0 0 0 0 0 4 2762 27511 
0 0 0 0 0 0 0 4 2772 27502 
0 0 0 0 0 0 0 4 2782 27493 
0 0 0 0 0 0 0 4 2792 27484 
0 0 0 0 0 0 0 4 2802 27475 
0 0 0 0 0 0 0 4 2812 27466 
0 0 0 0 0 0 0 4 2822 27457 
0 0 0 0 0 0 0 4 2832 27448 
0 0 0 0 0 0 0 4 2842 27439 
0 0 0 0 0 0 0 4 2852 27430 
0 0 0 0 0 0 0 4 2862 27421 
0 0 0 0 0 0 0 4 2872 27412 
0 0 0 0 0 0 0 4 2882 27403 
0 0 0 0 0 0 0 4 2892 27394 
0 0 0 0 0 0 0 4 2902 27385 
0 0 0 0 0 0 0 4 2912 27376 
0 0 0 0 0 0 0 4 2922 27367 
0 0 0 0 0 0 0 4 2932 27358 
0 0 0 0 0 0 0 4 2942 27349 
0 0 0 0 0 0 0 4 2952 27340 
0 0 0 0 0 0 0 4 2962 27331 
0 0 0 0 0 0 0 4 2972 27322 
0 0 0 0 0 0 0 4 2982 27313 
0 0 0 0 0 0 0 4 2992 27304 
0 0 0 0 0 0 0 4 3002 27295 
0 0 0 0 0 0 0 4 3012 27286 
0 0 0 0 0 0 0 4 3022 27277 
0 0 0 0 0 0 0 4 3032 27268 
0 0 0 0 0 0 0 4 3042 27259 
0 0 0 0 0 0 0 4 3052 27250 
0 0 0 0 0 0 0 4 3062 27241 
0 0 0 0 0 0 0 4 3072 27232 
0 0 0 0 0 0 0 4 3082 27223 
0 0 0 0 0 0 0 4 3092 27214 
0 0 0 0 0 0 0 4 3102 27205 
0 0 0 0 0 0 0 4 3112 27196 
0 0 0 0 0 0 0 4 3122 27187 
0 0 0 0 0 0 0 4 3132 27178 
0 0 0 0 0 0 0 4 3142 27169 
0 0 0 0 0 0 0 4 3152 27160 
0 0 0 0 0 0 0 4 3162 27151 
0 0 0 0 0 0 0 4 3172 27142 
0 0 0 0 0 0 0 4 3182 27133 
0 0 0 0 0 0 0 4 3192 27124 
0 0 0 0 0 0 0 4 3202 27115 
0 0 0 0 0 0 0 4 3212 27106 
0 0 0 0 0 0 0 4 3222 27097 
0 0 0 0 0 0 0 4 3232 27088 
0 0 0 0 0 0 0 4 3242 27079 
0 0 0 0 0 0 0 4 3252 27070 
0 0 0 0 0 0 0 4 3262 27061 
0 0 0 0 0 0 0 4 3272 27052 
0 0 0 0 0 0 0 4 3282 27043 
0 0 0 0 0 0 0 4 3292 27034 
0 0 0 0 0 0 0 4 3302 27025 
0 0 0 0 0 0 0 4 3312 27016 
0 0 0 0 0 0 0 4 3322 27007 
0 0 0 0 0 0 0 4 3332 26998 
0 0 0 0 0 0 0 4 3342 26989 
0 0 0 0 0 0 0 4 3352 26980 
0 0 0 0 0 0 0 4 3362 26971 
0 0 0 0 0 0 0 4 3372 26962 
0 0 0 0 0 0 0 4 3382 26953 
0 0 0 0 0 0 0 4 3392 26944 
0 0 0 0 0 0 0 4 3402 26935 
0 0 0 0 0 0 0 4 3412 26926 
0 0 0 0 0 0 0 4 3422 26917 
0 0 0 0 0 0 0 4 3432 26908 
0 0 0 0 0 0 0 4 3442 26899 
0 0 0 0 0 0 0 4 3452 26890 
0 0 0 0 0 0 0 4 3462 26881 
0 0 0 0 0 0 0 4 3472 26872 
0 0 0 0 0 0 0 4 3482 26863 
0 0 0 0 0 0 0 4 3492 26854 
0 0 0 0 0 0 0 4 3502 26845 
0 0 0 0 0 0 0 4 3512 26836 
0 0 0 0 0 0 0 4 3522 26827 
0 0 0 0 0 0 0 4 3532 26818 
0 0 0 0 0 0 0 4 3542 26809 
0 0 0 0 0 0 0 4 3552 26800 
0 0 0 0 0 0 0 4 3562 26791 
0 0 0 0 0 0 0 4 3572 26782 
0 0 0 0 0 0 0 4 3582 26773 
0 0 0 0 0 0 0 4 3592 26764 
0 0 0 0 0 0 0 4 3602 26755 
0 0 0 0 0 0 0 4 3612 26746 
0 0 0 0 0 0 0 4 3622 26737 
0 0 0 0 0 0 0 4 3632 26728 
0 0 0 0 0 0 0 4 3642 26719 
0 0 0 0 0 0 0 4 3652 26710 
0 0 0 0 0 0 0 4 3662 26701 
0 0 0 0 0 0 0 4 3672 26692 
0 0 0 0 0 0 0 4 3682 26683 
0 0 0 0 0 0 0 4 3692 26674 
0 0 0 0 0 0 0 4 3702 26665 
0 0 0 0 0 0 0 4 3712 26656 
0 0 0 0 0 0 0 4 3722 26647 
0 0 0 0 0 0 0 4 3732 26638 
0 0 0 0 0 0 0 4 3742 26629 
0 0 0 0 0 0 0 4 3752 26620 
0 0 0 0 0 0 0 4 3762 26611 
0 0 0 0 0 0 0 4 3772 26602 
0 0 0 0 0 0 0 4 3782 26593 
0 0 0 0 0 0 0 4 3792 26584 
0 0 0 0 0 0 0 4 3802 26575 
0 0 0 0 0 0 0 4 3812 26566 
0 0 0 0 0 0 0 4 3822 26557 
0 0 0 0 0 0 0 4 3832 26548 
0 0 0 0 0 0 0 4 3842 26539 
0 0 0 0 0 0 0 4 3852 26530 
0 0 0 0 0 0 0 4 3862 26521 
0 0 0 0 0 0 0 4 3872 26512 
0 0 0 0 0 0 0 4 3882 26503 
0 0 0 0 0 0 0 4 3892 26494 
0 0 0 0 0 0 0 4 3902 26485 
0 0 0 0 0 0 0 4 3912 26476 
0 0 0 0 0 0 0 4 3922 26467 
0 0 0 0 0 0 0 4 3932 26458 
0 0 0 0 0 0 0 4 3942 26449 
0 0 0 0 0 0 0 4 3952 26440 
0 0 0 0 0 0 0 4 3962 26431 
0 0 0 0 0 0 0 4 3972 26422 
0 0 0 0 0 0 0 4 3982 26413 
0 0 0 0 0 0 0 4 3992 26404 
0 0 0 0 0 0 0 4 4002 26395 
0 0 0 0 0 0 0 4 4012 26386 
0 0 0 0 0 0 0 4 4022 26377 
0 0 0 0 0 0 0 4 4032 26368 
0 0 0 0 0 0 0 4 4042 26359 
0 0 0 0 0 0 0 4 4052 26350 
0 0 0 0 0 0 0 4 4062 26341 
0 0 0 0 0 0 0 4 4072 26332 
0 0 0 0 0 0 0 4 4082 26323 
0 0 0 0 0 0 0 4 4092 26314 
0 0 0 0 0 0 0 4 4102 26305 
0 0 0 0 0 0 0 4 4112 26296 
0 0 0 0 0 0 0 4 4122 26287 
0 0 0 0 0 0 0 4 4132 26278 
0 0 0 0 0 0 0 4 4142 26269 
0 0 0 0 0 0 0 4 4152 26260 
0 0 0 0 0 0 0 4 4162 26251 
0 0 0 0 0 0 0 4 4172 26242 
0 0 0 0 0 0 0 4 4182 26233 
0 0 0 0 0 0 0 4 4192 26224 
0 0 0 0 0 0 0 4 4202 26215 
0 0 0 0 0 0 0 4 4212 26206 
0 0 0 0 0 0 0 4 4222 26197 
0 0 0 0 0 0 0 4 4232 26188 
0 0 0 0 0 0 0 4 4242 26179 
0 0 0 0 0 0 0 4 4252 26170 
0 0 0 0 0 0 0 4 4262 26161 
0 0 0 0 0 0 0 4 4272 26152 
0 0 0 0 0 0 0 4 4282 26143 
0 0 0 0 0 0 0 4 4292 26134 
0 0 0 0 0 0 0 4 4302 26125 
0 0 0 0 0 0 0 4 4312 26116 
0 0 0 0 0 0 0 4 4322 26107 
0 0 0 0 0 0 0 4 4332 26098 
0 0 0 0 0 0 0 4 4342 26089 
0 0 0 0 0 0 0 4 4352 26080 
0 0 0 0 0 0 0 4 4362 26071 
0 0 0 0 0 0 0 4 4372 26062 
0 0 0 0 0 0 0 4 4382 26053 
0 0 0 0 0 0 0 4 4392 26044 
0 0 0 0 0 0 0 4 4402 26035 
0 0 0 0 0 0 0 4 4412 26026 
0 0 0 0 0 0 0 4 4422 26017 
0 0 0 0 0 0 0 4 4432 26008 
0 0 0 0 0 0 0 4 4442 25999 
0 0 0 0 0 0 0 4 4452 25990 
0 0 0 0 0 0 0 4 4462 25981 
0 0 0 0 0 0 0 4 4472 25972 
0 0 0 0 0 0 0 4 4482 25963 
0 0 0 0 0 0 0 4 4492 25954 
0 0 0 0 0 0 0 4 4502 25945 
0 0 0 0 0 0 0 4 4512 25936 
0 0 0 0 0 0 0 4 4522 25927 
0 0 0 0 0 0 0 4 4532 25918 
0 0 0 0 0 0 0 4 4542 25909 
0 0 0 0 0 0 0 4 4552 25900 
0 0 0 0 0 0 0 4 4562 25891 
0 0 0 0 0 0 0 4 4572 25882 
0 0 0 0 0 0 0 4 4582 25873 
0 0 0 0 0 0 0 4 4592 25864 
0 0 0 0 0 0 0 4 4602 25855 
0 0 0 0 0 0 0 4 4612 25846 
0 0 0 0 0 0 0 4 4622 25837 
0 0 0 0 0 0 0 4 4632 25828 
0 0 0 0 0 0 0 4 4642 25819 
0 0 0 0 0 0 0 4 4652 25810 
0 0 0 0 0 0 0 4 4662 25801 
0 0 0 0 0 0 0 4 4672 25792 
0 0 0 0 0 0 0 4 4682 25783 
0 0 0 0 0 0 0 4 4692 25774 
0 0 0 0 0 0 0 4 4702 25765 
0 0 0 0 0 0 0 4 4712 25756 
0 0 0 0 0 0 0 4 4722 25747 
0 0 0 0 0 0 0 4 4732 25738 
0 0 0 0 0 0 0 4 4742 25729 
0 0 0 0 0 0 0 4 4752 25720 
0 0 0 0 0 0 0 4 4762 25711 
0 0 0 0 0 0 0 4 4772 25702 
0 0 0 0 0 0 0 4 4782 25693 
0 0 0 0 0 0 0 4 4792 25684 
0 0 0 0 0 0 0 4 4802 25675 
0 0 0 0 0 0 0 4 4812 25666 
0 0 0 0 0 0 0 4 4822 25657 
0 0 0 0 0 0 0 4 4832 25648 
0 0 0 0 0 0 0 4 4842 25639 
0 0 0 0 0 0 0 4 4852 25630 
0 0 0 0 0 0 0 4 4862 25621 
0 0 0 0 0 0 0 4 4872 25612 
0 0 0 0 0 0 0 4 4882 25603 
0 0 0 0 0 0 0 4 4892 25594 
0 0 0 0 0 0 0 4 4902 25585 
0 0 0 0 0 0 0 4 4912 25576 
0 0 0 0 0 0 0 4 4922 25567 
0 0 0 0 0 0 0 4 4932 25558 
0 0 0 0 0 0 0 4 4942 25549 
0 0 0 0 0 0 0 4 4952 25540 
0 0 0 0 0 0 0 4 4962 25531 
0 0 0 0 0 0 0 4 4972 25522 
0 0 0 0 0 0 0 4 4982 25513 
0 0 0 0 0 0 0 4 4992 25504 
0 0 0 0 0 0 0 4 5002 25495 
0 0 0 0 0 0 0 4 5012 25486 
0 0 0 0 0 0 0 4 5022 25477 
0 0 0 0 0 0 0 4 5032 25468 
0 0 0 0 0 0 0 4 5042 25459 
0 0 0 0 0 0 0 4 5052 25450 
0 0 0 0 0 0 0 4 5062 25441 
0 0 0 0 0 0 0 4 5072 25432 
0 0 0 0 0 0 0 4 5082 25423 
0 0 0 0 0 0 0 4 5092 25414 
0 0 0 0 0 0 0 4 5102 25405 
0 0 0 0 0 0 0 4 5112 25396 
0 0 0 0 0 0 0 4 5122 25387 
0 0 0 0 0 0 0 4 5132 25378 
0 0 0 0 0 0 0 4 5142 25369 
0 0 0 0 0 0 0 4 5152 25360 
0 0 0 0 0 0 0 4 5162 25351 
0 0 0 0 0 0 0 4 5172 25342 
0 0 0 0 0 0 0 4 5182 25333 
0 0 0 0 0 0 0 4 5192 25324 
0 0 0 0 0 0 0 4 5202 25315 
0 0 0 0 0 0 0 4 5212 25306 
0 0 0 0 0 0 0 4 5222 25297 
0 0 0 0 0 0 0 4 5232 25288 
0 0 0 0 0 0 0 4 5242 25279 
0 0 0 0 0 0 0 4 5252 25270 
0 0 0 0 0 0 0 4 5262 25261 
0 0 0 0 0 0 0 4 5272 25252 
0 0 0 0 0 0 0 4 5282 25243 
0 0 0 0 0 0 0 4 5292 25234 
0 0 0 0 0 0 0 4 5302 25225 
0 0 0 0 0 0 0 4 5312 25216 
0 0 0 0 0 0 0 4 5322 25207 
0 0 0 0 0 0 0 4 5332 25198 
0 0 0 0 0 0 0 4 5342 25189 
0 0 0 0 0 0 0 4 5352 25180 
0 0 0 0 0 0 0 4 5362 25171 
0 0 0 0 0 0 0 4 5372 25162 
0 0 0 0 0 0 0 4 5382 25153 
0 0 0 0 0 0 0 4 5392 25144 
0 0 0 0 0 0 0 4 5402 25135 
0 0 0 0 0 0 0 4 5412 25126 
0 0 0 0 0 0 0 4 5422 25117 
0 0 0 0 0 0 0 4 5432 25108 
0 0 0 0 0 0 0 4 5442 25099 
0 0 0 0 0 0 0 4 5452 25090 
0 0 0 0 0 0 0 4 5462 25081 
0 0 0 0 0 0 0 4 5472 25072 
0 0 0 0 0 0 0 4 5482 25063 
0 0 0 0 0 0 0 4 5492 25054 
0 0 0 0 0 0 0 4 5502 25045 
0 0 0 0 0 0 0 4 5512 25036 
0 0 0 0 0 0 0 4 5522 25027 
0 0 0 0 0 0 0 4 5532 25018 
0 0 0 0 0 0 0 4 5542 25009 
0 0 0 0 0 0 0 4 5552 25000 
0 0 0 0 0 0 0 4 5562 24991 
0 0 0 0 0 0 0 4 5572 24982 
0 0 0 0 0 0 0 4 5582 24973 
0 0 0 0 0 0 0 4 5592 24964 
0 0 0 0 0 0 0 4 5602 24955 
0 0 0 0 0 0 0 4 5612 24946 
0 0 0 0 0 0 0 4 5622 24937 
0 0 0 0 0 0 0 4 5632 24928 
0 0 0 0 0 0 0 4 5642 24919 
0 0 0 0 0 0 0 4 5652 24910 
0 0 0 0 0 0 0 4 5662 24901 
0 0 0 0 0 0 0 4 5672 24892 
0 0 0 0 0 0 0 4 5682 24883 
0 0 0 0 0 0 0 4 5692 24874 
0 0 0 0 0 0 0 4 5702 24865 
0 0 0 0 0 0 0 4 5712 24856 
0 0 0 0 0 0 0 4 5722 24847 
0 0 0 0 0 0 0 4 5732 24838 
0 0 0 0 0 0 0 4 5742 24829 
0 0 0 0 0 0 0 4 5752 24820 
0 0 0 0 0 0 0 4 5762 24811 
0 0 0 0 0 0 0 4 5772 24802 
0 0 0 0 0 0 0 4 5782 24793 
0 0 0 0 0 0 0 4 5792 24784 
0 0 0 0 0 0 0 4 5802 24775 
0 0 0 0 0 0 0 4 5812 24766 
0 0 0 0 0 0 0 4 5822 24757 
0 0 0 0 0 0 0 4 5832 24748 
0 0 0 0 0 0 0 4 5842 24739 
0 0 0 0 0 0 0 4 5852 24730 
0 0 0 0 0 0 0 4 5862 24721 
0 0 0 0 0 0 0 4 5872 24712 
0 0 0 0 0 0 0 4 5882 24703 
0 0 0 0 0 0 0 4 5892 24694 
0 0 0 0 0 0 0 4 5902 24685 
0 0 0 0 0 0 0 4 5912 24676 
0 0 0 0 0 0 0 4 5922 24667 
0 0 0 0 0 0 0 4 5932 24658 
0 0 0 0 0 0 0 4 5942 24649 
0 0 0 0 0 0 0 4 5952 24640 
0 0 0 0 0 0 0 4 5962 24631 
0 0 0 0 0 0 0 4 5972 24622 
0 0 0 0 0 0 0 4 5982 24613 
0 0 0 0 0 0 0 4 5992 24604 
0 0 0 0 0 0 0 4 6002 24595 
0 0 0 0 0 0 0 4 6012 24586 
0 0 0 0 0 0 0 4 6022 24577 
0 0 0 0 0 0 0 4 6032 24568 
0 0 0 0 0 0 0 4 6042 24559 
0 0 0 0 0 0 0 4 6052 24550 
0 0 0 0 0 0 0 4 6062 24541 
0 0 0 0 0 0 0 4 6072 24532 
0 0 0 0 0 0 0 4 6082 24523 
0 0 0 0 0 0 0 4 6092 24514 
0 0 0 0 0 0 0 4 6102 24505 
0 0 0 0 0 0 0 4 6112 24496 
0 0 0 0 0 0 0 4 6122 24487 
0 0 0 0 0 0 0 4 6132 24478 
0 0 0 0 0 0 0 4 6142 24469 
0 0 0 0 0 0 0 4 6152 24460 
0 0 0 0 0 0 0 4 6162 24451 
0 0 0 0 0 0 0 4 6172 24442 
0 0 0 0 0 0 0 4 6182 24433 
0 0 0 0 0 0 0 4 6192 24424 
0 0 0 0 0 0 0 4 6202 24415 
0 0 0 0 0 0 0 4 6212 24406 
0 0 0 0 0 0 0 4 6222 24397 
0 0 0 0 0 0 0 4 6232 24388 
0 0 0 0 0 0 0 4 6242 24379 
0 0 0 0 0 0 0 4 6252 24370 
0 0 0 0 0 0 0 4 6262 24361 
0 0 0 0 0 0 0 4 6272 24352 
0 0 0 0 0 0 0 4 6282 24343 
0 0 0 0 0 0 0 4 6292 24334 
0 0 0 0 0 0 0 4 6302 24325 
0 0 0 0 0 0 0 4 6312 24316 
0 0 0 0 0 0 0 4 6322 24307 
0 0 0 0 0 0 0 4 6332 24298 
0 0 0 0 0 0 0 4 6342 24289 
0 0 0 0 0 0 0 4 6352 24280 
0 0 0 0 0 0 0 4 6362 24271 
0 0 0 0 0 0 0 4 6372 24262 
0 0 0 0 0 0 0 4 6382 24253 
0 0 0 0 0 0 0 4 6392 24244 
0 0 0 0 0 0 0 4 6402 24235 
0 0 0 0 0 0 0 4 6412 24226 
0 0 0 0 0 0 0 4 6422 24217 
0 0 0 0 0 0 0 4 6432 24208 
0 0 0 0 0 0 0 4 6442 24199 
0 0 0 0 0 0 0 4 6452 24190 
0 0 0 0 0 0 0 4 6462 24181 
0 0 0 0 0 0 0 4 6472 24172 
0 0 0 0 0 0 0 4 6482 24163 
0 0 0 0 0 0 0 4 6492 24154 
0 0 0 0 0 0 0 4 6502 24145 
0 0 0 0 0 0 0 4 6512 24136 
0 0 0 0 0 0 0 4 6522 24127 
0 0 0 0 0 0 0 4 6532 24118 
0 0 0 0 0 0 0 4 6542 24109 
0 0 0 0 0 0 0 4 6552 24100 
0 0 0 0 0 0 0 4 6562 24091 
0 0 0 0 0 0 0 4 6572 24082 
0 0 0 0 0 0 0 4 6582 24073 
0 0 0 0 0 0 0 4 6592 24064 
0 0 0 0 0 0 0 4 6602 24055 
0 0 0 0 0 0 0 4 6612 24046 
0 0 0 0 0 0 0 4 6622 24037 
0 0 0 0 0 0 0 4 6632 24028 
0 0 0 0 0 0 0 4 6642 24019 
0 0 0 0 0 0 0 4 6652 24010 
0 0 0 0 0 0 0 4 6662 24001 
0 0 0 0 0 0 0 4 6672 23992 
0 0 0 0 0 0 0 4 6682 23983 
0 0 0 0 0 0 0 4 6692 23974 
0 0 0 0 0 0 0 4 6702 23965 
0 0 0 0 0 0 0 4 6712 23956 
0 0 0 0 0 0 0 4 6722 23947 
0 0 0 0 0 0 0 4 6732 23938 
0 0 0 0 0 0 0 4 6742 23929 
0 0 0 0 0 0 0 4 6752 23920 
0 0 0 0 0 0 0 4 6762 23911 
0 0 0 0 0 0 0 4 6772 23902 
0 0 0 0 0 0 0 4 6782 23893 
0 0 0 0 0 0 0 4 6792 23884 
0 0 0 0 0 0 0 4 6802 23875 
0 0 0 0 0 0 0 4 6812 23866 
0 0 0 0 0 0 0 4 6822 23857 
0 0 0 0 0 0 0 4 6832 23848 
0 0 0 0 0 0 0 4 6842 23839 
0 0 0 0 0 0 0 4 6852 23830 
0 0 0 0 0 0 0 4 6862 23821 
0 0 0 0 0 0 0 4 6872 23812 
0 0 0 0 0 0 0 4 6882 23803 
0 0 0 0 0 0 0 4 6892 23794 
0 0 0 0 0 0 0 4 6902 23785 
0 0 0 0 0 0 0 4 6912 23776 
0 0 0 0 0 0 0 4 6922 23767 
0 0 0 0 0 0 0 4 6932 23758 
0 0 0 0 0 0 0 4 6942 23749 
0 0 0 0 0 0 0 4 6952 23740 
0 0 0 0 0 0 0 4 6962 23731 
0 0 0 0 0 0 0 4 6972 23722 
0 0 0 0 0 0 0 4 6982 23713 
0 0 0 0 0 0 0 4 6992 23704 
0 0 0 0 0 0 0 4 7002 23695 
0 0 0 0 0 0 0 4 7012 23686 
0 0 0 0 0 0 0 4 7022 23677 
0 0 0 0 0 0 0 4 7032 23668 
0 0 0 0 0 0 0 4 7042 23659 
0 0 0 0 0 0 0 4 7052 23650 
0 0 0 0 0 0 0 4 7062 23641 
0 0 0 0 0 0 0 4 7072 23632 
0 0 0 0 0 0 0 4 7082 23623 
0 0 0 0 0 0 0 4 7092 23614 
0 0 0 0 0 0 0 4 7102 23605 
0 0 0 0 0 0 0 4 7112 23596 
0 0 0 0 0 0 0 4 7122 23587 
0 0 0 0 0 0 0 4 7132 23578 
0 0 0 0 0 0 0 4 7142 23569 
0 0 0 0 0 0 0 4 7152 23560 
0 0 0 0 0 0 0 4 7162 23551 
0 0 0 0 0 0 0 4 7172 23542 
0 0 0 0 0 0 0 4 7182 23533 
0 0 0 0 0 0 0 4 7192 23524 
0 0 0 0 0 0 0 4 7202 23515 
0 0 0 0 0 0 0 4 7212 23506 
0 0 0 0 0 0 0 4 7222 23497 
0 0 0 0 0 0 0 4 7232 23488 
0 0 0 0 0 0 0 4 7242 23479 
0 0 0 0 0 0 0 4 7252 23470 
0 0 0 0 0 0 0 4 7262 23461 
0 0 0 0 0 0 0 4 7272 23452 
0 0 0 0 0 0 0 4 7282 23443 
0 0 0 0 0 0 0 4 7292 23434 
0 0 0 0 0 0 0 4 7302 23425 
0 0 0 0 0 0 0 4 7312 23416 
0 0 0 0 0 0 0 4 7322 23407 
0 0 0 0 0 0 0 4 7332 23398 
0 0 0 0 0 0 0 4 7342 23389 
0 0 0 0 0 0 0 4 7352 23380 
0 0 0 0 0 0 0 4 7362 23371 
0 0 0 0 0 0 0 4 7372 23362 
0 0 0 0 0 0 0 4 7382 23353 
0 0 0 0 0 0 0 4 7392 23344 
0 0 0 0 0 0 0 4 7402 23335 
0 0 0 0 0 0 0 4 7412 23326 
0 0 0 0 0 0 0 4 7422 23317 
0 0 0 0 0 0 0 4 7432 23308 
0 0 0 0 0 0 0 4 7442 23299 
0 0 0 0 0 0 0 4 7452 23290 
0 0 0 0 0 0 0 4 7462 23281 
0 0 0 0 0 0 0 4 7472 23272 
0 0 0 0 0 0 0 4 7482 23263 
0 0 0 0 0 0 0 4 7492 23254 
0 0 0 0 0 0 0 4 7502 23245 
0 0 0 0 0 0 0 4 7512 23236 
0 0 0 0 0 0 0 4 7522 23227 
0 0 0 0 0 0 0 4 7532 23218 
0 0 0 0 0 0 0 4 7542 23209 
0 0 0 0 0 0 0 4 7552 23200 
0 0 0 0 0 0 0 4 7562 23191 
0 0 0 0 0 0 0 4 7572 23182 
0 0 0 0 0 0 0 4 7582 23173 
0 0 0 0 0 0 0 4 7592 23164 
0 0 0 0 0 0 0 4 7602 23155 
0 0 0 0 0 0 0 4 7612 23146 
0 0 0 0 0 0 0 4 7622 23137 
0 0 0 0 0 0 0 4 7632 23128 
0 0 0 0 0 0 0 4 7642 23119 
0 0 0 0 0 0 0 4 7652 23110 
0 0 0 0 0 0 0 4 7662 23101 
0 0 0 0 0 0 0 4 7672 23092 
0 0 0 0 0 0 0 4 7682 23083 
0 0 0 0 0 0 0 4 7692 23074 
0 0 0 0 0 0 0 4 7702 23065 
0 0 0 0 0 0 0 4 7712 23056 
0 0 0 0 0 0 0 4 7722 23047 
0 0 0 0 0 0 0 4 7732 23038 
0 0 0 0 0 0 0 4 7742 23029 
0 0 0 0 0 0 0 4 7752 23020 
0 0 0 0 0 0 0 4 7762 23011 
0 0 0 0 0 0 0 4 7772 23002 
0 0 0 0 0 0 0 4 7782 22993 
0 0 0 0 0 0 0 4 7792 22984 
0 0 0 0 0 0 0 4 7802 22975 
0 0 0 0 0 0 0 4 7812 22966 
0 0 0 0 0 0 0 4 7822 22957 
0 0 0 0 0 0 0 4 7832 22948 
0 0 0 0 0 0 0 4 7842 22939 
0 0 0 0 0 0 0 4 7852 22930 
0 0 0 0 0 0 0 4 7862 22921 
0 0 0 0 0 0 0 4 7872 22912 
0 0 0 0 0 0 0 4 7882 22903 
0 0 0 0 0 0 0 4 7892 22894 
0 0 0 0 0 0 0 4 7902 22885 
0 0 0 0 0 0 0 4 7912 22876 
0 0 0 0 0 0 0 4 7922 22867 
0 0 0 0 0 0 0 4 7932 22858 
0 0 0 0 0 0 0 4 7942 22849 
0 0 0 0 0 0 0 4 7952 22840 
0 0 0 0 0 0 0 4 7962 22831 
0 0 0 0 0 0 0 4 7972 22822 
0 0 0 0 0 0 0 4 7982 22813 
0 0 0 0 0 0 0 4 7992 22804 
0 0 0 0 0 0 0 4 8002 22795 
0 0 0 0 0 0 0 4 8012 22786 
0 0 0 0 0 0 0 4 8022 22777 
0 0 0 0 0 0 0 4 8032 22768 
0 0 0 0 0 0 0 4 8042 22759 
0 0 0 0 0 0 0 4 8052 22750 
0 0 0 0 0 0 0 4 8062 22741 
0 0 0 0 0 0 0 4 8072 22732 
0 0 0 0 0 0 0 4 8082 22723 
0 0 0 0 0 0 0 4 8092 22714 
0 0 0 0 0 0 0 4 8102 22705 
0 0 0 0 0 0 0 4 8112 22696 
0 0 0 0 0 0 0 4 8122 22687 
0 0 0 0 0 0 0 4 8132 22678 
0 0 0 0 0 0 0 4 8142 22669 
0 0 0 0 0 0 0 4 8152 22660 
0 0 0 0 0 0 0 4 8162 22651 
0 0 0 0 0 0 0 4 8172 22642 
0 0 0 0 0 0 0 4 8182 22633 
0 0 0 0 0 0 0 4 8192 22624 
0 0 0 0 0 0 0 4 8202 22615 
0 0 0 0 0 0 0 4 8212 22606 
0 0 0 0 0 0 0 4 8222 22597 
0 0 0 0 0 0 0 4 8232 22588 
0 0 0 0 0 0 0 4 8242 22579 
0 0 0 0 0 0 0 4 8252 22570 
0 0 0 0 0 0 0 4 8262 22561 
0 0 0 0 0 0 0 4 8272 22552 
0 0 0 0 0 0 0 4 8282 22543 
0 0 0 0 0 0 0 4 8292 22534 
0 0 0 0 0 0 0 4 8302 22525 
0 0 0 0 0 0 0 4 8312 22516 
0 0 0 0 0 0 0 4 8322 22507 
0 0 0 0 0 0 0 4 8332 22498 
0 0 0 0 0 0 0 4 8342 22489 
0 0 0 0 0 0 0 4 8352 22480 
0 0 0 0 0 0 0 4 8362 22471 
0 0 0 0 0 0 0 4 8372 22462 
0 0 0 0 0 0 0 4 8382 22453 
0 0 0 0 0 0 0 4 8392 22444 
0 0 0 0 0 0 0 4 8402 22435 
0 0 0 0 0 0 0 4 8412 22426 
0 0 0 0 0 0 0 4 8422 22417 
0 0 0 0 0 0 0 4 8432 22408 
0 0 0 0 0 0 0 4 8442 22399 
0 0 0 0 0 0 0 4 8452 22390 
0 0 0 0 0 0 0 4 8462 22381 
0 0 0 0 0 0 0 4 8472 22372 
0 0 0 0 0 0 0 4 8482 22363 
0 0 0 0 0 0 0 4 8492 22354 
0 0 0 0 0 0 0 4 8502 22345 
0 0 0 0 0 0 0 4 8512 22336 
0 0 0 0 0 0 0 4 8522 22327 
0 0 0 0 0 0 0 4 8532 22318 
0 0 0 0 0 0 0 4 8542 22309 
0 0 0 0 0 0 0 4 8552 22300 
0 0 0 0 0 0 0 4 8562 22291 
0 0 0 0 0 0 0 4 8572 22282 
0 0 0 0 0 0 0 4 8582 22273 
0 0 0 0 0 0 0 4 8592 22264 
0 0 0 0 0 0 0 4 8602 22255 
0 0 0 0 0 0 0 4 8612 22246 
0 0 0 0 0 0 0 4 8622 22237 
0 0 0 0 0 0 0 4 8632 22228 
0 0 0 0 0 0 0 4 8642 22219 
0 0 0 0 0 0 0 4 8652 22210 
0 0 0 0 0 0 0 4 8662 22201 
0 0 0 0 0 0 0 4 8672 22192 
0 0 0 0 0 0 0 4 8682 22183 
0 0 0 0 0 0 0 4 8692 22174 
0 0 0 0 0 0 0 4 8702 22165 
0 0 0 0 0 0 0 4 8712 22156 
0 0 0 0 0 0 0 4 8722 22147 
0 0 0 0 0 0 0 4 8732 22138 
0 0 0 0 0 0 0 4 8742 22129 
0 0 0 0 0 0 0 4 8752 22120 
0 0 0 0 0 0 0 4 8762 22111 
0 0 0 0 0 0 0 4 8772 22102 
0 0 0 0 0 0 0 4 8782 22093 
0 0 0 0 0 0 0 4 8792 22084 
0 0 0 0 0 0 0 4 8802 22075 
0 0 0 0 0 0 0 4 8812 22066 
0 0 0 0 0 0 0 4 8822 22057 
0 0 0 0 0 0 0 4 8832 22048 
0 0 0 0 0 0 0 4 8842 22039 
0 0 0 0 0 0 0 4 8852 22030 
0 0 0 0 0 0 0 4 8862 22021 
0 0 0 0 0 0 0 4 8872 22012 
0 0 0 0 0 0 0 4 8882 22003 
0 0 0 0 0 0 0 4 8892 21994 
0 0 0 0 0 0 0 4 8902 21985 
0 0 0 0 0 0 0 4 8912 21976 
0 0 0 0 0 0 0 4 8922 21967 
0 0 0 0 0 0 0 4 8932 21958 
0 0 0 0 0 0 0 4 8942 21949 
0 0 0 0 0 0 0 4 8952 21940 
0 0 0 0 0 0 0 4 8962 21931 
0 0 0 0 0 0 0 4 8972 21922 
0 0 0 0 0 0 0 4 8982 21913 
0 0 0 0 0 0 0 4 8992 21904 
0 0 0 0 0 0 0 4 9002 21895 
0 0 0 0 0 0 0 4 9012 21886 
0 0 0 0 0 0 0 4 9022 21877 
0 0 0 0 0 0 0 4 9032 21868 
0 0 0 0 0 0 0 4 9042 21859 
0 0 0 0 0 0 0 4 9052 21850 
0 0 0 0 0 0 0 4 9062 21841 
0 0 0 0 0 0 0 4 9072 21832 
0 0 0 0 0 0 0 4 9082 21823 
0 0 0 0 0 0 0 4 9092 21814 
0 0 0 0 0 0 0 4 9102 21805 
0 0 0 0 0 0 0 4 9112 21796 
0 0 0 0 0 0 0 4 9122 21787 
0 0 0 0 0 0 0 4 9132 21778 
0 0 0 0 0 0 0 4 9142 21769 
0 0 0 0 0 0 0 4 9152 21760 
0 0 0 0 0 0 0 4 9162 21751 
0 0 0 0 0 0 0 4 9172 21742 
0 0 0 0 0 0 0 4 9182 21733 
0 0 0 0 0 0 0 4 9192 21724 
0 0 0 0 0 0 0 4 9202 21715 
0 0 0 0 0 0 0 4 9212 21706 
0 0 0 0 0 0 0 4 9222 21697 
0 0 0 0 0 0 0 4 9232 21688 
0 0 0 0 0 0 0 4 9242 21679 
0 0 0 0 0 0 0 4 9252 21670 
0 0 0 0 0 0 0 4 9262 21661 
0 0 0 0 0 0 0 4 9272 21652 
0 0 0 0 0 0 0 4 9282 21643 
0 0 0 0 0 0 0 4 9292 21634 
0 0 0 0 0 0 0 4 9302 21625 
0 0 0 0 0 0 0 4 9312 21616 
0 0 0 0 0 0 0 4 9322 21607 
0 0 0 0 0 0 0 4 9332 21598 
0 0 0 0 0 0 0 4 9342 21589 
0 0 0 0 0 0 0 4 9352 21580 
0 0 0 0 0 0 0 4 9362 21571 
0 0 0 0 0 0 0 4 9372 21562 
0 0 0 0 0 0 0 4 9382 21553 
0 0 0 0 0 0 0 4 9392 21544 
0 0 0 0 0 0 0 4 9402 21535 
0 0 0 0 0 0 0 4 9412 21526 
0 0 0 0 0 0 0 4 9422 21517 
0 0 0 0 0 0 0 4 9432 21508 
0 0 0 0 0 0 0 4 9442 21499 
0 0 0 0 0 0 0 4 9452 21490 
0 0 0 0 0 0 0 4 9462 21481 
0 0 0 0 0 0 0 4 9472 21472 
0 0 0 0 0 0 0 4 9482 21463 
0 0 0 0 0 0 0 4 9492 21454 
0 0 0 0 0 0 0 4 9502 21445 
0 0 0 0 0 0 0 4 9512 21436 
0 0 0 0 0 0 0 4 9522 21427 
0 0 0 0 0 0 0 4 9532 21418 
0 0 0 0 0 0 0 4 9542 21409 
0 0 0 0 0 0 0 4 9552 21400 
0 0 0 0 0 0 0 4 9562 21391 
0 0 0 0 0 0 0 4 9572 21382 
0 0 0 0 0 0 0 4 9582 21373 
0 0 0 0 0 0 0 4 9592 21364 
0 0 0 0 0 0 0 4 9602 21355 
0 0 0 0 0 0 0 4 9612 21346 
0 0 0 0 0 0 0 4 9622 21337 
0 0 0 0 0 0 0 4 9632 21328 
0 0 0 0 0 0 0 4 9642 21319 
0 0 0 0 0 0 0 4 9652 21310 
0 0 0 0 0 0 0 4 9662 21301 
0 0 0 0 0 0 0 4 9672 21292 
0 0 0 0 0 0 0 4 9682 21283 
0 0 0 0 0 0 0 4 9692 21274 
0 0 0 0 0 0 0 4 9702 21265 
0 0 0 0 0 0 0 4 9712 21256 
0 0 0 0 0 0 0 4 9722 21247 
0 0 0 0 0 0 0 4 9732 21238 
0 0 0 0 0 0 0 4 9742 21229 
0 0 0 0 0 0 0 4 9752 21220 
0 0 0 0 0 0 0 4 9762 21211 
0 0 0 0 0 0 0 4 9772 21202 
0 0 0 0 0 0 0 4 9782 21193 
0 0 0 0 0 0 0 4 9792 21184 
0 0 0 0 0 0 0 4 9802 21175 
0 0 0 0 0 0 0 4 9812 21166 
0 0 0 0 0 0 0 4 9822 21157 
0 0 0 0 0 0 0 4 9832 21148 
0 0 0 0 0 0 0 4 9842 21139 
0 0 0 0 0 0 0 4 9852 21130 
0 0 0 0 0 0 0 4 9862 21121 
0 0 0 0 0 0 0 4 9872 21112 
0 0 0 0 0 0 0 4 9882 21103 
0 0 0 0 0 0 0 4 9892 21094 
0 0 0 0 0 0 0 4 9902 21085 
0 0 0 0 0 0 0 4 9912 21076 
0 0 0 0 0 0 0 4 9922 21067 
0 0 0 0 0 0 0 4 9932 21058 
0 0 0 0 0 0 0 4 9942 21049 
0 0 0 0 0 0 0 4 9952 21040 
0 0 0 0 0 0 0 4 9962 21031 
0 0 0 0 0 0 0 4 9972 21022 
0 0 0 0 0 0 0 4 9982 21013 
0 0 0 0 0 0 0 4 9992 21004 
0 0 0 0 0 0 0 4 10002 20995 
0 0 0 0 0 0 0 4 10012 20986 
0 0 0 0 0 0 0 4 10022 20977 
0 0 0 0 0 0 0 4 10032 20968 
0 0 0 0 0 0 0 4 10042 20959 
0 0 0 0 0 0 0 4 10052 20950 
0 0 0 0 0 0 0 4 10062 20941 
0 0 0 0 0 0 0 4 10072 20932 
0 0 0 0 0 0 0 4 10082 20923 
0 0 0 0 0 0 0 4 10092 20914 
0 0 0 0 0 0 0 4 10102 20905 
0 0 0 0 0 0 0 4 10112 20896 
0 0 0 0 0 0 0 4 10122 20887 
0 0 0 0 0 0 0 4 10132 20878 
0 0 0 0 0 0 0 4 10142 20869 
0 0 0 0 0 0 0 4 10152 20860 
0 0 0 0 0 0 0 4 10162 20851 
0 0 0 0 0 0 0 4 10172 20842 
0 0 0 0 0 0 0 4 10182 20833 
0 0 0 0 0 0 0 4 10192 20824 
0 0 0 0 0 0 0 4 10202 20815 
0 0 0 0 0 0 0 4 10212 20806 
0 0 0 0 0 0 0 4 10222 20797 
0 0 0 0 0 0 0 4 10232 20788 
0 0 0 0 0 0 0 4 10242 20779 
0 0 0 0 0 0 0 4 10252 20770 
0 0 0 0 0 0 0 4 10262 20761 
0 0 0 0 0 0 0 4 10272 20752 
0 0 0 0 0 0 0 4 10282 20743 
0 0 0 0 0 0 0 4 10292 20734 
0 0 0 0 0 0 0 4 10302 20725 
0 0 0 0 0 0 0 4 10312 20716 
0 0 0 0 0 0 0 4 10322 20707 
0 0 0 0 0 0 0 4 10332 20698 
0 0 0 0 0 0 0 4 10342 20689 
0 0 0 0 0 0 0 4 10352 20680 
0 0 0 0 0 0 0 4 10362 20671 
0 0 0 0 0 0 0 4 10372 20662 
0 0 0 0 0 0 0 4 10382 20653 
0 0 0 0 0 0 0 4 10392 20644 
0 0 0 0 0 0 0 4 10402 20635 
0 0 0 0 0 0 0 4 10412 20626 
0 0 0 0 0 0 0 4 10422 20617 
0 0 0 0 0 0 0 4 10432 20608 
0 0 0 0 0 0 0 4 10442 20599 
0 0 0 0 0 0 0 4 10452 20590 
0 0 0 0 0 0 0 4 10462 20581 
0 0 0 0 0 0 0 4 10472 20572 
0 0 0 0 0 0 0 4 10482 20563 
0 0 0 0 0 0 0 4 10492 20554 
0 0 0 0 0 0 0 4 10502 20545 
0 0 0 0 0 0 0 4 10512 20536 
0 0 0 0 0 0 0 4 10522 20527 
0 0 0 0 0 0 0 4 10532 20518 
0 0 0 0 0 0 0 4 10542 20509 
0 0 0 0 0 0 0 4 10552 20500 
0 0 0 0 0 0 0 4 10562 20491 
0 0 0 0 0 0 0 4 10572 20482 
0 0 0 0 0 0 0 4 10582 20473 
0 0 0 0 0 0 0 4 10592 20464 
0 0 0 0 0 0 0 4 10602 20455 
0 0 0 0 0 0 0 4 10612 20446 
0 0 0 0 0 0 0 4 10622 20437 
0 0 0 0 0 0 0 4 10632 20428 
0 0 0 0 0 0 0 4 10642 20419 
0 0 0 0 0 0 0 4 10652 20410 
0 0 0 0 0 0 0 4 10662 20401 
0 0 0 0 0 0 0 4 10672 20392 
0 0 0 0 0 0 0 4 10682 20383 
0 0 0 0 0 0 0 4 10692 20374 
0 0 0 0 0 0 0 4 10702 20365 
0 0 0 0 0 0 0 4 10712 20356 
0 0 0 0 0 0 0 4 10722 20347 
0 0 0 0 0 0 0 4 10732 20338 
0 0 0 0 0 0 0 4 10742 20329 
0 0 0 0 0 0 0 4 10752 20320 
0 0 0 0 0 0 0 4 10762 20311 
0 0 0 0 0 0 0 4 10772 20302 
0 0 0 0 0 0 0 4 10782 20293 
0 0 0 0 0 0 0 4 10792 20284 
0 0 0 0 0 0 0 4 10802 20275 
0 0 0 0 0 0 0 4 10812 20266 
0 0 0 0 0 0 0 4 10822 20257 
0 0 0 0 0 0 0 4 10832 20248 
0 0 0 0 0 0 0 4 10842 20239 
0 0 0 0 0 0 0 4 10852 20230 
0 0 0 0 0 0 0 4 10862 20221 
0 0 0 0 0 0 0 4 10872 20212 
0 0 0 0 0 0 0 4 10882 20203 
0 0 0 0 0 0 0 4 10892 20194 
0 0 0 0 0 0 0 4 10902 20185 
0 0 0 0 0 0 0 4 10912 20176 
0 0 0 0 0 0 0 4 10922 20167 
0 0 0 0 0 0 0 4 10932 20158 
0 0 0 0 0 0 0 4 10942 20149 
0 0 0 0 0 0 0 4 10952 20140 
0 0 0 0 0 0 0 4 10962 20131 
0 0 0 0 0 0 0 4 10972 20122 
0 0 0 0 0 0 0 4 10982 20113 
0 0 0 0 0 0 0 4 10992 20104 
0 0 0 0 0 0 0 4 11002 20095 
0 0 0 0 0 0 0 4 11012 20086 
0 0 0 0 0 0 0 4 11022 20077 
0 0 0 0 0 0 0 4 11032 20068 
0 0 0 0 0 0 0 4 11042 20059 
0 0 0 0 0 0 0 4 11052 20050 
0 0 0 0 0 0 0 4 11062 20041 
0 0 0 0 0 0 0 4 11072 20032 
0 0 0 0 0 0 0 4 11082 20023 
0 0 0 0 0 0 0 4 11092 20014 
0 0 0 0 0 0 0 4 11102 20005 
0 0 0 0 0 0 0 4 11112 19996 
0 0 0 0 0 0 0 4 11122 19987 
0 0 0 0 0 0 0 4 11132 19978 
0 0 0 0 0 0 0 4 11142 19969 
0 0 0 0 0 0 0 4 11152 19960 
0 0 0 0 0 0 0 4 11162 19951 
0 0 0 0 0 0 0 4 11172 19942 
0 0 0 0 0 0 0 4 11182 19933 
0 0 0 0 0 0 0 4 11192 19924 
0 0 0 0 0 0 0 4 11202 19915 
0 0 0 0 0 0 0 4 11212 19906 
0 0 0 0 0 0 0 4 11222 19897 
0 0 0 0 0 0 0 4 11232 19888 
0 0 0 0 0 0 0 4 11242 19879 
0 0 0 0 0 0 0 4 11252 19870 
0 0 0 0 0 0 0 4 11262 19861 
0 0 0 0 0 0 0 4 11272 19852 
0 0 0 0 0 0 0 4 11282 19843 
0 0 0 0 0 0 0 4 11292 19834 
0 0 0 0 0 0 0 4 11302 19825 
0 0 0 0 0 0 0 4 11312 19816 
0 0 0 0 0 0 0 4 11322 19807 
0 0 0 0 0 0 0 4 11332 19798 
0 0 0 0 0 0 0 4 11342 19789 
0 0 0 0 0 0 0 4 11352 19780 
0 0 0 0 0 0 0 4 11362 19771 
0 0 0 0 0 0 0 4 11372 19762 
0 0 0 0 0 0 0 4 11382 19753 
0 0 0 0 0 0 0 4 11392 19744 
0 0 0 0 0 0 0 4 11402 19735 
0 0 0 0 0 0 0 4 11412 19726 
0 0 0 0 0 0 0 4 11422 19717 
0 0 0 0 0 0 0 4 11432 19708 
0 0 0 0 0 0 0 4 11442 19699 
0 0 0 0 0 0 0 4 11452 19690 
0 0 0 0 0 0 0 4 11462 19681 
0 0 0 0 0 0 0 4 11472 19672 
0 0 0 0 0 0 0 4 11482 19663 
0 0 0 0 0 0 0 4 11492 19654 
0 0 0 0 0 0 0 4 11502 19645 
0 0 0 0 0 0 0 4 11512 19636 
0 0 0 0 0 0 0 4 11522 19627 
0 0 0 0 0 0 0 4 11532 19618 
0 0 0 0 0 0 0 4 11542 19609 
0 0 0 0 0 0 0 4 11552 19600 
0 0 0 0 0 0 0 4 11562 19591 
0 0 0 0 0 0 0 4 11572 19582 
0 0 0 0 0 0 0 4 11582 19573 
0 0 0 0 0 0 0 4 11592 19564 
0 0 0 0 0 0 0 4 11602 19555 
0 0 0 0 0 0 0 4 11612 19546 
0 0 0 0 0 0 0 4 11622 19537 
0 0 0 0 0 0 0 4 11632 19528 
0 0 0 0 0 0 0 4 11642 19519 
0 0 0 0 0 0 0 4 11652 19510 
0 0 0 0 0 0 0 4 11662 19501 
0 0 0 0 0 0 0 4 11672 19492 
0 0 0 0 0 0 0 4 11682 19483 
0 0 0 0 0 0 0 4 11692 19474 
0 0 0 0 0 0 0 4 11702 19465 
0 0 0 0 0 0 0 4 11712 19456 
0 0 0 0 0 0 0 4 11722 19447 
0 0 0 0 0 0 0 4 11732 19438 
0 0 0 0 0 0 0 4 11742 19429 
0 0 0 0 0 0 0 4 11752 19420 
0 0 0 0 0 0 0 4 11762 19411 
0 0 0 0 0 0 0 4 11772 19402 
0 0 0 0 0 0 0 4 11782 19393 
0 0 0 0 0 0 0 4 11792 19384 
0 0 0 0 0 0 0 4 11802 19375 
0 0 0 0 0 0 0 4 11812 19366 
0 0 0 0 0 0 0 4 11822 19357 
0 0 0 0 0 0 0 4 11832 19348 
0 0 0 0 0 0 0 4 11842 19339 
0 0 0 0 0 0 0 4 11852 19330 
0 0 0 0 0 0 0 4 11862 19321 
0 0 0 0 0 0 0 4 11872 19312 
0 0 0 0 0 0 0 4 11882 19303 
0 0 0 0 0 0 0 4 11892 19294 
0 0 0 0 0 0 0 4 11902 19285 
0 0 0 0 0 0 0 4 11912 19276 
0 0 0 0 0 0 0 4 11922 19267 
0 0 0 0 0 0 0 4 11932 19258 
0 0 0 0 0 0 0 4 11942 19249 
0 0 0 0 0 0 0 4 11952 19240 
0 0 0 0 0 0 0 4 11962 19231 
0 0 0 0 0 0 0 4 11972 19222 
0 0 0 0 0 0 0 4 11982 19213 
0 0 0 0 0 0 0 4 11992 19204 
0 0 0 0 0 0 0 4 12002 19195 
0 0 0 0 0 0 0 4 12012 19186 
0 0 0 0 0 0 0 4 12022 19177 
0 0 0 0 0 0 0 4 12032 19168 
0 0 0 0 0 0 0 4 12042 19159 
0 0 0 0 0 0 0 4 12052 19150 
0 0 0 0 0 0 0 4 12062 19141 
0 0 0 0 0 0 0 4 12072 19132 
0 0 0 0 0 0 0 4 12082 19123 
0 0 0 0 0 0 0 4 12092 19114 
0 0 0 0 0 0 0 4 12102 19105 
0 0 0 0 0 0 0 4 12112 19096 
0 0 0 0 0 0 0 4 12122 19087 
0 0 0 0 0 0 0 4 12132 19078 
0 0 0 0 0 0 0 4 12142 19069 
0 0 0 0 0 0 0 4 12152 19060 
0 0 0 0 0 0 0 4 12162 19051 
0 0 0 0 0 0 0 4 12172 19042 
0 0 0 0 0 0 0 4 12182 19033 
0 0 0 0 0 0 0 4 12192 19024 
0 0 0 0 0 0 0 4 12202 19015 
0 0 0 0 0 0 0 4 12212 19006 
0 0 0 0 0 0 0 4 12222 18997 
0 0 0 0 0 0 0 4 12232 18988 
0 0 0 0 0 0 0 4 12242 18979 
0 0 0 0 0 0 0 4 12252 18970 
0 0 0 0 0 0 0 4 12262 18961 
0 0 0 0 0 0 0 4 12272 18952 
0 0 0 0 0 0 0 4 12282 18943 
0 0 0 0 0 0 0 4 12292 18934 
0 0 0 0 0 0 0 4 12302 18925 
0 0 0 0 0 0 0 4 12312 18916 
0 0 0 0 0 0 0 4 12322 18907 
0 0 0 0 0 0 0 4 12332 18898 
0 0 0 0 0 0 0 4 12342 18889 
0 0 0 0 0 0 0 4 12352 18880 
0 0 0 0 0 0 0 4 12362 18871 
0 0 0 0 0 0 0 4 12372 18862 
0 0 0 0 0 0 0 4 12382 18853 
0 0 0 0 0 0 0 4 12392 18844 
0 0 0 0 0 0 0 4 12402 18835 
0 0 0 0 0 0 0 4 12412 18826 
0 0 0 0 0 0 0 4 12422 18817 
0 0 0 0 0 0 0 4 12432 18808 
0 0 0 0 0 0 0 4 12442 18799 
0 0 0 0 0 0 0 4 12452 18790 
0 0 0 0 0 0 0 4 12462 18781 
0 0 0 0 0 0 0 4 12472 18772 
0 0 0 0 0 0 0 4 12482 18763 
0 0 0 0 0 0 0 4 12492 18754 
0 0 0 0 0 0 0 4 12502 18745 
0 0 0 0 0 0 0 4 12512 18736 
0 0 0 0 0 0 0 4 12522 18727 
0 0 0 0 0 0 0 4 12532 18718 
0 0 0 0 0 0 0 4 12542 18709 
0 0 0 0 0 0 0 4 12552 18700 
0 0 0 0 0 0 0 4 12562 18691 
0 0 0 0 0 0 0 4 12572 18682 
0 0 0 0 0 0 0 4 12582 18673 
0 0 0 0 0 0 0 4 12592 18664 
0 0 0 0 0 0 0 4 12602 18655 
0 0 0 0 0 0 0 4 12612 18646 
0 0 0 0 0 0 0 4 12622 18637 
0 0 0 0 0 0 0 4 12632 18628 
0 0 0 0 0 0 0 4 12642 18619 
0 0 0 0 0 0 0 4 12652 18610 
0 0 0 0 0 0 0 4 12662 18601 
0 0 0 0 0 0 0 4 12672 18592 
0 0 0 0 0 0 0 4 12682 18583 
0 0 0 0 0 0 0 4 12692 18574 
0 0 0 0 0 0 0 4 12702 18565 
0 0 0 0 0 0 0 4 12712 18556 
0 0 0 0 0 0 0 4 12722 18547 
0 0 0 0 0 0 0 4 12732 18538 
0 0 0 0 0 0 0 4 12742 18529 
0 0 0 0 0 0 0 4 12752 18520 
0 0 0 0 0 0 0 4 12762 18511 
0 0 0 0 0 0 0 4 12772 18502 
0 0 0 0 0 0 0 4 12782 18493 
0 0 0 0 0 0 0 4 12792 18484 
0 0 0 0 0 0 0 4 12802 18475 
0 0 0 0 0 0 0 4 12812 18466 
0 0 0 0 0 0 0 4 12822 18457 
0 0 0 0 0 0 0 4 12832 18448 
0 0 0 0 0 0 0 4 12842 18439 
0 0 0 0 0 0 0 4 12852 18430 
0 0 0 0 0 0 0 4 12862 18421 
0 0 0 0 0 0 0 4 12872 18412 
0 0 0 0 0 0 0 4 12882 18403 
0 0 0 0 0 0 0 4 12892 18394 
0 0 0 0 0 0 0 4 12902 18385 
0 0 0 0 0 0 0 4 12912 18376 
0 0 0 0 0 0 0 4 12922 18367 
0 0 0 0 0 0 0 4 12932 18358 
0 0 0 0 0 0 0 4 12942 18349 
0 0 0 0 0 0 0 4 12952 18340 
0 0 0 0 0 0 0 4 12962 18331 
0 0 0 0 0 0 0 4 12972 18322 
0 0 0 0 0 0 0 4 12982 18313 
0 0 0 0 0 0 0 4 12992 18304 
0 0 0 0 0 0 0 4 13002 18295 
0 0 0 0 0 0 0 4 13012 18286 
0 0 0 0 0 0 0 4 13022 18277 
0 0 0 0 0 0 0 4 13032 18268 
0 0 0 0 0 0 0 4 13042 18259 
0 0 0 0 0 0 0 4 13052 18250 
0 0 0 0 0 0 0 4 13062 18241 
0 0 0 0 0 0 0 4 13072 18232 
0 0 0 0 0 0 0 4 13082 18223 
0 0 0 0 0 0 0 4 13092 18214 
0 0 0 0 0 0 0 4 13102 18205 
0 0 0 0 0 0 0 4 13112 18196 
0 0 0 0 0 0 0 4 13122 18187 
0 0 0 0 0 0 0 4 13132 18178 
0 0 0 0 0 0 0 4 13142 18169 
0 0 0 0 0 0 0 4 13152 18160 
0 0 0 0 0 0 0 4 13162 18151 
0 0 0 0 0 0 0 4 13172 18142 
0 0 0 0 0 0 0 4 13182 18133 
0 0 0 0 0 0 0 4 13192 18124 
0 0 0 0 0 0 0 4 13202 18115 
0 0 0 0 0 0 0 4 13212 18106 
0 0 0 0 0 0 0 4 13222 18097 
0 0 0 0 0 0 0 4 13232 18088 
0 0 0 0 0 0 0 4 13242 18079 
0 0 0 0 0 0 0 4 13252 18070 
0 0 0 0 0 0 0 4 13262 18061 
0 0 0 0 0 0 0 4 13272 18052 
0 0 0 0 0 0 0 4 13282 18043 
0 0 0 0 0 0 0 4 13292 18034 
0 0 0 0 0 0 0 4 13302 18025 
0 0 0 0 0 0 0 4 13312 18016 
0 0 0 0 0 0 0 4 13322 18007 
0 0 0 0 0 0 0 4 13332 17998 
0 0 0 0 0 0 0 4 13342 17989 
0 0 0 0 0 0 0 4 13352 17980 
0 0 0 0 0 0 0 4 13362 17971 
0 0 0 0 0 0 0 4 13372 17962 
0 0 0 0 0 0 0 4 13382 17953 
0 0 0 0 0 0 0 4 13392 17944 
0 0 0 0 0 0 0 4 13402 17935 
0 0 0 0 0 0 0 4 13412 17926 
0 0 0 0 0 0 0 4 13422 17917 
0 0 0 0 0 0 0 4 13432 17908 
0 0 0 0 0 0 0 4 13442 17899 
0 0 0 0 0 0 0 4 13452 17890 
0 0 0 0 0 0 0 4 13462 17881 
0 0 0 0 0 0 0 4 13472 17872 
0 0 0 0 0 0 0 4 13482 17863 
0 0 0 0 0 0 0 4 13492 17854 
0 0 0 0 0 0 0 4 13502 17845 
0 0 0 0 0 0 0 4 13512 17836 
0 0 0 0 0 0 0 4 13522 17827 
0 0 0 0 0 0 0 4 13532 17818 
0 0 0 0 0 0 0 4 13542 17809 
0 0 0 0 0 0 0 4 13552 17800 
0 0 0 0 0 0 0 4 13562 17791 
0 0 0 0 0 0 0 4 13572 17782 
0 0 0 0 0 0 0 4 13582 17773 
0 0 0 0 0 0 0 4 13592 17764 
0 0 0 0 0 0 0 4 13602 17755 
0 0 0 0 0 0 0 4 13612 17746 
0 0 0 0 0 0 0 4 13622 17737 
0 0 0 0 0 0 0 4 13632 17728 
0 0 0 0 0 0 0 4 13642 17719 
0 0 0 0 0 0 0 4 13652 17710 
0 0 0 0 0 0 0 4 13662 17701 
0 0 0 0 0 0 0 4 13672 17692 
0 0 0 0 0 0 0 4 13682 17683 
0 0 0 0 0 0 0 4 13692 17674 
0 0 0 0 0 0 0 4 13702 17665 
0 0 0 0 0 0 0 4 13712 17656 
0 0 0 0 0 0 0 4 13722 17647 
0 0 0 0 0 0 0 4 13732 17638 
0 0 0 0 0 0 0 4 13742 17629 
0 0 0 0 0 0 0 4 13752 17620 
0 0 0 0 0 0 0 4 13762 17611 
0 0 0 0 0 0 0 4 13772 17602 
0 0 0 0 0 0 0 4 13782 17593 
0 0 0 0 0 0 0 4 13792 17584 
0 0 0 0 0 0 0 4 13802 17575 
0 0 0 0 0 0 0 4 13812 17566 
0 0 0 0 0 0 0 4 13822 17557 
0 0 0 0 0 0 0 4 13832 17548 
0 0 0 0 0 0 0 4 13842 17539 
0 0 0 0 0 0 0 4 13852 17530 
0 0 0 0 0 0 0 4 13862 17521 
0 0 0 0 0 0 0 4 13872 17512 
0 0 0 0 0 0 0 4 13882 17503 
0 0 0 0 0 0 0 4 13892 17494 
0 0 0 0 0 0 0 4 13902 17485 
0 0 0 0 0 0 0 4 13912 17476 
0 0 0 0 0 0 0 4 13922 17467 
0 0 0 0 0 0 0 4 13932 17458 
0 0 0 0 0 0 0 4 13942 17449 
0 0 0 0 0 0 0 4 13952 17440 
0 0 0 0 0 0 0 4 13962 17431 
0 0 0 0 0 0 0 4 13972 17422 
0 0 0 0 0 0 0 4 13982 17413 
0 0 0 0 0 0 0 4 13992 17404 
0 0 0 0 0 0 0 4 14002 17395 
0 0 0 0 0 0 0 4 14012 17386 
0 0 0 0 0 0 0 4 14022 17377 
0 0 0 0 0 0 0 4 14032 17368 
0 0 0 0 0 0 0 4 14042 17359 
0 0 0 0 0 0 0 4 14052 17350 
0 0 0 0 0 0 0 4 14062 17341 
0 0 0 0 0 0 0 4 14072 17332 
0 0 0 0 0 0 0 4 14082 17323 
0 0 0 0 0 0 0 4 14092 17314 
0 0 0 0 0 0 0 4 14102 17305 
0 0 0 0 0 0 0 4 14112 17296 
0 0 0 0 0 0 0 4 14122 17287 
0 0 0 0 0 0 0 4 14132 17278 
0 0 0 0 0 0 0 4 14142 17269 
0 0 0 0 0 0 0 4 14152 17260 
0 0 0 0 0 0 0 4 14162 17251 
0 0 0 0 0 0 0 4 14172 17242 
0 0 0 0 0 0 0 4 14182 17233 
0 0 0 0 0 0 0 4 14192 17224 
0 0 0 0 0 0 0 4 14202 17215 
0 0 0 0 0 0 0 4 14212 17206 
0 0 0 0 0 0 0 4 14222 17197 
0 0 0 0 0 0 0 4 14232 17188 
0 0 0 0 0 0 0 4 14242 17179 
0 0 0 0 0 0 0 4 14252 17170 
0 0 0 0 0 0 0 4 14262 17161 
0 0 0 0 0 0 0 4 14272 17152 
0 0 0 0 0 0 0 4 14282 17143 
0 0 0 0 0 0 0 4 14292 17134 
0 0 0 0 0 0 0 4 14302 17125 
0 0 0 0 0 0 0 4 14312 17116 
0 0 0 0 0 0 0 4 14322 17107 
0 0 0 0 0 0 0 4 14332 17098 
0 0 0 0 0 0 0 4 14342 17089 
0 0 0 0 0 0 0 4 14352 17080 
0 0 0 0 0 0 0 4 14362 17071 
0 0 0 0 0 0 0 4 14372 17062 
0 0 0 0 0 0 0 4 14382 17053 
0 0 0 0 0 0 0 4 14392 17044 
0 0 0 0 0 0 0 4 14402 17035 
0 0 0 0 0 0 0 4 14412 17026 
0 0 0 0 0 0 0 4 14422 17017 
0 0 0 0 0 0 0 4 14432 17008 
0 0 0 0 0 0 0 4 14442 16999 
0 0 0 0 0 0 0 4 14452 16990 
0 0 0 0 0 0 0 4 14462 16981 
0 0 0 0 0 0 0 4 14472 16972 
0 0 0 0 0 0 0 4 14482 16963 
0 0 0 0 0 0 0 4 14492 16954 
0 0 0 0 0 0 0 4 14502 16945 
0 0 0 0 0 0 0 4 14512 16936 
0 0 0 0 0 0 0 4 14522 16927 
0 0 0 0 0 0 0 4 14532 16918 
0 0 0 0 0 0 0 4 14542 16909 
0 0 0 0 0 0 0 4 14552 16900 
0 0 0 0 0 0 0 4 14562 16891 
0 0 0 0 0 0 0 4 14572 16882 
0 0 0 0 0 0 0 4 14582 16873 
0 0 0 0 0 0 0 4 14592 16864 
0 0 0 0 0 0 0 4 14602 16855 
0 0 0 0 0 0 0 4 14612 16846 
0 0 0 0 0 0 0 4 14622 16837 
0 0 0 0 0 0 0 4 14632 16828 
0 0 0 0 0 0 0 4 14642 16819 
0 0 0 0 0 0 0 4 14652 16810 
0 0 0 0 0 0 0 4 14662 16801 
0 0 0 0 0 0 0 4 14672 16792 
0 0 0 0 0 0 0 4 14682 16783 
0 0 0 0 0 0 0 4 14692 16774 
0 0 0 0 0 0 0 4 14702 16765 
0 0 0 0 0 0 0 4 14712 16756 
0 0 0 0 0 0 0 4 14722 16747 
0 0 0 0 0 0 0 4 14732 16738 
0 0 0 0 0 0 0 4 14742 16729 
0 0 0 0 0 0 0 4 14752 16720 
0 0 0 0 0 0 0 4 14762 16711 
0 0 0 0 0 0 0 4 14772 16702 
0 0 0 0 0 0 0 4 14782 16693 
0 0 0 0 0 0 0 4 14792 16684 
0 0 0 0 0 0 0 4 14802 16675 
0 0 0 0 0 0 0 4 14812 16666 
0 0 0 0 0 0 0 4 14822 16657 
0 0 0 0 0 0 0 4 14832 16648 
0 0 0 0 0 0 0 4 14842 16639 
0 0 0 0 0 0 0 4 14852 16630 
0 0 0 0 0 0 0 4 14862 16621 
0 0 0 0 0 0 0 4 14872 16612 
0 0 0 0 0 0 0 4 14882 16603 
0 0 0 0 0 0 0 4 14892 16594 
0 0 0 0 0 0 0 4 14902 16585 
0 0 0 0 0 0 0 4 14912 16576 
0 0 0 0 0 0 0 4 14922 16567 
0 0 0 0 0 0 0 4 14932 16558 
0 0 0 0 0 0 0 4 14942 16549 
0 0 0 0 0 0 0 4 14952 16540 
0 0 0 0 0 0 0 4 14962 16531 
0 0 0 0 0 0 0 4 14972 16522 
0 0 0 0 0 0 0 4 14982 16513 
0 0 0 0 0 0 0 4 14992 16504 
0 0 0 0 0 0 0 4 15002 16495 
0 0 0 0 0 0 0 4 15012 16486 
0 0 0 0 0 0 0 4 15022 16477 
0 0 0 0 0 0 0 4 15032 16468 
0 0 0 0 0 0 0 4 15042 16459 
0 0 0 0 0 0 0 4 15052 16450 
0 0 0 0 0 0 0 4 15062 16441 
0 0 0 0 0 0 0 4 15072 16432 
0 0 0 0 0 0 0 4 15082 16423 
0 0 0 0 0 0 0 4 15092 16414 
0 0 0 0 0 0 0 4 15102 16405 
0 0 0 0 0 0 0 4 15112 16396 
0 0 0 0 0 0 0 4 15122 16387 
0 0 0 0 0 0 0 4 15132 16378 
0 0 0 0 0 0 0 4 15142 16369 
0 0 0 0 0 0 0 4 15152 16360 
0 0 0 0 0 0 0 4 15162 16351 
0 0 0 0 0 0 0 4 15172 16342 
0 0 0 0 0 0 0 4 15182 16333 
0 0 0 0 0 0 0 4 15192 16324 
0 0 0 0 0 0 0 4 15202 16315 
0 0 0 0 0 0 0 4 15212 16306 
0 0 0 0 0 0 0 4 15222 16297 
0 0 0 0 0 0 0 4 15232 16288 
0 0 0 0 0 0 0 4 15242 16279 
0 0 0 0 0 0 0 4 15252 16270 
0 0 0 0 0 0 0 4 15262 16261 
0 0 0 0 0 0 0 4 15272 16252 
0 0 0 0 0 0 0 4 15282 16243 
0 0 0 0 0 0 0 4 15292 16234 
0 0 0 0 0 0 0 4 15302 16225 
0 0 0 0 0 0 0 4 15312 16216 
0 0 0 0 0 0 0 4 15322 16207 
0 0 0 0 0 0 0 4 15332 16198 
0 0 0 0 0 0 0 4 15342 16189 
0 0 0 0 0 0 0 4 15352 16180 
0 0 0 0 0 0 0 4 15362 16171 
0 0 0 0 0 0 0 4 15372 16162 
0 0 0 0 0 0 0 4 15382 16153 
0 0 0 0 0 0 0 4 15392 16144 
0 0 0 0 0 0 0 4 15402 16135 
0 0 0 0 0 0 0 4 15412 16126 
0 0 0 0 0 0 0 4 15422 16117 
0 0 0 0 0 0 0 4 15432 16108 
0 0 0 0 0 0 0 4 15442 16099 
0 0 0 0 0 0 0 4 15452 16090 
0 0 0 0 0 0 0 4 15462 16081 
0 0 0 0 0 0 0 4 15472 16072 
0 0 0 0 0 0 0 4 15482 16063 
0 0 0 0 0 0 0 4 15492 16054 
0 0 0 0 0 0 0 4 15502 16045 
0 0 0 0 0 0 0 4 15512 16036 
0 0 0 0 0 0 0 4 15522 16027 
0 0 0 0 0 0 0 4 15532 16018 
0 0 0 0 0 0 0 4 15542 16009 
0 0 0 0 0 0 0 4 15552 16000 
0 0 0 0 0 0 0 4 15562 15991 
0 0 0 0 0 0 0 4 15572 15982 
0 0 0 0 0 0 0 4 15582 15973 
0 0 0 0 0 0 0 4 15592 15964 
0 0 0 0 0 0 0 4 15602 15955 
0 0 0 0 0 0 0 4 15612 15946 
0 0 0 0 0 0 0 4 15622 15937 
0 0 0 0 0 0 0 4 15632 15928 
0 0 0 0 0 0 0 4 15642 15919 
0 0 0 0 0 0 0 4 15652 15910 
0 0 0 0 0 0 0 4 15662 15901 
0 0 0 0 0 0 0 4 15672 15892 
0 0 0 0 0 0 0 4 15682 15883 
0 0 0 0 0 0 0 4 15692 15874 
0 0 0 0 0 0 0 4 15702 15865 
0 0 0 0 0 0 0 4 15712 15856 
0 0 0 0 0 0 0 4 15722 15847 
0 0 0 0 0 0 0 4 15732 15838 
0 0 0 0 0 0 0 4 15742 15829 
0 0 0 0 0 0 0 4 15752 15820 
0 0 0 0 0 0 0 4 15762 15811 
0 0 0 0 0 0 0 4 15772 15802 
0 0 0 0 0 0 0 4 15782 15793 
0 0 0 0 0 0 0 4 15792 15784 
0 0 0 0 0 0 0 4 15802 15775 
0 0 0 0 0 0 0 4 15812 15766 
0 0 0 0 0 0 0 4 15822 15757 
0 0 0 0 0 0 0 4 15832 15748 
0 0 0 0 0 0 0 4 15842 15739 
0 0 0 0 0 0 0 4 15852 15730 
0 0 0 0 0 0 0 4 15862 15721 
0 0 0 0 0 0 0 4 15872 15712 
0 0 0 0 0 0 0 4 15882 15703 
0 0 0 0 0 0 0 4 15892 15694 
0 0 0 0 0 0 0 4 15902 15685 
0 0 0 0 0 0 0 4 15912 15676 
0 0 0 0 0 0 0 4 15922 15667 
0 0 0 0 0 0 0 4 15932 15658 
0 0 0 0 0 0 0 4 15942 15649 
0 0 0 0 0 0 0 4 15952 15640 
0 0 0 0 0 0 0 4 15962 15631 
0 0 0 0 0 0 0 4 15972 15622 
0 0 0 0 0 0 0 4 15982 15613 
0 0 0 0 0 0 0 4 15992 15604 
0 0 0 0 0 0 0 4 16002 15595 
0 0 0 0 0 0 0 4 16012 15586 
0 0 0 0 0 0 0 4 16022 15577 
0 0 0 0 0 0 0 4 16032 15568 
0 0 0 0 0 0 0 4 16042 15559 
0 0 0 0 0 0 0 4 16052 15550 
0 0 0 0 0 0 0 4 16062 15541 
0 0 0 0 0 0 0 4 16072 15532 
0 0 0 0 0 0 0 4 16082 15523 
0 0 0 0 0 0 0 4 16092 15514 
0 0 0 0 0 0 0 4 16102 15505 
0 0 0 0 0 0 0 4 16112 15496 
0 0 0 0 0 0 0 4 16122 15487 
0 0 0 0 0 0 0 4 16132 15478 
0 0 0 0 0 0 0 4 16142 15469 
0 0 0 0 0 0 0 4 16152 15460 
0 0 0 0 0 0 0 4 16162 15451 
0 0 0 0 0 0 0 4 16172 15442 
0 0 0 0 0 0 0 4 16182 15433 
0 0 0 0 0 0 0 4 16192 15424 
0 0 0 0 0 0 0 4 16202 15415 
0 0 0 0 0 0 0 4 16212 15406 
0 0 0 0 0 0 0 4 16222 15397 
0 0 0 0 0 0 0 4 16232 15388 
0 0 0 0 0 0 0 4 16242 15379 
0 0 0 0 0 0 0 4 16252 15370 
0 0 0 0 0 0 0 4 16262 15361 
0 0 0 0 0 0 0 4 16272 15352 
0 0 0 0 0 0 0 4 16282 15343 
0 0 0 0 0 0 0 4 16292 15334 
0 0 0 0 0 0 0 4 16302 15325 
0 0 0 0 0 0 0 4 16312 15316 
0 0 0 0 0 0 0 4 16322 15307 
0 0 0 0 0 0 0 4 16332 15298 
0 0 0 0 0 0 0 4 16342 15289 
0 0 0 0 0 0 0 4 16352 15280 
0 0 0 0 0 0 0 4 16362 15271 
0 0 0 0 0 0 0 4 16372 15262 
0 0 0 0 0 0 0 4 16382 15253 
0 0 0 0 0 0 0 4 16392 15244 
0 0 0 0 0 0 0 4 16402 15235 
0 0 0 0 0 0 0 4 16412 15226 
0 0 0 0 0 0 0 4 16422 15217 
0 0 0 0 0 0 0 4 16432 15208 
0 0 0 0 0 0 0 4 16442 15199 
0 0 0 0 0 0 0 4 16452 15190 
0 0 0 0 0 0 0 4 16462 15181 
0 0 0 0 0 0 0 4 16472 15172 
0 0 0 0 0 0 0 4 16482 15163 
0 0 0 0 0 0 0 4 16492 15154 
0 0 0 0 0 0 0 4 16502 15145 
0 0 0 0 0 0 0 4 16512 15136 
0 0 0 0 0 0 0 4 16522 15127 
0 0 0 0 0 0 0 4 16532 15118 
0 0 0 0 0 0 0 4 16542 15109 
0 0 0 0 0 0 0 4 16552 15100 
0 0 0 0 0 0 0 4 16562 15091 
0 0 0 0 0 0 0 4 16572 15082 
0 0 0 0 0 0 0 4 16582 15073 
0 0 0 0 0 0 0 4 16592 15064 
0 0 0 0 0 0 0 4 16602 15055 
0 0 0 0 0 0 0 4 16612 15046 
0 0 0 0 0 0 0 4 16622 15037 
0 0 0 0 0 0 0 4 16632 15028 
0 0 0 0 0 0 0 4 16642 15019 
0 0 0 0 0 0 0 4 16652 15010 
0 0 0 0 0 0 0 4 16662 15001 
0 0 0 0 0 0 0 4 16672 14992 
0 0 0 0 0 0 0 4 16682 14983 
0 0 0 0 0 0 0 4 16692 14974 
0 0 0 0 0 0 0 4 16702 14965 
0 0 0 0 0 0 0 4 16712 14956 
0 0 0 0 0 0 0 4 16722 14947 
0 0 0 0 0 0 0 4 16732 14938 
0 0 0 0 0 0 0 4 16742 14929 
0 0 0 0 0 0 0 4 16752 14920 
0 0 0 0 0 0 0 4 16762 14911 
0 0 0 0 0 0 0 4 16772 14902 
0 0 0 0 0 0 0 4 16782 14893 
0 0 0 0 0 0 0 4 16792 14884 
0 0 0 0 0 0 0 4 16802 14875 
0 0 0 0 0 0 0 4 16812 14866 
0 0 0 0 0 0 0 4 16822 14857 
0 0 0 0 0 0 0 4 16832 14848 
0 0 0 0 0 0 0 4 16842 14839 
0 0 0 0 0 0 0 4 16852 14830 
0 0 0 0 0 0 0 4 16862 14821 
0 0 0 0 0 0 0 4 16872 14812 
0 0 0 0 0 0 0 4 16882 14803 
0 0 0 0 0 0 0 4 16892 14794 
0 0 0 0 0 0 0 4 16902 14785 
0 0 0 0 0 0 0 4 16912 14776 
0 0 0 0 0 0 0 4 16922 14767 
0 0 0 0 0 0 0 4 16932 14758 
0 0 0 0 0 0 0 4 16942 14749 
0 0 0 0 0 0 0 4 16952 14740 
0 0 0 0 0 0 0 4 16962 14731 
0 0 0 0 0 0 0 4 16972 14722 
0 0 0 0 0 0 0 4 16982 14713 
0 0 0 0 0 0 0 4 16992 14704 
0 0 0 0 0 0 0 4 17002 14695 
0 0 0 0 0 0 0 4 17012 14686 
0 0 0 0 0 0 0 4 17022 14677 
0 0 0 0 0 0 0 4 17032 14668 
0 0 0 0 0 0 0 4 17042 14659 
0 0 0 0 0 0 0 4 17052 14650 
0 0 0 0 0 0 0 4 17062 14641 
0 0 0 0 0 0 0 4 17072 14632 
0 0 0 0 0 0 0 4 17082 14623 
0 0 0 0 0 0 0 4 17092 14614 
0 0 0 0 0 0 0 4 17102 14605 
0 0 0 0 0 0 0 4 17112 14596 
0 0 0 0 0 0 0 4 17122 14587 
0 0 0 0 0 0 0 4 17132 14578 
0 0 0 0 0 0 0 4 17142 14569 
0 0 0 0 0 0 0 4 17152 14560 
0 0 0 0 0 0 0 4 17162 14551 
0 0 0 0 0 0 0 4 17172 14542 
0 0 0 0 0 0 0 4 17182 14533 
0 0 0 0 0 0 0 4 17192 14524 
0 0 0 0 0 0 0 4 17202 14515 
0 0 0 0 0 0 0 4 17212 14506 
0 0 0 0 0 0 0 4 17222 14497 
0 0 0 0 0 0 0 4 17232 14488 
0 0 0 0 0 0 0 4 17242 14479 
0 0 0 0 0 0 0 4 17252 14470 
0 0 0 0 0 0 0 4 17262 14461 
0 0 0 0 0 0 0 4 17272 14452 
0 0 0 0 0 0 0 4 17282 14443 
0 0 0 0 0 0 0 4 17292 14434 
0 0 0 0 0 0 0 4 17302 14425 
0 0 0 0 0 0 0 4 17312 14416 
0 0 0 0 0 0 0 4 17322 14407 
0 0 0 0 0 0 0 4 17332 14398 
0 0 0 0 0 0 0 4 17342 14389 
0 0 0 0 0 0 0 4 17352 14380 
0 0 0 0 0 0 0 4 17362 14371 
0 0 0 0 0 0 0 4 17372 14362 
0 0 0 0 0 0 0 4 17382 14353 
0 0 0 0 0 0 0 4 17392 14344 
0 0 0 0 0 0 0 4 17402 14335 
0 0 0 0 0 0 0 4 17412 14326 
0 0 0 0 0 0 0 4 17422 14317 
0 0 0 0 0 0 0 4 17432 14308 
0 0 0 0 0 0 0 4 17442 14299 
0 0 0 0 0 0 0 4 17452 14290 
0 0 0 0 0 0 0 4 17462 14281 
0 0 0 0 0 0 0 4 17472 14272 
0 0 0 0 0 0 0 4 17482 14263 
0 0 0 0 0 0 0 4 17492 14254 
0 0 0 0 0 0 0 4 17502 14245 
0 0 0 0 0 0 0 4 17512 14236 
0 0 0 0 0 0 0 4 17522 14227 
0 0 0 0 0 0 0 4 17532 14218 
0 0 0 0 0 0 0 4 17542 14209 
0 0 0 0 0 0 0 4 17552 14200 
0 0 0 0 0 0 0 4 17562 14191 
0 0 0 0 0 0 0 4 17572 14182 
0 0 0 0 0 0 0 4 17582 14173 
0 0 0 0 0 0 0 4 17592 14164 
0 0 0 0 0 0 0 4 17602 14155 
0 0 0 0 0 0 0 4 17612 14146 
0 0 0 0 0 0 0 4 17622 14137 
0 0 0 0 0 0 0 4 17632 14128 
0 0 0 0 0 0 0 4 17642 14119 
0 0 0 0 0 0 0 4 17652 14110 
0 0 0 0 0 0 0 4 17662 14101 
0 0 0 0 0 0 0 4 17672 14092 
0 0 0 0 0 0 0 4 17682 14083 
0 0 0 0 0 0 0 4 17692 14074 
0 0 0 0 0 0 0 4 17702 14065 
0 0 0 0 0 0 0 4 17712 14056 
0 0 0 0 0 0 0 4 17722 14047 
0 0 0 0 0 0 0 4 17732 14038 
0 0 0 0 0 0 0 4 17742 14029 
0 0 0 0 0 0 0 4 17752 14020 
0 0 0 0 0 0 0 4 17762 14011 
0 0 0 0 0 0 0 4 17772 14002 
0 0 0 0 0 0 0 4 17782 13993 
0 0 0 0 0 0 0 4 17792 13984 
0 0 0 0 0 0 0 4 17802 13975 
0 0 0 0 0 0 0 4 17812 13966 
0 0 0 0 0 0 0 4 17822 13957 
0 0 0 0 0 0 0 4 17832 13948 
0 0 0 0 0 0 0 4 17842 13939 
0 0 0 0 0 0 0 4 17852 13930 
0 0 0 0 0 0 0 4 17862 13921 
0 0 0 0 0 0 0 4 17872 13912 
0 0 0 0 0 0 0 4 17882 13903 
0 0 0 0 0 0 0 4 17892 13894 
0 0 0 0 0 0 0 4 17902 13885 
0 0 0 0 0 0 0 4 17912 13876 
0 0 0 0 0 0 0 4 17922 13867 
0 0 0 0 0 0 0 4 17932 13858 
0 0 0 0 0 0 0 4 17942 13849 
0 0 0 0 0 0 0 4 17952 13840 
0 0 0 0 0 0 0 4 17962 13831 
0 0 0 0 0 0 0 4 17972 13822 
0 0 0 0 0 0 0 4 17982 13813 
0 0 0 0 0 0 0 4 17992 13804 
0 0 0 0 0 0 0 4 18002 13795 
0 0 0 0 0 0 0 4 18012 13786 
0 0 0 0 0 0 0 4 18022 13777 
0 0 0 0 0 0 0 4 18032 13768 
0 0 0 0 0 0 0 4 18042 13759 
0 0 0 0 0 0 0 4 18052 13750 
0 0 0 0 0 0 0 4 18062 13741 
0 0 0 0 0 0 0 4 18072 13732 
0 0 0 0 0 0 0 4 18082 13723 
0 0 0 0 0 0 0 4 18092 13714 
0 0 0 0 0 0 0 4 18102 13705 
0 0 0 0 0 0 0 4 18112 13696 
0 0 0 0 0 0 0 4 18122 13687 
0 0 0 0 0 0 0 4 18132 13678 
0 0 0 0 0 0 0 4 18142 13669 
0 0 0 0 0 0 0 4 18152 13660 
0 0 0 0 0 0 0 4 18162 13651 
0 0 0 0 0 0 0 4 18172 13642 
0 0 0 0 0 0 0 4 18182 13633 
0 0 0 0 0 0 0 4 18192 13624 
0 0 0 0 0 0 0 4 18202 13615 
0 0 0 0 0 0 0 4 18212 13606 
0 0 0 0 0 0 0 4 18222 13597 
0 0 0 0 0 0 0 4 18232 13588 
0 0 0 0 0 0 0 4 18242 13579 
0 0 0 0 0 0 0 4 18252 13570 
0 0 0 0 0 0 0 4 18262 13561 
0 0 0 0 0 0 0 4 18272 13552 
0 0 0 0 0 0 0 4 18282 13543 
0 0 0 0 0 0 0 4 18292 13534 
0 0 0 0 0 0 0 4 18302 13525 
0 0 0 0 0 0 0 4 18312 13516 
0 0 0 0 0 0 0 4 18322 13507 
0 0 0 0 0 0 0 4 18332 13498 
0 0 0 0 0 0 0 4 18342 13489 
0 0 0 0 0 0 0 4 18352 13480 
0 0 0 0 0 0 0 4 18362 13471 
0 0 0 0 0 0 0 4 18372 13462 
0 0 0 0 0 0 0 4 18382 13453 
0 0 0 0 0 0 0 4 18392 13444 
0 0 0 0 0 0 0 4 18402 13435 
0 0 0 0 0 0 0 4 18412 13426 
0 0 0 0 0 0 0 4 18422 13417 
0 0 0 0 0 0 0 4 18432 13408 
0 0 0 0 0 0 0 4 18442 13399 
0 0 0 0 0 0 0 4 18452 13390 
0 0 0 0 0 0 0 4 18462 13381 
0 0 0 0 0 0 0 4 18472 13372 
0 0 0 0 0 0 0 4 18482 13363 
0 0 0 0 0 0 0 4 18492 13354 
0 0 0 0 0 0 0 4 18502 13345 
0 0 0 0 0 0 0 4 18512 13336 
0 0 0 0 0 0 0 4 18522 13327 
0 0 0 0 0 0 0 4 18532 13318 
0 0 0 0 0 0 0 4 18542 13309 
0 0 0 0 0 0 0 4 18552 13300 
0 0 0 0 0 0 0 4 18562 13291 
0 0 0 0 0 0 0 4 18572 13282 
0 0 0 0 0 0 0 4 18582 13273 
0 0 0 0 0 0 0 4 18592 13264 
0 0 0 0 0 0 0 4 18602 13255 
0 0 0 0 0 0 0 4 18612 13246 
0 0 0 0 0 0 0 4 18622 13237 
0 0 0 0 0 0 0 4 18632 13228 
0 0 0 0 0 0 0 4 18642 13219 
0 0 0 0 0 0 0 4 18652 13210 
0 0 0 0 0 0 0 4 18662 13201 
0 0 0 0 0 0 0 4 18672 13192 
0 0 0 0 0 0 0 4 18682 13183 
0 0 0 0 0 0 0 4 18692 13174 
0 0 0 0 0 0 0 4 18702 13165 
0 0 0 0 0 0 0 4 18712 13156 
0 0 0 0 0 0 0 4 18722 13147 
0 0 0 0 0 0 0 4 18732 13138 
0 0 0 0 0 0 0 4 18742 13129 
0 0 0 0 0 0 0 4 18752 13120 
0 0 0 0 0 0 0 4 18762 13111 
0 0 0 0 0 0 0 4 18772 13102 
0 0 0 0 0 0 0 4 18782 13093 
0 0 0 0 0 0 0 4 18792 13084 
0 0 0 0 0 0 0 4 18802 13075 
0 0 0 0 0 0 0 4 18812 13066 
0 0 0 0 0 0 0 4 18822 13057 
0 0 0 0 0 0 0 4 18832 13048 
0 0 0 0 0 0 0 4 18842 13039 
0 0 0 0 0 0 0 4 18852 13030 
0 0 0 0 0 0 0 4 18862 13021 
0 0 0 0 0 0 0 4 18872 13012 
0 0 0 0 0 0 0 4 18882 13003 
0 0 0 0 0 0 0 4 18892 12994 
0 0 0 0 0 0 0 4 18902 12985 
0 0 0 0 0 0 0 4 18912 12976 
0 0 0 0 0 0 0 4 18922 12967 
0 0 0 0 0 0 0 4 18932 12958 
0 0 0 0 0 0 0 4 18942 12949 
0 0 0 0 0 0 0 4 18952 12940 
0 0 0 0 0 0 0 4 18962 12931 
0 0 0 0 0 0 0 4 18972 12922 
0 0 0 0 0 0 0 4 18982 12913 
0 0 0 0 0 0 0 4 18992 12904 
0 0 0 0 0 0 0 4 19002 12895 
0 0 0 0 0 0 0 4 19012 12886 
0 0 0 0 0 0 0 4 19022 12877 
0 0 0 0 0 0 0 4 19032 12868 
0 0 0 0 0 0 0 4 19042 12859 
0 0 0 0 0 0 0 4 19052 12850 
0 0 0 0 0 0 0 4 19062 12841 
0 0 0 0 0 0 0 4 19072 12832 
0 0 0 0 0 0 0 4 19082 12823 
0 0 0 0 0 0 0 4 19092 12814 
0 0 0 0 0 0 0 4 19102 12805 
0 0 0 0 0 0 0 4 19112 12796 
0 0 0 0 0 0 0 4 19122 12787 
0 0 0 0 0 0 0 4 19132 12778 
0 0 0 0 0 0 0 4 19142 12769 
0 0 0 0 0 0 0 4 19152 12760 
0 0 0 0 0 0 0 4 19162 12751 
0 0 0 0 0 0 0 4 19172 12742 
0 0 0 0 0 0 0 4 19182 12733 
0 0 0 0 0 0 0 4 19192 12724 
0 0 0 0 0 0 0 4 19202 12715 
0 0 0 0 0 0 0 4 19212 12706 
0 0 0 0 0 0 0 4 19222 12697 
0 0 0 0 0 0 0 4 19232 12688 
0 0 0 0 0 0 0 4 19242 12679 
0 0 0 0 0 0 0 4 19252 12670 
0 0 0 0 0 0 0 4 19262 12661 
0 0 0 0 0 0 0 4 19272 12652 
0 0 0 0 0 0 0 4 19282 12643 
0 0 0 0 0 0 0 4 19292 12634 
0 0 0 0 0 0 0 4 19302 12625 
0 0 0 0 0 0 0 4 19312 12616 
0 0 0 0 0 0 0 4 19322 12607 
0 0 0 0 0 0 0 4 19332 12598 
0 0 0 0 0 0 0 4 19342 12589 
0 0 0 0 0 0 0 4 19352 12580 
0 0 0 0 0 0 0 4 19362 12571 
0 0 0 0 0 0 0 4 19372 12562 
0 0 0 0 0 0 0 4 19382 12553 
0 0 0 0 0 0 0 4 19392 12544 
0 0 0 0 0 0 0 4 19402 12535 
0 0 0 0 0 0 0 4 19412 12526 
0 0 0 0 0 0 0 4 19422 12517 
0 0 0 0 0 0 0 4 19432 12508 
0 0 0 0 0 0 0 4 19442 12499 
0 0 0 0 0 0 0 4 19452 12490 
0 0 0 0 0 0 0 4 19462 12481 
0 0 0 0 0 0 0 4 19472 12472 
0 0 0 0 0 0 0 4 19482 12463 
0 0 0 0 0 0 0 4 19492 12454 
0 0 0 0 0 0 0 4 19502 12445 
0 0 0 0 0 0 0 4 19512 12436 
0 0 0 0 0 0 0 4 19522 12427 
0 0 0 0 0 0 0 4 19532 12418 
0 0 0 0 0 0 0 4 19542 12409 
0 0 0 0 0 0 0 4 19552 12400 
0 0 0 0 0 0 0 4 19562 12391 
0 0 0 0 0 0 0 4 19572 12382 
0 0 0 0 0 0 0 4 19582 12373 
0 0 0 0 0 0 0 4 19592 12364 
0 0 0 0 0 0 0 4 19602 12355 
0 0 0 0 0 0 0 4 19612 12346 
0 0 0 0 0 0 0 4 19622 12337 
0 0 0 0 0 0 0 4 19632 12328 
0 0 0 0 0 0 0 4 19642 12319 
0 0 0 0 0 0 0 4 19652 12310 
0 0 0 0 0 0 0 4 19662 12301 
0 0 0 0 0 0 0 4 19672 12292 
0 0 0 0 0 0 0 4 19682 12283 
0 0 0 0 0 0 0 4 19692 12274 
0 0 0 0 0 0 0 4 19702 12265 
0 0 0 0 0 0 0 4 19712 12256 
0 0 0 0 0 0 0 4 19722 12247 
0 0 0 0 0 0 0 4 19732 12238 
0 0 0 0 0 0 0 4 19742 12229 
0 0 0 0 0 0 0 4 19752 12220 
0 0 0 0 0 0 0 4 19762 12211 
0 0 0 0 0 0 0 4 19772 12202 
0 0 0 0 0 0 0 4 19782 12193 
0 0 0 0 0 0 0 4 19792 12184 
0 0 0 0 0 0 0 4 19802 12175 
0 0 0 0 0 0 0 4 19812 12166 
0 0 0 0 0 0 0 4 19822 12157 
0 0 0 0 0 0 0 4 19832 12148 
0 0 0 0 0 0 0 4 19842 12139 
0 0 0 0 0 0 0 4 19852 12130 
0 0 0 0 0 0 0 4 19862 12121 
0 0 0 0 0 0 0 4 19872 12112 
0 0 0 0 0 0 0 4 19882 12103 
0 0 0 0 0 0 0 4 19892 12094 
0 0 0 0 0 0 0 4 19902 12085 
0 0 0 0 0 0 0 4 19912 12076 
0 0 0 0 0 0 0 4 19922 12067 
0 0 0 0 0 0 0 4 19932 12058 
0 0 0 0 0 0 0 4 19942 12049 
0 0 0 0 0 0 0 4 19952 12040 
0 0 0 0 0 0 0 4 19962 12031 
0 0 0 0 0 0 0 4 19972 12022 
0 0 0 0 0 0 0 4 19982 12013 
0 0 0 0 0 0 0 4 19992 12004 
0 0 0 0 0 0 0 4 20002 11995 
0 0 0 0 0 0 0 4 20012 11986 
0 0 0 0 0 0 0 4 20022 11977 
0 0 0 0 0 0 0 4 20032 11968 
0 0 0 0 0 0 0 4 20042 11959 
0 0 0 0 0 0 0 4 20052 11950 
0 0 0 0 0 0 0 4 20062 11941 
0 0 0 0 0 0 0 4 20072 11932 
0 0 0 0 0 0 0 4 20082 11923 
0 0 0 0 0 0 0 4 20092 11914 
0 0 0 0 0 0 0 4 20102 11905 
0 0 0 0 0 0 0 4 20112 11896 
0 0 0 0 0 0 0 4 20122 11887 
0 0 0 0 0 0 0 4 20132 11878 
0 0 0 0 0 0 0 4 20142 11869 
0 0 0 0 0 0 0 4 20152 11860 
0 0 0 0 0 0 0 4 20162 11851 
0 0 0 0 0 0 0 4 20172 11842 
0 0 0 0 0 0 0 4 20182 11833 
0 0 0 0 0 0 0 4 20192 11824 
0 0 0 0 0 0 0 4 20202 11815 
0 0 0 0 0 0 0 4 20212 11806 
0 0 0 0 0 0 0 4 20222 11797 
0 0 0 0 0 0 0 4 20232 11788 
0 0 0 0 0 0 0 4 20242 11779 
0 0 0 0 0 0 0 4 20252 11770 
0 0 0 0 0 0 0 4 20262 11761 
0 0 0 0 0 0 0 4 20272 11752 
0 0 0 0 0 0 0 4 20282 11743 
0 0 0 0 0 0 0 4 20292 11734 
0 0 0 0 0 0 0 4 20302 11725 
0 0 0 0 0 0 0 4 20312 11716 
0 0 0 0 0 0 0 4 20322 11707 
0 0 0 0 0 0 0 4 20332 11698 
0 0 0 0 0 0 0 4 20342 11689 
0 0 0 0 0 0 0 4 20352 11680 
0 0 0 0 0 0 0 4 20362 11671 
0 0 0 0 0 0 0 4 20372 11662 
0 0 0 0 0 0 0 4 20382 11653 
0 0 0 0 0 0 0 4 20392 11644 
0 0 0 0 0 0 0 4 20402 11635 
0 0 0 0 0 0 0 4 20412 11626 
0 0 0 0 0 0 0 4 20422 11617 
0 0 0 0 0 0 0 4 20432 11608 
0 0 0 0 0 0 0 4 20442 11599 
0 0 0 0 0 0 0 4 20452 11590 
0 0 0 0 0 0 0 4 20462 11581 
0 0 0 0 0 0 0 4 20472 11572 
0 0 0 0 0 0 0 4 20482 11563 
0 0 0 0 0 0 0 4 20492 11554 
0 0 0 0 0 0 0 4 20502 11545 
0 0 0 0 0 0 0 4 20512 11536 
0 0 0 0 0 0 0 4 20522 11527 
0 0 0 0 0 0 0 4 20532 11518 
0 0 0 0 0 0 0 4 20542 11509 
0 0 0 0 0 0 0 4 20552 11500 
0 0 0 0 0 0 0 4 20562 11491 
0 0 0 0 0 0 0 4 20572 11482 
0 0 0 0 0 0 0 4 20582 11473 
0 0 0 0 0 0 0 4 20592 11464 
0 0 0 0 0 0 0 4 20602 11455 
0 0 0 0 0 0 0 4 20612 11446 
0 0 0 0 0 0 0 4 20622 11437 
0 0 0 0 0 0 0 4 20632 11428 
0 0 0 0 0 0 0 4 20642 11419 
0 0 0 0 0 0 0 4 20652 11410 
0 0 0 0 0 0 0 4 20662 11401 
0 0 0 0 0 0 0 4 20672 11392 
0 0 0 0 0 0 0 4 20682 11383 
0 0 0 0 0 0 0 4 20692 11374 
0 0 0 0 0 0 0 4 20702 11365 
0 0 0 0 0 0 0 4 20712 11356 
0 0 0 0 0 0 0 4 20722 11347 
0 0 0 0 0 0 0 4 20732 11338 
0 0 0 0 0 0 0 4 20742 11329 
0 0 0 0 0 0 0 4 20752 11320 
0 0 0 0 0 0 0 4 20762 11311 
0 0 0 0 0 0 0 4 20772 11302 
0 0 0 0 0 0 0 4 20782 11293 
0 0 0 0 0 0 0 4 20792 11284 
0 0 0 0 0 0 0 4 20802 11275 
0 0 0 0 0 0 0 4 20812 11266 
0 0 0 0 0 0 0 4 20822 11257 
0 0 0 0 0 0 0 4 20832 11248 
0 0 0 0 0 0 0 4 20842 11239 
0 0 0 0 0 0 0 4 20852 11230 
0 0 0 0 0 0 0 4 20862 11221 
0 0 0 0 0 0 0 4 20872 11212 
0 0 0 0 0 0 0 4 20882 11203 
0 0 0 0 0 0 0 4 20892 11194 
0 0 0 0 0 0 0 4 20902 11185 
0 0 0 0 0 0 0 4 20912 11176 
0 0 0 0 0 0 0 4 20922 11167 
0 0 0 0 0 0 0 4 20932 11158 
0 0 0 0 0 0 0 4 20942 11149 
0 0 0 0 0 0 0 4 20952 11140 
0 0 0 0 0 0 0 4 20962 11131 
0 0 0 0 0 0 0 4 20972 11122 
0 0 0 0 0 0 0 4 20982 11113 
0 0 0 0 0 0 0 4 20992 11104 
0 0 0 0 0 0 0 4 21002 11095 
0 0 0 0 0 0 0 4 21012 11086 
0 0 0 0 0 0 0 4 21022 11077 
0 0 0 0 0 0 0 4 21032 11068 
0 0 0 0 0 0 0 4 21042 11059 
0 0 0 0 0 0 0 4 21052 11050 
0 0 0 0 0 0 0 4 21062 11041 
0 0 0 0 0 0 0 4 21072 11032 
0 0 0 0 0 0 0 4 21082 11023 
0 0 0 0 0 0 0 4 21092 11014 
0 0 0 0 0 0 0 4 21102 11005 
0 0 0 0 0 0 0 4 21112 10996 
0 0 0 0 0 0 0 4 21122 10987 
0 0 0 0 0 0 0 4 21132 10978 
0 0 0 0 0 0 0 4 21142 10969 
0 0 0 0 0 0 0 4 21152 10960 
0 0 0 0 0 0 0 4 21162 10951 
0 0 0 0 0 0 0 4 21172 10942 
0 0 0 0 0 0 0 4 21182 10933 
0 0 0 0 0 0 0 4 21192 10924 
0 0 0 0 0 0 0 4 21202 10915 
0 0 0 0 0 0 0 4 21212 10906 
0 0 0 0 0 0 0 4 21222 10897 
0 0 0 0 0 0 0 4 21232 10888 
0 0 0 0 0 0 0 4 21242 10879 
0 0 0 0 0 0 0 4 21252 10870 
0 0 0 0 0 0 0 4 21262 10861 
0 0 0 0 0 0 0 4 21272 10852 
0 0 0 0 0 0 0 4 21282 10843 
0 0 0 0 0 0 0 4 21292 10834 
0 0 0 0 0 0 0 4 21302 10825 
0 0 0 0 0 0 0 4 21312 10816 
0 0 0 0 0 0 0 4 21322 10807 
0 0 0 0 0 0 0 4 21332 10798 
0 0 0 0 0 0 0 4 21342 10789 
0 0 0 0 0 0 0 4 21352 10780 
0 0 0 0 0 0 0 4 21362 10771 
0 0 0 0 0 0 0 4 21372 10762 
0 0 0 0 0 0 0 4 21382 10753 
0 0 0 0 0 0 0 4 21392 10744 
0 0 0 0 0 0 0 4 21402 10735 
0 0 0 0 0 0 0 4 21412 10726 
0 0 0 0 0 0 0 4 21422 10717 
0 0 0 0 0 0 0 4 21432 10708 
0 0 0 0 0 0 0 4 21442 10699 
0 0 0 0 0 0 0 4 21452 10690 
0 0 0 0 0 0 0 4 21462 10681 
0 0 0 0 0 0 0 4 21472 10672 
0 0 0 0 0 0 0 4 21482 10663 
0 0 0 0 0 0 0 4 21492 10654 
0 0 0 0 0 0 0 4 21502 10645 
0 0 0 0 0 0 0 4 21512 10636 
0 0 0 0 0 0 0 4 21522 10627 
0 0 0 0 0 0 0 4 21532 10618 
0 0 0 0 0 0 0 4 21542 10609 
0 0 0 0 0 0 0 4 21552 10600 
0 0 0 0 0 0 0 4 21562 10591 
0 0 0 0 0 0 0 4 21572 10582 
0 0 0 0 0 0 0 4 21582 10573 
0 0 0 0 0 0 0 4 21592 10564 
0 0 0 0 0 0 0 4 21602 10555 
0 0 0 0 0 0 0 4 21612 10546 
0 0 0 0 0 0 0 4 21622 10537 
0 0 0 0 0 0 0 4 21632 10528 
0 0 0 0 0 0 0 4 21642 10519 
0 0 0 0 0 0 0 4 21652 10510 
0 0 0 0 0 0 0 4 21662 10501 
0 0 0 0 0 0 0 4 21672 10492 
0 0 0 0 0 0 0 4 21682 10483 
0 0 0 0 0 0 0 4 21692 10474 
0 0 0 0 0 0 0 4 21702 10465 
0 0 0 0 0 0 0 4 21712 10456 
0 0 0 0 0 0 0 4 21722 10447 
0 0 0 0 0 0 0 4 21732 10438 
0 0 0 0 0 0 0 4 21742 10429 
0 0 0 0 0 0 0 4 21752 10420 
0 0 0 0 0 0 0 4 21762 10411 
0 0 0 0 0 0 0 4 21772 10402 
0 0 0 0 0 0 0 4 21782 10393 
0 0 0 0 0 0 0 4 21792 10384 
0 0 0 0 0 0 0 4 21802 10375 
0 0 0 0 0 0 0 4 21812 10366 
0 0 0 0 0 0 0 4 21822 10357 
0 0 0 0 0 0 0 4 21832 10348 
0 0 0 0 0 0 0 4 21842 10339 
0 0 0 0 0 0 0 4 21852 10330 
0 0 0 0 0 0 0 4 21862 10321 
0 0 0 0 0 0 0 4 21872 10312 
0 0 0 0 0 0 0 4 21882 10303 
0 0 0 0 0 0 0 4 21892 10294 
0 0 0 0 0 0 0 4 21902 10285 
0 0 0 0 0 0 0 4 21912 10276 
0 0 0 0 0 0 0 4 21922 10267 
0 0 0 0 0 0 0 4 21932 10258 
0 0 0 0 0 0 0 4 21942 10249 
0 0 0 0 0 0 0 4 21952 10240 
0 0 0 0 0 0 0 4 21962 10231 
0 0 0 0 0 0 0 4 21972 10222 
0 0 0 0 0 0 0 4 21982 10213 
0 0 0 0 0 0 0 4 21992 10204 
0 0 0 0 0 0 0 4 22002 10195 
0 0 0 0 0 0 0 4 22012 10186 
0 0 0 0 0 0 0 4 22022 10177 
0 0 0 0 0 0 0 4 22032 10168 
0 0 0 0 0 0 0 4 22042 10159 
0 0 0 0 0 0 0 4 22052 10150 
0 0 0 0 0 0 0 4 22062 10141 
0 0 0 0 0 0 0 4 22072 10132 
0 0 0 0 0 0 0 4 22082 10123 
0 0 0 0 0 0 0 4 22092 10114 
0 0 0 0 0 0 0 4 22102 10105 
0 0 0 0 0 0 0 4 22112 10096 
0 0 0 0 0 0 0 4 22122 10087 
0 0 0 0 0 0 0 4 22132 10078 
0 0 0 0 0 0 0 4 22142 10069 
0 0 0 0 0 0 0 4 22152 10060 
0 0 0 0 0 0 0 4 22162 10051 
0 0 0 0 0 0 0 4 22172 10042 
0 0 0 0 0 0 0 4 22182 10033 
0 0 0 0 0 0 0 4 22192 10024 
0 0 0 0 0 0 0 4 22202 10015 
0 0 0 0 0 0 0 4 22212 10006 
0 0 0 0 0 0 0 4 22222 9997 
0 0 0 0 0 0 0 4 22232 9988 
0 0 0 0 0 0 0 4 22242 9979 
0 0 0 0 0 0 0 4 22252 9970 
0 0 0 0 0 0 0 4 22262 9961 
0 0 0 0 0 0 0 4 22272 9952 
0 0 0 0 0 0 0 4 22282 9943 
0 0 0 0 0 0 0 4 22292 9934 
0 0 0 0 0 0 0 4 22302 9925 
0 0 0 0 0 0 0 4 22312 9916 
0 0 0 0 0 0 0 4 22322 9907 
0 0 0 0 0 0 0 4 22332 9898 
0 0 0 0 0 0 0 4 22342 9889 
0 0 0 0 0 0 0 4 22352 9880 
0 0 0 0 0 0 0 4 22362 9871 
0 0 0 0 0 0 0 4 22372 9862 
0 0 0 0 0 0 0 4 22382 9853 
0 0 0 0 0 0 0 4 22392 9844 
0 0 0 0 0 0 0 4 22402 9835 
0 0 0 0 0 0 0 4 22412 9826 
0 0 0 0 0 0 0 4 22422 9817 
0 0 0 0 0 0 0 4 22432 9808 
0 0 0 0 0 0 0 4 22442 9799 
0 0 0 0 0 0 0 4 22452 9790 
0 0 0 0 0 0 0 4 22462 9781 
0 0 0 0 0 0 0 4 22472 9772 
0 0 0 0 0 0 0 4 22482 9763 
0 0 0 0 0 0 0 4 22492 9754 
0 0 0 0 0 0 0 4 22502 9745 
0 0 0 0 0 0 0 4 22512 9736 
0 0 0 0 0 0 0 4 22522 9727 
0 0 0 0 0 0 0 4 22532 9718 
0 0 0 0 0 0 0 4 22542 9709 
0 0 0 0 0 0 0 4 22552 9700 
0 0 0 0 0 0 0 4 22562 9691 
0 0 0 0 0 0 0 4 22572 9682 
0 0 0 0 0 0 0 4 22582 9673 
0 0 0 0 0 0 0 4 22592 9664 
0 0 0 0 0 0 0 4 22602 9655 
0 0 0 0 0 0 0 4 22612 9646 
0 0 0 0 0 0 0 4 22622 9637 
0 0 0 0 0 0 0 4 22632 9628 
0 0 0 0 0 0 0 4 22642 9619 
0 0 0 0 0 0 0 4 22652 9610 
0 0 0 0 0 0 0 4 22662 9601 
0 0 0 0 0 0 0 4 22672 9592 
0 0 0 0 0 0 0 4 22682 9583 
0 0 0 0 0 0 0 4 22692 9574 
0 0 0 0 0 0 0 4 22702 9565 
0 0 0 0 0 0 0 4 22712 9556 
0 0 0 0 0 0 0 4 22722 9547 
0 0 0 0 0 0 0 4 22732 9538 
0 0 0 0 0 0 0 4 22742 9529 
0 0 0 0 0 0 0 4 22752 9520 
0 0 0 0 0 0 0 4 22762 9511 
0 0 0 0 0 0 0 4 22772 9502 
0 0 0 0 0 0 0 4 22782 9493 
0 0 0 0 0 0 0 4 22792 9484 
0 0 0 0 0 0 0 4 22802 9475 
0 0 0 0 0 0 0 4 22812 9466 
0 0 0 0 0 0 0 4 22822 9457 
0 0 0 0 0 0 0 4 22832 9448 
0 0 0 0 0 0 0 4 22842 9439 
0 0 0 0 0 0 0 4 22852 9430 
0 0 0 0 0 0 0 4 22862 9421 
0 0 0 0 0 0 0 4 22872 9412 
0 0 0 0 0 0 0 4 22882 9403 
0 0 0 0 0 0 0 4 22892 9394 
0 0 0 0 0 0 0 4 22902 9385 
0 0 0 0 0 0 0 4 22912 9376 
0 0 0 0 0 0 0 4 22922 9367 
0 0 0 0 0 0 0 4 22932 9358 
0 0 0 0 0 0 0 4 22942 9349 
0 0 0 0 0 0 0 4 22952 9340 
0 0 0 0 0 0 0 4 22962 9331 
0 0 0 0 0 0 0 4 22972 9322 
0 0 0 0 0 0 0 4 22982 9313 
0 0 0 0 0 0 0 4 22992 9304 
0 0 0 0 0 0 0 4 23002 9295 
0 0 0 0 0 0 0 4 23012 9286 
0 0 0 0 0 0 0 4 23022 9277 
0 0 0 0 0 0 0 4 23032 9268 
0 0 0 0 0 0 0 4 23042 9259 
0 0 0 0 0 0 0 4 23052 9250 
0 0 0 0 0 0 0 4 23062 9241 
0 0 0 0 0 0 0 4 23072 9232 
0 0 0 0 0 0 0 4 23082 9223 
0 0 0 0 0 0 0 4 23092 9214 
0 0 0 0 0 0 0 4 23102 9205 
0 0 0 0 0 0 0 4 23112 9196 
0 0 0 0 0 0 0 4 23122 9187 
0 0 0 0 0 0 0 4 23132 9178 
0 0 0 0 0 0 0 4 23142 9169 
0 0 0 0 0 0 0 4 23152 9160 
0 0 0 0 0 0 0 4 23162 9151 
0 0 0 0 0 0 0 4 23172 9142 
0 0 0 0 0 0 0 4 23182 9133 
0 0 0 0 0 0 0 4 23192 9124 
0 0 0 0 0 0 0 4 23202 9115 
0 0 0 0 0 0 0 4 23212 9106 
0 0 0 0 0 0 0 4 23222 9097 
0 0 0 0 0 0 0 4 23232 9088 
0 0 0 0 0 0 0 4 23242 9079 
0 0 0 0 0 0 0 4 23252 9070 
0 0 0 0 0 0 0 4 23262 9061 
0 0 0 0 0 0 0 4 23272 9052 
0 0 0 0 0 0 0 4 23282 9043 
0 0 0 0 0 0 0 4 23292 9034 
0 0 0 0 0 0 0 4 23302 9025 
0 0 0 0 0 0 0 4 23312 9016 
0 0 0 0 0 0 0 4 23322 9007 
0 0 0 0 0 0 0 4 23332 8998 
0 0 0 0 0 0 0 4 23342 8989 
0 0 0 0 0 0 0 4 23352 8980 
0 0 0 0 0 0 0 4 23362 8971 
0 0 0 0 0 0 0 4 23372 8962 
0 0 0 0 0 0 0 4 23382 8953 
0 0 0 0 0 0 0 4 23392 8944 
0 0 0 0 0 0 0 4 23402 8935 
0 0 0 0 0 0 0 4 23412 8926 
0 0 0 0 0 0 0 4 23422 8917 
0 0 0 0 0 0 0 4 23432 8908 
0 0 0 0 0 0 0 4 23442 8899 
0 0 0 0 0 0 0 4 23452 8890 
0 0 0 0 0 0 0 4 23462 8881 
0 0 0 0 0 0 0 4 23472 8872 
0 0 0 0 0 0 0 4 23482 8863 
0 0 0 0 0 0 0 4 23492 8854 
0 0 0 0 0 0 0 4 23502 8845 
0 0 0 0 0 0 0 4 23512 8836 
0 0 0 0 0 0 0 4 23522 8827 
0 0 0 0 0 0 0 4 23532 8818 
0 0 0 0 0 0 0 4 23542 8809 
0 0 0 0 0 0 0 4 23552 8800 
0 0 0 0 0 0 0 4 23562 8791 
0 0 0 0 0 0 0 4 23572 8782 
0 0 0 0 0 0 0 4 23582 8773 
0 0 0 0 0 0 0 4 23592 8764 
0 0 0 0 0 0 0 4 23602 8755 
0 0 0 0 0 0 0 4 23612 8746 
0 0 0 0 0 0 0 4 23622 8737 
0 0 0 0 0 0 0 4 23632 8728 
0 0 0 0 0 0 0 4 23642 8719 
0 0 0 0 0 0 0 4 23652 8710 
0 0 0 0 0 0 0 4 23662 8701 
0 0 0 0 0 0 0 4 23672 8692 
0 0 0 0 0 0 0 4 23682 8683 
0 0 0 0 0 0 0 4 23692 8674 
0 0 0 0 0 0 0 4 23702 8665 
0 0 0 0 0 0 0 4 23712 8656 
0 0 0 0 0 0 0 4 23722 8647 
0 0 0 0 0 0 0 4 23732 8638 
0 0 0 0 0 0 0 4 23742 8629 
0 0 0 0 0 0 0 4 23752 8620 
0 0 0 0 0 0 0 4 23762 8611 
0 0 0 0 0 0 0 4 23772 8602 
0 0 0 0 0 0 0 4 23782 8593 
0 0 0 0 0 0 0 4 23792 8584 
0 0 0 0 0 0 0 4 23802 8575 
0 0 0 0 0 0 0 4 23812 8566 
0 0 0 0 0 0 0 4 23822 8557 
0 0 0 0 0 0 0 4 23832 8548 
0 0 0 0 0 0 0 4 23842 8539 
0 0 0 0 0 0 0 4 23852 8530 
0 0 0 0 0 0 0 4 23862 8521 
0 0 0 0 0 0 0 4 23872 8512 
0 0 0 0 0 0 0 4 23882 8503 
0 0 0 0 0 0 0 4 23892 8494 
0 0 0 0 0 0 0 4 23902 8485 
0 0 0 0 0 0 0 4 23912 8476 
0 0 0 0 0 0 0 4 23922 8467 
0 0 0 0 0 0 0 4 23932 8458 
0 0 0 0 0 0 0 4 23942 8449 
0 0 0 0 0 0 0 4 23952 8440 
0 0 0 0 0 0 0 4 23962 8431 
0 0 0 0 0 0 0 4 23972 8422 
0 0 0 0 0 0 0 4 23982 8413 
0 0 0 0 0 0 0 4 23992 8404 
0 0 0 0 0 0 0 4 24002 8395 
0 0 0 0 0 0 0 4 24012 8386 
0 0 0 0 0 0 0 4 24022 8377 
0 0 0 0 0 0 0 4 24032 8368 
0 0 0 0 0 0 0 4 24042 8359 
0 0 0 0 0 0 0 4 24052 8350 
0 0 0 0 0 0 0 4 24062 8341 
0 0 0 0 0 0 0 4 24072 8332 
0 0 0 0 0 0 0 4 24082 8323 
0 0 0 0 0 0 0 4 24092 8314 
0 0 0 0 0 0 0 4 24102 8305 
0 0 0 0 0 0 0 4 24112 8296 
0 0 0 0 0 0 0 4 24122 8287 
0 0 0 0 0 0 0 4 24132 8278 
0 0 0 0 0 0 0 4 24142 8269 
0 0 0 0 0 0 0 4 24152 8260 
0 0 0 0 0 0 0 4 24162 8251 
0 0 0 0 0 0 0 4 24172 8242 
0 0 0 0 0 0 0 4 24182 8233 
0 0 0 0 0 0 0 4 24192 8224 
0 0 0 0 0 0 0 4 24202 8215 
0 0 0 0 0 0 0 4 24212 8206 
0 0 0 0 0 0 0 4 24222 8197 
0 0 0 0 0 0 0 4 24232 8188 
0 0 0 0 0 0 0 4 24242 8179 
0 0 0 0 0 0 0 4 24252 8170 
0 0 0 0 0 0 0 4 24262 8161 
0 0 0 0 0 0 0 4 24272 8152 
0 0 0 0 0 0 0 4 24282 8143 
0 0 0 0 0 0 0 4 24292 8134 
0 0 0 0 0 0 0 4 24302 8125 
0 0 0 0 0 0 0 4 24312 8116 
0 0 0 0 0 0 0 4 24322 8107 
0 0 0 0 0 0 0 4 24332 8098 
0 0 0 0 0 0 0 4 24342 8089 
0 0 0 0 0 0 0 4 24352 8080 
0 0 0 0 0 0 0 4 24362 8071 
0 0 0 0 0 0 0 4 24372 8062 
0 0 0 0 0 0 0 4 24382 8053 
0 0 0 0 0 0 0 4 24392 8044 
0 0 0 0 0 0 0 4 24402 8035 
0 0 0 0 0 0 0 4 24412 8026 
0 0 0 0 0 0 0 4 24422 8017 
0 0 0 0 0 0 0 4 24432 8008 
0 0 0 0 0 0 0 4 24442 7999 
0 0 0 0 0 0 0 4 24452 7990 
0 0 0 0 0 0 0 4 24462 7981 
0 0 0 0 0 0 0 4 24472 7972 
0 0 0 0 0 0 0 4 24482 7963 
0 0 0 0 0 0 0 4 24492 7954 
0 0 0 0 0 0 0 4 24502 7945 
0 0 0 0 0 0 0 4 24512 7936 
0 0 0 0 0 0 0 4 24522 7927 
0 0 0 0 0 0 0 4 24532 7918 
0 0 0 0 0 0 0 4 24542 7909 
0 0 0 0 0 0 0 4 24552 7900 
0 0 0 0 0 0 0 4 24562 7891 
0 0 0 0 0 0 0 4 24572 7882 
0 0 0 0 0 0 0 4 24582 7873 
0 0 0 0 0 0 0 4 24592 7864 
0 0 0 0 0 0 0 4 24602 7855 
0 0 0 0 0 0 0 4 24612 7846 
0 0 0 0 0 0 0 4 24622 7837 
0 0 0 0 0 0 0 4 24632 7828 
0 0 0 0 0 0 0 4 24642 7819 
0 0 0 0 0 0 0 4 24652 7810 
0 0 0 0 0 0 0 4 24662 7801 
0 0 0 0 0 0 0 4 24672 7792 
0 0 0 0 0 0 0 4 24682 7783 
0 0 0 0 0 0 0 4 24692 7774 
0 0 0 0 0 0 0 4 24702 7765 
0 0 0 0 0 0 0 4 24712 7756 
0 0 0 0 0 0 0 4 24722 7747 
0 0 0 0 0 0 0 4 24732 7738 
0 0 0 0 0 0 0 4 24742 7729 
0 0 0 0 0 0 0 4 24752 7720 
0 0 0 0 0 0 0 4 24762 7711 
0 0 0 0 0 0 0 4 24772 7702 
0 0 0 0 0 0 0 4 24782 7693 
0 0 0 0 0 0 0 4 24792 7684 
0 0 0 0 0 0 0 4 24802 7675 
0 0 0 0 0 0 0 4 24812 7666 
0 0 0 0 0 0 0 4 24822 7657 
0 0 0 0 0 0 0 4 24832 7648 
0 0 0 0 0 0 0 4 24842 7639 
0 0 0 0 0 0 0 4 24852 7630 
0 0 0 0 0 0 0 4 24862 7621 
0 0 0 0 0 0 0 4 24872 7612 
0 0 0 0 0 0 0 4 24882 7603 
0 0 0 0 0 0 0 4 24892 7594 
0 0 0 0 0 0 0 4 24902 7585 
0 0 0 0 0 0 0 4 24912 7576 
0 0 0 0 0 0 0 4 24922 7567 
0 0 0 0 0 0 0 4 24932 7558 
0 0 0 0 0 0 0 4 24942 7549 
0 0 0 0 0 0 0 4 24952 7540 
0 0 0 0 0 0 0 4 24962 7531 
0 0 0 0 0 0 0 4 24972 7522 
0 0 0 0 0 0 0 4 24982 7513 
0 0 0 0 0 0 0 4 24992 7504 
0 0 0 0 0 0 0 4 25002 7495 
0 0 0 0 0 0 0 4 25012 7486 
0 0 0 0 0 0 0 4 25022 7477 
0 0 0 0 0 0 0 4 25032 7468 
0 0 0 0 0 0 0 4 25042 7459 
0 0 0 0 0 0 0 4 25052 7450 
0 0 0 0 0 0 0 4 25062 7441 
0 0 0 0 0 0 0 4 25072 7432 
0 0 0 0 0 0 0 4 25082 7423 
0 0 0 0 0 0 0 4 25092 7414 
0 0 0 0 0 0 0 4 25102 7405 
0 0 0 0 0 0 0 4 25112 7396 
0 0 0 0 0 0 0 4 25122 7387 
0 0 0 0 0 0 0 4 25132 7378 
0 0 0 0 0 0 0 4 25142 7369 
0 0 0 0 0 0 0 4 25152 7360 
0 0 0 0 0 0 0 4 25162 7351 
0 0 0 0 0 0 0 4 25172 7342 
0 0 0 0 0 0 0 4 25182 7333 
0 0 0 0 0 0 0 4 25192 7324 
0 0 0 0 0 0 0 4 25202 7315 
0 0 0 0 0 0 0 4 25212 7306 
0 0 0 0 0 0 0 4 25222 7297 
0 0 0 0 0 0 0 4 25232 7288 
0 0 0 0 0 0 0 4 25242 7279 
0 0 0 0 0 0 0 4 25252 7270 
0 0 0 0 0 0 0 4 25262 7261 
0 0 0 0 0 0 0 4 25272 7252 
0 0 0 0 0 0 0 4 25282 7243 
0 0 0 0 0 0 0 4 25292 7234 
0 0 0 0 0 0 0 4 25302 7225 
0 0 0 0 0 0 0 4 25312 7216 
0 0 0 0 0 0 0 4 25322 7207 
0 0 0 0 0 0 0 4 25332 7198 
0 0 0 0 0 0 0 4 25342 7189 
0 0 0 0 0 0 0 4 25352 7180 
0 0 0 0 0 0 0 4 25362 7171 
0 0 0 0 0 0 0 4 25372 7162 
0 0 0 0 0 0 0 4 25382 7153 
0 0 0 0 0 0 0 4 25392 7144 
0 0 0 0 0 0 0 4 25402 7135 
0 0 0 0 0 0 0 4 25412 7126 
0 0 0 0 0 0 0 4 25422 7117 
0 0 0 0 0 0 0 4 25432 7108 
0 0 0 0 0 0 0 4 25442 7099 
0 0 0 0 0 0 0 4 25452 7090 
0 0 0 0 0 0 0 4 25462 7081 
0 0 0 0 0 0 0 4 25472 7072 
0 0 0 0 0 0 0 4 25482 7063 
0 0 0 0 0 0 0 4 25492 7054 
0 0 0 0 0 0 0 4 25502 7045 
0 0 0 0 0 0 0 4 25512 7036 
0 0 0 0 0 0 0 4 25522 7027 
0 0 0 0 0 0 0 4 25532 7018 
0 0 0 0 0 0 0 4 25542 7009 
0 0 0 0 0 0 0 4 25552 7000 
0 0 0 0 0 0 0 4 25562 6991 
0 0 0 0 0 0 0 4 25572 6982 
0 0 0 0 0 0 0 4 25582 6973 
0 0 0 0 0 0 0 4 25592 6964 
0 0 0 0 0 0 0 4 25602 6955 
0 0 0 0 0 0 0 4 25612 6946 
0 0 0 0 0 0 0 4 25622 6937 
0 0 0 0 0 0 0 4 25632 6928 
0 0 0 0 0 0 0 4 25642 6919 
0 0 0 0 0 0 0 4 25652 6910 
0 0 0 0 0 0 0 4 25662 6901 
0 0 0 0 0 0 0 4 25672 6892 
0 0 0 0 0 0 0 4 25682 6883 
0 0 0 0 0 0 0 4 25692 6874 
0 0 0 0 0 0 0 4 25702 6865 
0 0 0 0 0 0 0 4 25712 6856 
0 0 0 0 0 0 0 4 25722 6847 
0 0 0 0 0 0 0 4 25732 6838 
0 0 0 0 0 0 0 4 25742 6829 
0 0 0 0 0 0 0 4 25752 6820 
0 0 0 0 0 0 0 4 25762 6811 
0 0 0 0 0 0 0 4 25772 6802 
0 0 0 0 0 0 0 4 25782 6793 
0 0 0 0 0 0 0 4 25792 6784 
0 0 0 0 0 0 0 4 25802 6775 
0 0 0 0 0 0 0 4 25812 6766 
0 0 0 0 0 0 0 4 25822 6757 
0 0 0 0 0 0 0 4 25832 6748 
0 0 0 0 0 0 0 4 25842 6739 
0 0 0 0 0 0 0 4 25852 6730 
0 0 0 0 0 0 0 4 25862 6721 
0 0 0 0 0 0 0 4 25872 6712 
0 0 0 0 0 0 0 4 25882 6703 
0 0 0 0 0 0 0 4 25892 6694 
0 0 0 0 0 0 0 4 25902 6685 
0 0 0 0 0 0 0 4 25912 6676 
0 0 0 0 0 0 0 4 25922 6667 
0 0 0 0 0 0 0 4 25932 6658 
0 0 0 0 0 0 0 4 25942 6649 
0 0 0 0 0 0 0 4 25952 6640 
0 0 0 0 0 0 0 4 25962 6631 
0 0 0 0 0 0 0 4 25972 6622 
0 0 0 0 0 0 0 4 25982 6613 
0 0 0 0 0 0 0 4 25992 6604 
0 0 0 0 0 0 0 4 26002 6595 
0 0 0 0 0 0 0 4 26012 6586 
0 0 0 0 0 0 0 4 26022 6577 
0 0 0 0 0 0 0 4 26032 6568 
0 0 0 0 0 0 0 4 26042 6559 
0 0 0 0 0 0 0 4 26052 6550 
0 0 0 0 0 0 0 4 26062 6541 
0 0 0 0 0 0 0 4 26072 6532 
0 0 0 0 0 0 0 4 26082 6523 
0 0 0 0 0 0 0 4 26092 6514 
0 0 0 0 0 0 0 4 26102 6505 
0 0 0 0 0 0 0 4 26112 6496 
0 0 0 0 0 0 0 4 26122 6487 
0 0 0 0 0 0 0 4 26132 6478 
0 0 0 0 0 0 0 4 26142 6469 
0 0 0 0 0 0 0 4 26152 6460 
0 0 0 0 0 0 0 4 26162 6451 
0 0 0 0 0 0 0 4 26172 6442 
0 0 0 0 0 0 0 4 26182 6433 
0 0 0 0 0 0 0 4 26192 6424 
0 0 0 0 0 0 0 4 26202 6415 
0 0 0 0 0 0 0 4 26212 6406 
0 0 0 0 0 0 0 4 26222 6397 
0 0 0 0 0 0 0 4 26232 6388 
0 0 0 0 0 0 0 4 26242 6379 
0 0 0 0 0 0 0 4 26252 6370 
0 0 0 0 0 0 0 4 26262 6361 
0 0 0 0 0 0 0 4 26272 6352 
0 0 0 0 0 0 0 4 26282 6343 
0 0 0 0 0 0 0 4 26292 6334 
0 0 0 0 0 0 0 4 26302 6325 
0 0 0 0 0 0 0 4 26312 6316 
0 0 0 0 0 0 0 4 26322 6307 
0 0 0 0 0 0 0 4 26332 6298 
0 0 0 0 0 0 0 4 26342 6289 
0 0 0 0 0 0 0 4 26352 6280 
0 0 0 0 0 0 0 4 26362 6271 
0 0 0 0 0 0 0 4 26372 6262 
0 0 0 0 0 0 0 4 26382 6253 
0 0 0 0 0 0 0 4 26392 6244 
0 0 0 0 0 0 0 4 26402 6235 
0 0 0 0 0 0 0 4 26412 6226 
0 0 0 0 0 0 0 4 26422 6217 
0 0 0 0 0 0 0 4 26432 6208 
0 0 0 0 0 0 0 4 26442 6199 
0 0 0 0 0 0 0 4 26452 6190 
0 0 0 0 0 0 0 4 26462 6181 
0 0 0 0 0 0 0 4 26472 6172 
0 0 0 0 0 0 0 4 26482 6163 
0 0 0 0 0 0 0 4 26492 6154 
0 0 0 0 0 0 0 4 26502 6145 
0 0 0 0 0 0 0 4 26512 6136 
0 0 0 0 0 0 0 4 26522 6127 
0 0 0 0 0 0 0 4 26532 6118 
0 0 0 0 0 0 0 4 26542 6109 
0 0 0 0 0 0 0 4 26552 6100 
0 0 0 0 0 0 0 4 26562 6091 
0 0 0 0 0 0 0 4 26572 6082 
0 0 0 0 0 0 0 4 26582 6073 
0 0 0 0 0 0 0 4 26592 6064 
0 0 0 0 0 0 0 4 26602 6055 
0 0 0 0 0 0 0 4 26612 6046 
0 0 0 0 0 0 0 4 26622 6037 
0 0 0 0 0 0 0 4 26632 6028 
0 0 0 0 0 0 0 4 26642 6019 
0 0 0 0 0 0 0 4 26652 6010 
0 0 0 0 0 0 0 4 26662 6001 
0 0 0 0 0 0 0 4 26672 5992 
0 0 0 0 0 0 0 4 26682 5983 
0 0 0 0 0 0 0 4 26692 5974 
0 0 0 0 0 0 0 4 26702 5965 
0 0 0 0 0 0 0 4 26712 5956 
0 0 0 0 0 0 0 4 26722 5947 
0 0 0 0 0 0 0 4 26732 5938 
0 0 0 0 0 0 0 4 26742 5929 
0 0 0 0 0 0 0 4 26752 5920 
0 0 0 0 0 0 0 4 26762 5911 
0 0 0 0 0 0 0 4 26772 5902 
0 0 0 0 0 0 0 4 26782 5893 
0 0 0 0 0 0 0 4 26792 5884 
0 0 0 0 0 0 0 4 26802 5875 
0 0 0 0 0 0 0 4 26812 5866 
0 0 0 0 0 0 0 4 26822 5857 
0 0 0 0 0 0 0 4 26832 5848 
0 0 0 0 0 0 0 4 26842 5839 
0 0 0 0 0 0 0 4 26852 5830 
0 0 0 0 0 0 0 4 26862 5821 
0 0 0 0 0 0 0 4 26872 5812 
0 0 0 0 0 0 0 4 26882 5803 
0 0 0 0 0 0 0 4 26892 5794 
0 0 0 0 0 0 0 4 26902 5785 
0 0 0 0 0 0 0 4 26912 5776 
0 0 0 0 0 0 0 4 26922 5767 
0 0 0 0 0 0 0 4 26932 5758 
0 0 0 0 0 0 0 4 26942 5749 
0 0 0 0 0 0 0 4 26952 5740 
0 0 0 0 0 0 0 4 26962 5731 
0 0 0 0 0 0 0 4 26972 5722 
0 0 0 0 0 0 0 4 26982 5713 
0 0 0 0 0 0 0 4 26992 5704 
0 0 0 0 0 0 0 4 27002 5695 
0 0 0 0 0 0 0 4 27012 5686 
0 0 0 0 0 0 0 4 27022 5677 
0 0 0 0 0 0 0 4 27032 5668 
0 0 0 0 0 0 0 4 27042 5659 
0 0 0 0 0 0 0 4 27052 5650 
0 0 0 0 0 0 0 4 27062 5641 
0 0 0 0 0 0 0 4 27072 5632 
0 0 0 0 0 0 0 4 27082 5623 
0 0 0 0 0 0 0 4 27092 5614 
0 0 0 0 0 0 0 4 27102 5605 
0 0 0 0 0 0 0 4 27112 5596 
0 0 0 0 0 0 0 4 27122 5587 
0 0 0 0 0 0 0 4 27132 5578 
0 0 0 0 0 0 0 4 27142 5569 
0 0 0 0 0 0 0 4 27152 5560 
0 0 0 0 0 0 0 4 27162 5551 
0 0 0 0 0 0 0 4 27172 5542 
0 0 0 0 0 0 0 4 27182 5533 
0 0 0 0 0 0 0 4 27192 5524 
0 0 0 0 0 0 0 4 27202 5515 
0 0 0 0 0 0 0 4 27212 5506 
0 0 0 0 0 0 0 4 27222 5497 
0 0 0 0 0 0 0 4 27232 5488 
0 0 0 0 0 0 0 4 27242 5479 
0 0 0 0 0 0 0 4 27252 5470 
0 0 0 0 0 0 0 4 27262 5461 
0 0 0 0 0 0 0 4 27272 5452 
0 0 0 0 0 0 0 4 27282 5443 
0 0 0 0 0 0 0 4 27292 5434 
0 0 0 0 0 0 0 4 27302 5425 
0 0 0 0 0 0 0 4 27312 5416 
0 0 0 0 0 0 0 4 27322 5407 
0 0 0 0 0 0 0 4 27332 5398 
0 0 0 0 0 0 0 4 27342 5389 
0 0 0 0 0 0 0 4 27352 5380 
0 0 0 0 0 0 0 4 27362 5371 
0 0 0 0 0 0 0 4 27372 5362 
0 0 0 0 0 0 0 4 27382 5353 
0 0 0 0 0 0 0 4 27392 5344 
0 0 0 0 0 0 0 4 27402 5335 
0 0 0 0 0 0 0 4 27412 5326 
0 0 0 0 0 0 0 4 27422 5317 
0 0 0 0 0 0 0 4 27432 5308 
0 0 0 0 0 0 0 4 27442 5299 
0 0 0 0 0 0 0 4 27452 5290 
0 0 0 0 0 0 0 4 27462 5281 
0 0 0 0 0 0 0 4 27472 5272 
0 0 0 0 0 0 0 4 27482 5263 
0 0 0 0 0 0 0 4 27492 5254 
0 0 0 0 0 0 0 4 27502 5245 
0 0 0 0 0 0 0 4 27512 5236 
0 0 0 0 0 0 0 4 27522 5227 
0 0 0 0 0 0 0 4 27532 5218 
0 0 0 0 0 0 0 4 27542 5209 
0 0 0 0 0 0 0 4 27552 5200 
0 0 0 0 0 0 0 4 27562 5191 
0 0 0 0 0 0 0 4 27572 5182 
0 0 0 0 0 0 0 4 27582 5173 
0 0 0 0 0 0 0 4 27592 5164 
0 0 0 0 0 0 0 4 27602 5155 
0 0 0 0 0 0 0 4 27612 5146 
0 0 0 0 0 0 0 4 27622 5137 
0 0 0 0 0 0 0 4 27632 5128 
0 0 0 0 0 0 0 4 27642 5119 
0 0 0 0 0 0 0 4 27652 5110 
0 0 0 0 0 0 0 4 27662 5101 
0 0 0 0 0 0 0 4 27672 5092 
0 0 0 0 0 0 0 4 27682 5083 
0 0 0 0 0 0 0 4 27692 5074 
0 0 0 0 0 0 0 4 27702 5065 
0 0 0 0 0 0 0 4 27712 5056 
0 0 0 0 0 0 0 4 27722 5047 
0 0 0 0 0 0 0 4 27732 5038 
0 0 0 0 0 0 0 4 27742 5029 
0 0 0 0 0 0 0 4 27752 5020 
0 0 0 0 0 0 0 4 27762 5011 
0 0 0 0 0 0 0 4 27772 5002 
0 0 0 0 0 0 0 4 27782 4993 
0 0 0 0 0 0 0 4 27792 4984 
0 0 0 0 0 0 0 4 27802 4975 
0 0 0 0 0 0 0 4 27812 4966 
0 0 0 0 0 0 0 4 27822 4957 
0 0 0 0 0 0 0 4 27832 4948 
0 0 0 0 0 0 0 4 27842 4939 
0 0 0 0 0 0 0 4 27852 4930 
0 0 0 0 0 0 0 4 27862 4921 
0 0 0 0 0 0 0 4 27872 4912 
0 0 0 0 0 0 0 4 27882 4903 
0 0 0 0 0 0 0 4 27892 4894 
0 0 0 0 0 0 0 4 27902 4885 
0 0 0 0 0 0 0 4 27912 4876 
0 0 0 0 0 0 0 4 27922 4867 
0 0 0 0 0 0 0 4 27932 4858 
0 0 0 0 0 0 0 4 27942 4849 
0 0 0 0 0 0 0 4 27952 4840 
0 0 0 0 0 0 0 4 27962 4831 
0 0 0 0 0 0 0 4 27972 4822 
0 0 0 0 0 0 0 4 27982 4813 
0 0 0 0 0 0 0 4 27992 4804 
0 0 0 0 0 0 0 4 28002 4795 
0 0 0 0 0 0 0 4 28012 4786 
0 0 0 0 0 0 0 4 28022 4777 
0 0 0 0 0 0 0 4 28032 4768 
0 0 0 0 0 0 0 4 28042 4759 
0 0 0 0 0 0 0 4 28052 4750 
0 0 0 0 0 0 0 4 28062 4741 
0 0 0 0 0 0 0 4 28072 4732 
0 0 0 0 0 0 0 4 28082 4723 
0 0 0 0 0 0 0 4 28092 4714 
0 0 0 0 0 0 0 4 28102 4705 
0 0 0 0 0 0 0 4 28112 4696 
0 0 0 0 0 0 0 4 28122 4687 
0 0 0 0 0 0 0 4 28132 4678 
0 0 0 0 0 0 0 4 28142 4669 
0 0 0 0 0 0 0 4 28152 4660 
0 0 0 0 0 0 0 4 28162 4651 
0 0 0 0 0 0 0 4 28172 4642 
0 0 0 0 0 0 0 4 28182 4633 
0 0 0 0 0 0 0 4 28192 4624 
0 0 0 0 0 0 0 4 28202 4615 
0 0 0 0 0 0 0 4 28212 4606 
0 0 0 0 0 0 0 4 28222 4597 
0 0 0 0 0 0 0 4 28232 4588 
0 0 0 0 0 0 0 4 28242 4579 
0 0 0 0 0 0 0 4 28252 4570 
0 0 0 0 0 0 0 4 28262 4561 
0 0 0 0 0 0 0 4 28272 4552 
0 0 0 0 0 0 0 4 28282 4543 
0 0 0 0 0 0 0 4 28292 4534 
0 0 0 0 0 0 0 4 28302 4525 
0 0 0 0 0 0 0 4 28312 4516 
0 0 0 0 0 0 0 4 28322 4507 
0 0 0 0 0 0 0 4 28332 4498 
0 0 0 0 0 0 0 4 28342 4489 
0 0 0 0 0 0 0 4 28352 4480 
0 0 0 0 0 0 0 4 28362 4471 
0 0 0 0 0 0 0 4 28372 4462 
0 0 0 0 0 0 0 4 28382 4453 
0 0 0 0 0 0 0 4 28392 4444 
0 0 0 0 0 0 0 4 28402 4435 
0 0 0 0 0 0 0 4 28412 4426 
0 0 0 0 0 0 0 4 28422 4417 
0 0 0 0 0 0 0 4 28432 4408 
0 0 0 0 0 0 0 4 28442 4399 
0 0 0 0 0 0 0 4 28452 4390 
0 0 0 0 0 0 0 4 28462 4381 
0 0 0 0 0 0 0 4 28472 4372 
0 0 0 0 0 0 0 4 28482 4363 
0 0 0 0 0 0 0 4 28492 4354 
0 0 0 0 0 0 0 4 28502 4345 
0 0 0 0 0 0 0 4 28512 4336 
0 0 0 0 0 0 0 4 28522 4327 
0 0 0 0 0 0 0 4 28532 4318 
0 0 0 0 0 0 0 4 28542 4309 
0 0 0 0 0 0 0 4 28552 4300 
0 0 0 0 0 0 0 4 28562 4291 
0 0 0 0 0 0 0 4 28572 4282 
0 0 0 0 0 0 0 4 28582 4273 
0 0 0 0 0 0 0 4 28592 4264 
0 0 0 0 0 0 0 4 28602 4255 
0 0 0 0 0 0 0 4 28612 4246 
0 0 0 0 0 0 0 4 28622 4237 
0 0 0 0 0 0 0 4 28632 4228 
0 0 0 0 0 0 0 4 28642 4219 
0 0 0 0 0 0 0 4 28652 4210 
0 0 0 0 0 0 0 4 28662 4201 
0 0 0 0 0 0 0 4 28672 4192 
0 0 0 0 0 0 0 4 28682 4183 
0 0 0 0 0 0 0 4 28692 4174 
0 0 0 0 0 0 0 4 28702 4165 
0 0 0 0 0 0 0 4 28712 4156 
0 0 0 0 0 0 0 4 28722 4147 
0 0 0 0 0 0 0 4 28732 4138 
0 0 0 0 0 0 0 4 28742 4129 
0 0 0 0 0 0 0 4 28752 4120 
0 0 0 0 0 0 0 4 28762 4111 
0 0 0 0 0 0 0 4 28772 4102 
0 0 0 0 0 0 0 4 28782 4093 
0 0 0 0 0 0 0 4 28792 4084 
0 0 0 0 0 0 0 4 28802 4075 
0 0 0 0 0 0 0 4 28812 4066 
0 0 0 0 0 0 0 4 28822 4057 
0 0 0 0 0 0 0 4 28832 4048 
0 0 0 0 0 0 0 4 28842 4039 
0 0 0 0 0 0 0 4 28852 4030 
0 0 0 0 0 0 0 4 28862 4021 
0 0 0 0 0 0 0 4 28872 4012 
0 0 0 0 0 0 0 4 28882 4003 
0 0 0 0 0 0 0 4 28892 3994 
0 0 0 0 0 0 0 4 28902 3985 
0 0 0 0 0 0 0 4 28912 3976 
0 0 0 0 0 0 0 4 28922 3967 
0 0 0 0 0 0 0 4 28932 3958 
0 0 0 0 0 0 0 4 28942 3949 
0 0 0 0 0 0 0 4 28952 3940 
0 0 0 0 0 0 0 4 28962 3931 
0 0 0 0 0 0 0 4 28972 3922 
0 0 0 0 0 0 0 4 28982 3913 
0 0 0 0 0 0 0 4 28992 3904 
0 0 0 0 0 0 0 4 29002 3895 
0 0 0 0 0 0 0 4 29012 3886 
0 0 0 0 0 0 0 4 29022 3877 
0 0 0 0 0 0 0 4 29032 3868 
0 0 0 0 0 0 0 4 29042 3859 
0 0 0 0 0 0 0 4 29052 3850 
0 0 0 0 0 0 0 4 29062 3841 
0 0 0 0 0 0 0 4 29072 3832 
0 0 0 0 0 0 0 4 29082 3823 
0 0 0 0 0 0 0 4 29092 3814 
0 0 0 0 0 0 0 4 29102 3805 
0 0 0 0 0 0 0 4 29112 3796 
0 0 0 0 0 0 0 4 29122 3787 
0 0 0 0 0 0 0 4 29132 3778 
0 0 0 0 0 0 0 4 29142 3769 
0 0 0 0 0 0 0 4 29152 3760 
0 0 0 0 0 0 0 4 29162 3751 
0 0 0 0 0 0 0 4 29172 3742 
0 0 0 0 0 0 0 4 29182 3733 
0 0 0 0 0 0 0 4 29192 3724 
0 0 0 0 0 0 0 4 29202 3715 
0 0 0 0 0 0 0 4 29212 3706 
0 0 0 0 0 0 0 4 29222 3697 
0 0 0 0 0 0 0 4 29232 3688 
0 0 0 0 0 0 0 4 29242 3679 
0 0 0 0 0 0 0 4 29252 3670 
0 0 0 0 0 0 0 4 29262 3661 
0 0 0 0 0 0 0 4 29272 3652 
0 0 0 0 0 0 0 4 29282 3643 
0 0 0 0 0 0 0 4 29292 3634 
0 0 0 0 0 0 0 4 29302 3625 
0 0 0 0 0 0 0 4 29312 3616 
0 0 0 0 0 0 0 4 29322 3607 
0 0 0 0 0 0 0 4 29332 3598 
0 0 0 0 0 0 0 4 29342 3589 
0 0 0 0 0 0 0 4 29352 3580 
0 0 0 0 0 0 0 4 29362 3571 
0 0 0 0 0 0 0 4 29372 3562 
0 0 0 0 0 0 0 4 29382 3553 
0 0 0 0 0 0 0 4 29392 3544 
0 0 0 0 0 0 0 4 29402 3535 
0 0 0 0 0 0 0 4 29412 3526 
0 0 0 0 0 0 0 4 29422 3517 
0 0 0 0 0 0 0 4 29432 3508 
0 0 0 0 0 0 0 4 29442 3499 
0 0 0 0 0 0 0 4 29452 3490 
0 0 0 0 0 0 0 4 29462 3481 
0 0 0 0 0 0 0 4 29472 3472 
0 0 0 0 0 0 0 4 29482 3463 
0 0 0 0 0 0 0 4 29492 3454 
0 0 0 0 0 0 0 4 29502 3445 
0 0 0 0 0 0 0 4 29512 3436 
0 0 0 0 0 0 0 4 29522 3427 
0 0 0 0 0 0 0 4 29532 3418 
0 0 0 0 0 0 0 4 29542 3409 
0 0 0 0 0 0 0 4 29552 3400 
0 0 0 0 0 0 0 4 29562 3391 
0 0 0 0 0 0 0 4 29572 3382 
0 0 0 0 0 0 0 4 29582 3373 
0 0 0 0 0 0 0 4 29592 3364 
0 0 0 0 0 0 0 4 29602 3355 
0 0 0 0 0 0 0 4 29612 3346 
0 0 0 0 0 0 0 4 29622 3337 
0 0 0 0 0 0 0 4 29632 3328 
0 0 0 0 0 0 0 4 29642 3319 
0 0 0 0 0 0 0 4 29652 3310 
0 0 0 0 0 0 0 4 29662 3301 
0 0 0 0 0 0 0 4 29672 3292 
0 0 0 0 0 0 0 4 29682 3283 
0 0 0 0 0 0 0 4 29692 3274 
0 0 0 0 0 0 0 4 29702 3265 
0 0 0 0 0 0 0 4 29712 3256 
0 0 0 0 0 0 0 4 29722 3247 
0 0 0 0 0 0 0 4 29732 3238 
0 0 0 0 0 0 0 4 29742 3229 
0 0 0 0 0 0 0 4 29752 3220 
0 0 0 0 0 0 0 4 29762 3211 
0 0 0 0 0 0 0 4 29772 3202 
0 0 0 0 0 0 0 4 29782 3193 
0 0 0 0 0 0 0 4 29792 3184 
0 0 0 0 0 0 0 4 29802 3175 
0 0 0 0 0 0 0 4 29812 3166 
0 0 0 0 0 0 0 4 29822 3157 
0 0 0 0 0 0 0 4 29832 3148 
0 0 0 0 0 0 0 4 29842 3139 
0 0 0 0 0 0 0 4 29852 3130 
0 0 0 0 0 0 0 4 29862 3121 
0 0 0 0 0 0 0 4 29872 3112 
0 0 0 0 0 0 0 4 29882 3103 
0 0 0 0 0 0 0 4 29892 3094 
0 0 0 0 0 0 0 4 29902 3085 
0 0 0 0 0 0 0 4 29912 3076 
0 0 0 0 0 0 0 4 29922 3067 
0 0 0 0 0 0 0 4 29932 3058 
0 0 0 0 0 0 0 4 29942 3049 
0 0 0 0 0 0 0 4 29952 3040 
0 0 0 0 0 0 0 4 29962 3031 
0 0 0 0 0 0 0 4 29972 3022 
0 0 0 0 0 0 0 4 29982 3013 
0 0 0 0 0 0 0 4 29992 3004 
0 0 0 0 0 0 0 4 30002 2995 
0 0 0 0 0 0 0 4 30012 2986 
0 0 0 0 0 0 0 4 30022 2977 
0 0 0 0 0 0 0 4 30032 2968 
0 0 0 0 0 0 0 4 30042 2959 
0 0 0 0 0 0 0 4 30052 2950 
0 0 0 0 0 0 0 4 30062 2941 
0 0 0 0 0 0 0 4 30072 2932 
0 0 0 0 0 0 0 4 30082 2923 
0 0 0 0 0 0 0 4 30092 2914 
0 0 0 0 0 0 0 4 30102 2905 
0 0 0 0 0 0 0 4 30112 2896 
0 0 0 0 0 0 0 4 30122 2887 
0 0 0 0 0 0 0 4 30132 2878 
0 0 0 0 0 0 0 4 30142 2869 
0 0 0 0 0 0 0 4 30152 2860 
0 0 0 0 0 0 0 4 30162 2851 
0 0 0 0 0 0 0 4 30172 2842 
0 0 0 0 0 0 0 4 30182 2833 
0 0 0 0 0 0 0 4 30192 2824 
0 0 0 0 0 0 0 4 30202 2815 
0 0 0 0 0 0 0 4 30212 2806 
0 0 0 0 0 0 0 4 30222 2797 
0 0 0 0 0 0 0 4 30232 2788 
0 0 0 0 0 0 0 4 30242 2779 
0 0 0 0 0 0 0 4 30252 2770 
0 0 0 0 0 0 0 4 30262 2761 
0 0 0 0 0 0 0 4 30272 2752 
0 0 0 0 0 0 0 4 30282 2743 
0 0 0 0 0 0 0 4 30292 2734 
0 0 0 0 0 0 0 4 30302 2725 
0 0 0 0 0 0 0 4 30312 2716 
0 0 0 0 0 0 0 4 30322 2707 
0 0 0 0 0 0 0 4 30332 2698 
0 0 0 0 0 0 0 4 30342 2689 
0 0 0 0 0 0 0 4 30352 2680 
0 0 0 0 0 0 0 4 30362 2671 
0 0 0 0 0 0 0 4 30372 2662 
0 0 0 0 0 0 0 4 30382 2653 
0 0 0 0 0 0 0 4 30392 2644 
0 0 0 0 0 0 0 4 30402 2635 
0 0 0 0 0 0 0 4 30412 2626 
0 0 0 0 0 0 0 4 30422 2617 
0 0 0 0 0 0 0 4 30432 2608 
0 0 0 0 0 0 0 4 30442 2599 
0 0 0 0 0 0 0 4 30452 2590 
0 0 0 0 0 0 0 4 30462 2581 
0 0 0 0 0 0 0 4 30472 2572 
0 0 0 0 0 0 0 4 30482 2563 
0 0 0 0 0 0 0 4 30492 2554 
0 0 0 0 0 0 0 4 30502 2545 
0 0 0 0 0 0 0 4 30512 2536 
0 0 0 0 0 0 0 4 30522 2527 
0 0 0 0 0 0 0 4 30532 2518 
0 0 0 0 0 0 0 4 30542 2509 
0 0 0 0 0 0 0 4 30552 2500 
0 0 0 0 0 0 0 4 30562 2491 
0 0 0 0 0 0 0 4 30572 2482 
0 0 0 0 0 0 0 4 30582 2473 
0 0 0 0 0 0 0 4 30592 2464 
0 0 0 0 0 0 0 4 30602 2455 
0 0 0 0 0 0 0 4 30612 2446 
0 0 0 0 0 0 0 4 30622 2437 
0 0 0 0 0 0 0 4 30632 2428 
0 0 0 0 0 0 0 4 30642 2419 
0 0 0 0 0 0 0 4 30652 2410 
0 0 0 0 0 0 0 4 30662 2401 
0 0 0 0 0 0 0 4 30672 2392 
0 0 0 0 0 0 0 4 30682 2383 
0 0 0 0 0 0 0 4 30692 2374 
0 0 0 0 0 0 0 4 30702 2365 
0 0 0 0 0 0 0 4 30712 2356 
0 0 0 0 0 0 0 4 30722 2347 
0 0 0 0 0 0 0 4 30732 2338 
0 0 0 0 0 0 0 4 30742 2329 
0 0 0 0 0 0 0 4 30752 2320 
0 0 0 0 0 0 0 4 30762 2311 
0 0 0 0 0 0 0 4 30772 2302 
0 0 0 0 0 0 0 4 30782 2293 
0 0 0 0 0 0 0 4 30792 2284 
0 0 0 0 0 0 0 4 30802 2275 
0 0 0 0 0 0 0 4 30812 2266 
0 0 0 0 0 0 0 4 30822 2257 
0 0 0 0 0 0 0 4 30832 2248 
0 0 0 0 0 0 0 4 30842 2239 
0 0 0 0 0 0 0 4 30852 2230 
0 0 0 0 0 0 0 4 30862 2221 
0 0 0 0 0 0 0 4 30872 2212 
0 0 0 0 0 0 0 4 30882 2203 
0 0 0 0 0 0 0 4 30892 2194 
0 0 0 0 0 0 0 4 30902 2185 
0 0 0 0 0 0 0 4 30912 2176 
0 0 0 0 0 0 0 4 30922 2167 
0 0 0 0 0 0 0 4 30932 2158 
0 0 0 0 0 0 0 4 30942 2149 
0 0 0 0 0 0 0 4 30952 2140 
0 0 0 0 0 0 0 4 30962 2131 
0 0 0 0 0 0 0 4 30972 2122 
0 0 0 0 0 0 0 4 30982 2113 
0 0 0 0 0 0 0 4 30992 2104 
0 0 0 0 0 0 0 4 31002 2095 
0 0 0 0 0 0 0 4 31012 2086 
0 0 0 0 0 0 0 4 31022 2077 
0 0 0 0 0 0 0 4 31032 2068 
0 0 0 0 0 0 0 4 31042 2059 
0 0 0 0 0 0 0 4 31052 2050 
0 0 0 0 0 0 0 4 31062 2041 
0 0 0 0 0 0 0 4 31072 2032 
0 0 0 0 0 0 0 4 31082 2023 
0 0 0 0 0 0 0 4 31092 2014 
0 0 0 0 0 0 0 4 31102 2005 
0 0 0 0 0 0 0 4 31112 1996 
0 0 0 0 0 0 0 4 31122 1987 
0 0 0 0 0 0 0 4 31132 1978 
0 0 0 0 0 0 0 4 31142 1969 
0 0 0 0 0 0 0 4 31152 1960 
0 0 0 0 0 0 0 4 31162 1951 
0 0 0 0 0 0 0 4 31172 1942 
0 0 0 0 0 0 0 4 31182 1933 
0 0 0 0 0 0 0 4 31192 1924 
0 0 0 0 0 0 0 4 31202 1915 
0 0 0 0 0 0 0 4 31212 1906 
0 0 0 0 0 0 0 4 31222 1897 
0 0 0 0 0 0 0 4 31232 1888 
0 0 0 0 0 0 0 4 31242 1879 
0 0 0 0 0 0 0 4 31252 1870 
0 0 0 0 0 0 0 4 31262 1861 
0 0 0 0 0 0 0 4 31272 1852 
0 0 0 0 0 0 0 4 31282 1843 
0 0 0 0 0 0 0 4 31292 1834 
0 0 0 0 0 0 0 4 31302 1825 
0 0 0 0 0 0 0 4 31312 1816 
0 0 0 0 0 0 0 4 31322 1807 
0 0 0 0 0 0 0 4 31332 1798 
0 0 0 0 0 0 0 4 31342 1789 
0 0 0 0 0 0 0 4 31352 1780 
0 0 0 0 0 0 0 4 31362 1771 
0 0 0 0 0 0 0 4 31372 1762 
0 0 0 0 0 0 0 4 31382 1753 
0 0 0 0 0 0 0 4 31392 1744 
0 0 0 0 0 0 0 4 31402 1735 
0 0 0 0 0 0 0 4 31412 1726 
0 0 0 0 0 0 0 4 31422 1717 
0 0 0 0 0 0 0 4 31432 1708 
0 0 0 0 0 0 0 4 31442 1699 
0 0 0 0 0 0 0 4 31452 1690 
0 0 0 0 0 0 0 4 31462 1681 
0 0 0 0 0 0 0 4 31472 1672 
0 0 0 0 0 0 0 4 31482 1663 
0 0 0 0 0 0 0 4 31492 1654 
0 0 0 0 0 0 0 4 31502 1645 
0 0 0 0 0 0 0 4 31512 1636 
0 0 0 0 0 0 0 4 31522 1627 
0 0 0 0 0 0 0 4 31532 1618 
0 0 0 0 0 0 0 4 31542 1609 
0 0 0 0 0 0 0 4 31552 1600 
0 0 0 0 0 0 0 4 31562 1591 
0 0 0 0 0 0 0 4 31572 1582 
0 0 0 0 0 0 0 4 31582 1573 
0 0 0 0 0 0 0 4 31592 1564 
0 0 0 0 0 0 0 4 31602 1555 
0 0 0 0 0 0 0 4 31612 1546 
0 0 0 0 0 0 0 4 31622 1537 
0 0 0 0 0 0 0 4 31632 1528 
0 0 0 0 0 0 0 4 31642 1519 
0 0 0 0 0 0 0 4 31652 1510 
0 0 0 0 0 0 0 4 31662 1501 
0 0 0 0 0 0 0 4 31672 1492 
0 0 0 0 0 0 0 4 31682 1483 
0 0 0 0 0 0 0 4 31692 1474 
0 0 0 0 0 0 0 4 31702 1465 
0 0 0 0 0 0 0 4 31712 1456 
0 0 0 0 0 0 0 4 31722 1447 
0 0 0 0 0 0 0 4 31732 1438 
0 0 0 0 0 0 0 4 31742 1429 
0 0 0 0 0 0 0 4 31752 1420 
0 0 0 0 0 0 0 4 31762 1411 
0 0 0 0 0 0 0 4 31772 1402 
0 0 0 0 0 0 0 4 31782 1393 
0 0 0 0 0 0 0 4 31792 1384 
0 0 0 0 0 0 0 4 31802 1375 
0 0 0 0 0 0 0 4 31812 1366 
0 0 0 0 0 0 0 4 31822 1357 
0 0 0 0 0 0 0 4 31832 1348 
0 0 0 0 0 0 0 4 31842 1339 
0 0 0 0 0 0 0 4 31852 1330 
0 0 0 0 0 0 0 4 31862 1321 
0 0 0 0 0 0 0 4 31872 1312 
0 0 0 0 0 0 0 4 31882 1303 
0 0 0 0 0 0 0 4 31892 1294 
0 0 0 0 0 0 0 4 31902 1285 
0 0 0 0 0 0 0 4 31912 1276 
0 0 0 0 0 0 0 4 31922 1267 
0 0 0 0 0 0 0 4 31932 1258 
0 0 0 0 0 0 0 4 31942 1249 
0 0 0 0 0 0 0 4 31952 1240 
0 0 0 0 0 0 0 4 31962 1231 
0 0 0 0 0 0 0 4 31972 1222 
0 0 0 0 0 0 0 4 31982 1213 
0 0 0 0 0 0 0 4 31992 1204 
0 0 0 0 0 0 0 4 32002 1195 
0 0 0 0 0 0 0 4 32012 1186 
0 0 0 0 0 0 0 4 32022 1177 
0 0 0 0 0 0 0 4 32032 1168 
0 0 0 0 0 0 0 4 32042 1159 
0 0 0 0 0 0 0 4 32052 1150 
0 0 0 0 0 0 0 4 32062 1141 
0 0 0 0 0 0 0 4 32072 1132 
0 0 0 0 0 0 0 4 32082 1123 
0 0 0 0 0 0 0 4 32092 1114 
0 0 0 0 0 0 0 4 32102 1105 
0 0 0 0 0 0 0 4 32112 1096 
0 0 0 0 0 0 0 4 32122 1087 
0 0 0 0 0 0 0 4 32132 1078 
0 0 0 0 0 0 0 4 32142 1069 
0 0 0 0 0 0 0 4 32152 1060 
0 0 0 0 0 0 0 4 32162 1051 
0 0 0 0 0 0 0 4 32172 1042 
0 0 0 0 0 0 0 4 32182 1033 
0 0 0 0 0 0 0 4 32192 1024 
0 0 0 0 0 0 0 4 32202 1015 
0 0 0 0 0 0 0 4 32212 1006 
0 0 0 0 0 0 0 4 32222 997 
0 0 0 0 0 0 0 4 32232 988 
0 0 0 0 0 0 0 4 32242 979 
0 0 0 0 0 0 0 4 32252 970 
0 0 0 0 0 0 0 4 32262 961 
0 0 0 0 0 0 0 4 32272 952 
0 0 0 0 0 0 0 4 32282 943 
0 0 0 0 0 0 0 4 32292 934 
0 0 0 0 0 0 0 4 32302 925 
0 0 0 0 0 0 0 4 32312 916 
0 0 0 0 0 0 0 4 32322 907 
0 0 0 0 0 0 0 4 32332 898 
0 0 0 0 0 0 0 4 32342 889 
0 0 0 0 0 0 0 4 32352 880 
0 0 0 0 0 0 0 4 32362 871 
0 0 0 0 0 0 0 4 32372 862 
0 0 0 0 0 0 0 4 32382 853 
0 0 0 0 0 0 0 4 32392 844 
0 0 0 0 0 0 0 4 32402 835 
0 0 0 0 0 0 0 4 32412 826 
0 0 0 0 0 0 0 4 32422 817 
0 0 0 0 0 0 0 4 32432 808 
0 0 0 0 0 0 0 4 32442 799 
0 0 0 0 0 0 0 4 32452 790 
0 0 0 0 0 0 0 4 32462 781 
0 0 0 0 0 0 0 4 32472 772 
0 0 0 0 0 0 0 4 32482 763 
0 0 0 0 0 0 0 4 32492 754 
0 0 0 0 0 0 0 4 32502 745 
0 0 0 0 0 0 0 4 32512 736 
0 0 0 0 0 0 0 4 32522 727 
0 0 0 0 0 0 0 4 32532 718 
0 0 0 0 0 0 0 4 32542 709 
0 0 0 0 0 0 0 4 32552 700 
0 0 0 0 0 0 0 4 32562 691 
0 0 0 0 0 0 0 4 32572 682 
0 0 0 0 0 0 0 4 32582 673 
0 0 0 0 0 0 0 4 32592 664 
0 0 0 0 0 0 0 4 32602 655 
0 0 0 0 0 0 0 4 32612 646 
0 0 0 0 0 0 0 4 32622 637 
0 0 0 0 0 0 0 4 32632 628 
0 0 0 0 0 0 0 4 32642 619 
0 0 0 0 0 0 0 4 32652 610 
0 0 0 0 0 0 0 4 32662 601 
0 0 0 0 0 0 0 4 32672 592 
0 0 0 0 0 0 0 4 32682 583 
0 0 0 0 0 0 0 4 32692 574 
0 0 0 0 0 0 0 4 32702 565 
0 0 0 0 0 0 0 4 32712 556 
0 0 0 0 0 0 0 4 32722 547 
0 0 0 0 0 0 0 4 32732 538 
0 0 0 0 0 0 0 4 32742 529 
0 0 0 0 0 0 0 4 32752 520 
0 0 0 0 0 0 0 4 32762 511 
0 0 0 0 0 0 0 4 32772 502 
0 0 0 0 0 0 0 4 32782 493 
0 0 0 0 0 0 0 4 32792 484 
0 0 0 0 0 0 0 4 32802 475 
0 0 0 0 0 0 0 4 32812 466 
0 0 0 0 0 0 0 4 32822 457 
0 0 0 0 0 0 0 4 32832 448 
0 0 0 0 0 0 0 4 32842 439 
0 0 0 0 0 0 0 4 32852 430 
0 0 0 0 0 0 0 4 32862 421 
0 0 0 0 0 0 0 4 32872 412 
0 0 0 0 0 0 0 4 32882 403 
0 0 0 0 0 0 0 4 32892 394 
0 0 0 0 0 0 0 4 32902 385 
0 0 0 0 0 0 0 4 32912 376 
0 0 0 0 0 0 0 4 32922 367 
0 0 0 0 0 0 0 4 32932 358 
0 0 0 0 0 0 0 4 32942 349 
0 0 0 0 0 0 0 4 32952 340 
0 0 0 0 0 0 0 4 32962 331 
0 0 0 0 0 0 0 4 32972 322 
0 0 0 0 0 0 0 4 32982 313 
0 0 0 0 0 0 0 4 32992 304 
0 0 0 0 0 0 0 4 33002 295 
0 0 0 0 0 0 0 4 33012 286 
0 0 0 0 0 0 0 4 33022 277 
0 0 0 0 0 0 0 4 33032 268 
0 0 0 0 0 0 0 4 33042 259 
0 0 0 0 0 0 0 4 33052 250 
0 0 0 0 0 0 0 4 33062 241 
0 0 0 0 0 0 0 4 33072 232 
0 0 0 0 0 0 0 4 33082 223 
0 0 0 0 0 0 0 4 33092 214 
0 0 0 0 0 0 0 4 33102 205 
0 0 0 0 0 0 0 4 33112 196 
0 0 0 0 0 0 0 4 33122 187 
0 0 0 0 0 0 0 4 33132 178 
0 0 0 0 0 0 0 4 33142 169 
0 0 0 0 0 0 0 4 33152 160 
0 0 0 0 0 0 0 4 33162 151 
0 0 0 0 0 0 0 4 33172 142 
0 0 0 0 0 0 0 4 33182 133 
0 0 0 0 0 0 0 4 33192 124 
0 0 0 0 0 0 0 4 33202 115 
0 0 0 0 0 0 0 4 33212 106 
0 0 0 0 0 0 0 4 33222 97 
0 0 0 0 0 0 0 4 33232 88 
0 0 0 0 0 0 0 4 33242 79 
0 0 0 0 0 0 0 4 33252 70 
0 0 0 0 0 0 0 4 33262 61 
0 0 0 0 0 0 0 4 33272 52 
0 0 0 0 0 0 0 4 33282 43 
0 0 0 0 0 0 0 4 33292 34 
0 0 0 0 0 0 0 4 33302 25 
0 0 0 0 0 0 0 4 33312 16 
0 0 0 0 0 0 0 4 33322 7 
0 0 0 0 0 0 0 5 0 29996 
0 0 0 0 0 0 0 5 10 29987 
0 0 0 0 0 0 0 5 20 29978 
0 0 0 0 0 0 0 5 30 29969 
0 0 0 0 0 0 0 5 40 29960 
0 0 0 0 0 0 0 5 50 29951 
0 0 0 0 0 0 0 5 60 29942 
0 0 0 0 0 0 0 5 70 29933 
0 0 0 0 0 0 0 5 80 29924 
0 0 0 0 0 0 0 5 90 29915 
0 0 0 0 0 0 0 5 100 29906 
0 0 0 0 0 0 0 5 110 29897 
0 0 0 0 0 0 0 5 120 29888 
0 0 0 0 0 0 0 5 130 29879 
0 0 0 0 0 0 0 5 140 29870 
0 0 0 0 0 0 0 5 150 29861 
0 0 0 0 0 0 0 5 160 29852 
0 0 0 0 0 0 0 5 170 29843 
0 0 0 0 0 0 0 5 180 29834 
0 0 0 0 0 0 0 5 190 29825 
0 0 0 0 0 0 0 5 200 29816 
0 0 0 0 0 0 0 5 210 29807 
0 0 0 0 0 0 0 5 220 29798 
0 0 0 0 0 0 0 5 230 29789 
0 0 0 0 0 0 0 5 240 29780 
0 0 0 0 0 0 0 5 250 29771 
0 0 0 0 0 0 0 5 260 29762 
0 0 0 0 0 0 0 5 270 29753 
0 0 0 0 0 0 0 5 280 29744 
0 0 0 0 0 0 0 5 290 29735 
0 0 0 0 0 0 0 5 300 29726 
0 0 0 0 0 0 0 5 310 29717 
0 0 0 0 0 0 0 5 320 29708 
0 0 0 0 0 0 0 5 330 29699 
0 0 0 0 0 0 0 5 340 29690 
0 0 0 0 0 0 0 5 350 29681 
0 0 0 0 0 0 0 5 360 29672 
0 0 0 0 0 0 0 5 370 29663 
0 0 0 0 0 0 0 5 380 29654 
0 0 0 0 0 0 0 5 390 29645 
0 0 0 0 0 0 0 5 400 29636 
0 0 0 0 0 0 0 5 410 29627 
0 0 0 0 0 0 0 5 420 29618 
0 0 0 0 0 0 0 5 430 29609 
0 0 0 0 0 0 0 5 440 29600 
0 0 0 0 0 0 0 5 450 29591 
0 0 0 0 0 0 0 5 460 29582 
0 0 0 0 0 0 0 5 470 29573 
0 0 0 0 0 0 0 5 480 29564 
0 0 0 0 0 0 0 5 490 29555 
0 0 0 0 0 0 0 5 500 29546 
0 0 0 0 0 0 0 5 510 29537 
0 0 0 0 0 0 0 5 520 29528 
0 0 0 0 0 0 0 5 530 29519 
0 0 0 0 0 0 0 5 540 29510 
0 0 0 0 0 0 0 5 550 29501 
0 0 0 0 0 0 0 5 560 29492 
0 0 0 0 0 0 0 5 570 29483 
0 0 0 0 0 0 0 5 580 29474 
0 0 0 0 0 0 0 5 590 29465 
0 0 0 0 0 0 0 5 600 29456 
0 0 0 0 0 0 0 5 610 29447 
0 0 0 0 0 0 0 5 620 29438 
0 0 0 0 0 0 0 5 630 29429 
0 0 0 0 0 0 0 5 640 29420 
0 0 0 0 0 0 0 5 650 29411 
0 0 0 0 0 0 0 5 660 29402 
0 0 0 0 0 0 0 5 670 29393 
0 0 0 0 0 0 0 5 680 29384 
0 0 0 0 0 0 0 5 690 29375 
0 0 0 0 0 0 0 5 700 29366 
0 0 0 0 0 0 0 5 710 29357 
0 0 0 0 0 0 0 5 720 29348 
0 0 0 0 0 0 0 5 730 29339 
0 0 0 0 0 0 0 5 740 29330 
0 0 0 0 0 0 0 5 750 29321 
0 0 0 0 0 0 0 5 760 29312 
0 0 0 0 0 0 0 5 770 29303 
0 0 0 0 0 0 0 5 780 29294 
0 0 0 0 0 0 0 5 790 29285 
0 0 0 0 0 0 0 5 800 29276 
0 0 0 0 0 0 0 5 810 29267 
0 0 0 0 0 0 0 5 820 29258 
0 0 0 0 0 0 0 5 830 29249 
0 0 0 0 0 0 0 5 840 29240 
0 0 0 0 0 0 0 5 850 29231 
0 0 0 0 0 0 0 5 860 29222 
0 0 0 0 0 0 0 5 870 29213 
0 0 0 0 0 0 0 5 880 29204 
0 0 0 0 0 0 0 5 890 29195 
0 0 0 0 0 0 0 5 900 29186 
0 0 0 0 0 0 0 5 910 29177 
0 0 0 0 0 0 0 5 920 29168 
0 0 0 0 0 0 0 5 930 29159 
0 0 0 0 0 0 0 5 940 29150 
0 0 0 0 0 0 0 5 950 29141 
0 0 0 0 0 0 0 5 960 29132 
0 0 0 0 0 0 0 5 970 29123 
0 0 0 0 0 0 0 5 980 29114 
0 0 0 0 0 0 0 5 990 29105 
0 0 0 0 0 0 0 5 1000 29096 
0 0 0 0 0 0 0 5 1010 29087 
0 0 0 0 0 0 0 5 1020 29078 
0 0 0 0 0 0 0 5 1030 29069 
0 0 0 0 0 0 0 5 1040 29060 
0 0 0 0 0 0 0 5 1050 29051 
0 0 0 0 0 0 0 5 1060 29042 
0 0 0 0 0 0 0 5 1070 29033 
0 0 0 0 0 0 0 5 1080 29024 
0 0 0 0 0 0 0 5 1090 29015 
0 0 0 0 0 0 0 5 1100 29006 
0 0 0 0 0 0 0 5 1110 28997 
0 0 0 0 0 0 0 5 1120 28988 
0 0 0 0 0 0 0 5 1130 28979 
0 0 0 0 0 0 0 5 1140 28970 
0 0 0 0 0 0 0 5 1150 28961 
0 0 0 0 0 0 0 5 1160 28952 
0 0 0 0 0 0 0 5 1170 28943 
0 0 0 0 0 0 0 5 1180 28934 
0 0 0 0 0 0 0 5 1190 28925 
0 0 0 0 0 0 0 5 1200 28916 
0 0 0 0 0 0 0 5 1210 28907 
0 0 0 0 0 0 0 5 1220 28898 
0 0 0 0 0 0 0 5 1230 28889 
0 0 0 0 0 0 0 5 1240 28880 
0 0 0 0 0 0 0 5 1250 28871 
0 0 0 0 0 0 0 5 1260 28862 
0 0 0 0 0 0 0 5 1270 28853 
0 0 0 0 0 0 0 5 1280 28844 
0 0 0 0 0 0 0 5 1290 28835 
0 0 0 0 0 0 0 5 1300 28826 
0 0 0 0 0 0 0 5 1310 28817 
0 0 0 0 0 0 0 5 1320 28808 
0 0 0 0 0 0 0 5 1330 28799 
0 0 0 0 0 0 0 5 1340 28790 
0 0 0 0 0 0 0 5 1350 28781 
0 0 0 0 0 0 0 5 1360 28772 
0 0 0 0 0 0 0 5 1370 28763 
0 0 0 0 0 0 0 5 1380 28754 
0 0 0 0 0 0 0 5 1390 28745 
0 0 0 0 0 0 0 5 1400 28736 
0 0 0 0 0 0 0 5 1410 28727 
0 0 0 0 0 0 0 5 1420 28718 
0 0 0 0 0 0 0 5 1430 28709 
0 0 0 0 0 0 0 5 1440 28700 
0 0 0 0 0 0 0 5 1450 28691 
0 0 0 0 0 0 0 5 1460 28682 
0 0 0 0 0 0 0 5 1470 28673 
0 0 0 0 0 0 0 5 1480 28664 
0 0 0 0 0 0 0 5 1490 28655 
0 0 0 0 0 0 0 5 1500 28646 
0 0 0 0 0 0 0 5 1510 28637 
0 0 0 0 0 0 0 5 1520 28628 
0 0 0 0 0 0 0 5 1530 28619 
0 0 0 0 0 0 0 5 1540 28610 
0 0 0 0 0 0 0 5 1550 28601 
0 0 0 0 0 0 0 5 1560 28592 
0 0 0 0 0 0 0 5 1570 28583 
0 0 0 0 0 0 0 5 1580 28574 
0 0 0 0 0 0 0 5 1590 28565 
0 0 0 0 0 0 0 5 1600 28556 
0 0 0 0 0 0 0 5 1610 28547 
0 0 0 0 0 0 0 5 1620 28538 
0 0 0 0 0 0 0 5 1630 28529 
0 0 0 0 0 0 0 5 1640 28520 
0 0 0 0 0 0 0 5 1650 28511 
0 0 0 0 0 0 0 5 1660 28502 
0 0 0 0 0 0 0 5 1670 28493 
0 0 0 0 0 0 0 5 1680 28484 
0 0 0 0 0 0 0 5 1690 28475 
0 0 0 0 0 0 0 5 1700 28466 
0 0 0 0 0 0 0 5 1710 28457 
0 0 0 0 0 0 0 5 1720 28448 
0 0 0 0 0 0 0 5 1730 28439 
0 0 0 0 0 0 0 5 1740 28430 
0 0 0 0 0 0 0 5 1750 28421 
0 0 0 0 0 0 0 5 1760 28412 
0 0 0 0 0 0 0 5 1770 28403 
0 0 0 0 0 0 0 5 1780 28394 
0 0 0 0 0 0 0 5 1790 28385 
0 0 0 0 0 0 0 5 1800 28376 
0 0 0 0 0 0 0 5 1810 28367 
0 0 0 0 0 0 0 5 1820 28358 
0 0 0 0 0 0 0 5 1830 28349 
0 0 0 0 0 0 0 5 1840 28340 
0 0 0 0 0 0 0 5 1850 28331 
0 0 0 0 0 0 0 5 1860 28322 
0 0 0 0 0 0 0 5 1870 28313 
0 0 0 0 0 0 0 5 1880 28304 
0 0 0 0 0 0 0 5 1890 28295 
0 0 0 0 0 0 0 5 1900 28286 
0 0 0 0 0 0 0 5 1910 28277 
0 0 0 0 0 0 0 5 1920 28268 
0 0 0 0 0 0 0 5 1930 28259 
0 0 0 0 0 0 0 5 1940 28250 
0 0 0 0 0 0 0 5 1950 28241 
0 0 0 0 0 0 0 5 1960 28232 
0 0 0 0 0 0 0 5 1970 28223 
0 0 0 0 0 0 0 5 1980 28214 
0 0 0 0 0 0 0 5 1990 28205 
0 0 0 0 0 0 0 5 2000 28196 
0 0 0 0 0 0 0 5 2010 28187 
0 0 0 0 0 0 0 5 2020 28178 
0 0 0 0 0 0 0 5 2030 28169 
0 0 0 0 0 0 0 5 2040 28160 
0 0 0 0 0 0 0 5 2050 28151 
0 0 0 0 0 0 0 5 2060 28142 
0 0 0 0 0 0 0 5 2070 28133 
0 0 0 0 0 0 0 5 2080 28124 
0 0 0 0 0 0 0 5 2090 28115 
0 0 0 0 0 0 0 5 2100 28106 
0 0 0 0 0 0 0 5 2110 28097 
0 0 0 0 0 0 0 5 2120 28088 
0 0 0 0 0 0 0 5 2130 28079 
0 0 0 0 0 0 0 5 2140 28070 
0 0 0 0 0 0 0 5 2150 28061 
0 0 0 0 0 0 0 5 2160 28052 
0 0 0 0 0 0 0 5 2170 28043 
0 0 0 0 0 0 0 5 2180 28034 
0 0 0 0 0 0 0 5 2190 28025 
0 0 0 0 0 0 0 5 2200 28016 
0 0 0 0 0 0 0 5 2210 28007 
0 0 0 0 0 0 0 5 2220 27998 
0 0 0 0 0 0 0 5 2230 27989 
0 0 0 0 0 0 0 5 2240 27980 
0 0 0 0 0 0 0 5 2250 27971 
0 0 0 0 0 0 0 5 2260 27962 
0 0 0 0 0 0 0 5 2270 27953 
0 0 0 0 0 0 0 5 2280 27944 
0 0 0 0 0 0 0 5 2290 27935 
0 0 0 0 0 0 0 5 2300 27926 
0 0 0 0 0 0 0 5 2310 27917 
0 0 0 0 0 0 0 5 2320 27908 
0 0 0 0 0 0 0 5 2330 27899 
0 0 0 0 0 0 0 5 2340 27890 
0 0 0 0 0 0 0 5 2350 27881 
0 0 0 0 0 0 0 5 2360 27872 
0 0 0 0 0 0 0 5 2370 27863 
0 0 0 0 0 0 0 5 2380 27854 
0 0 0 0 0 0 0 5 2390 27845 
0 0 0 0 0 0 0 5 2400 27836 
0 0 0 0 0 0 0 5 2410 27827 
0 0 0 0 0 0 0 5 2420 27818 
0 0 0 0 0 0 0 5 2430 27809 
0 0 0 0 0 0 0 5 2440 27800 
0 0 0 0 0 0 0 5 2450 27791 
0 0 0 0 0 0 0 5 2460 27782 
0 0 0 0 0 0 0 5 2470 27773 
0 0 0 0 0 0 0 5 2480 27764 
0 0 0 0 0 0 0 5 2490 27755 
0 0 0 0 0 0 0 5 2500 27746 
0 0 0 0 0 0 0 5 2510 27737 
0 0 0 0 0 0 0 5 2520 27728 
0 0 0 0 0 0 0 5 2530 27719 
0 0 0 0 0 0 0 5 2540 27710 
0 0 0 0 0 0 0 5 2550 27701 
0 0 0 0 0 0 0 5 2560 27692 
0 0 0 0 0 0 0 5 2570 27683 
0 0 0 0 0 0 0 5 2580 27674 
0 0 0 0 0 0 0 5 2590 27665 
0 0 0 0 0 0 0 5 2600 27656 
0 0 0 0 0 0 0 5 2610 27647 
0 0 0 0 0 0 0 5 2620 27638 
0 0 0 0 0 0 0 5 2630 27629 
0 0 0 0 0 0 0 5 2640 27620 
0 0 0 0 0 0 0 5 2650 27611 
0 0 0 0 0 0 0 5 2660 27602 
0 0 0 0 0 0 0 5 2670 27593 
0 0 0 0 0 0 0 5 2680 27584 
0 0 0 0 0 0 0 5 2690 27575 
0 0 0 0 0 0 0 5 2700 27566 
0 0 0 0 0 0 0 5 2710 27557 
0 0 0 0 0 0 0 5 2720 27548 
0 0 0 0 0 0 0 5 2730 27539 
0 0 0 0 0 0 0 5 2740 27530 
0 0 0 0 0 0 0 5 2750 27521 
0 0 0 0 0 0 0 5 2760 27512 
0 0 0 0 0 0 0 5 2770 27503 
0 0 0 0 0 0 0 5 2780 27494 
0 0 0 0 0 0 0 5 2790 27485 
0 0 0 0 0 0 0 5 2800 27476 
0 0 0 0 0 0 0 5 2810 27467 
0 0 0 0 0 0 0 5 2820 27458 
0 0 0 0 0 0 0 5 2830 27449 
0 0 0 0 0 0 0 5 2840 27440 
0 0 0 0 0 0 0 5 2850 27431 
0 0 0 0 0 0 0 5 2860 27422 
0 0 0 0 0 0 0 5 2870 27413 
0 0 0 0 0 0 0 5 2880 27404 
0 0 0 0 0 0 0 5 2890 27395 
0 0 0 0 0 0 0 5 2900 27386 
0 0 0 0 0 0 0 5 2910 27377 
0 0 0 0 0 0 0 5 2920 27368 
0 0 0 0 0 0 0 5 2930 27359 
0 0 0 0 0 0 0 5 2940 27350 
0 0 0 0 0 0 0 5 2950 27341 
0 0 0 0 0 0 0 5 2960 27332 
0 0 0 0 0 0 0 5 2970 27323 
0 0 0 0 0 0 0 5 2980 27314 
0 0 0 0 0 0 0 5 2990 27305 
0 0 0 0 0 0 0 5 3000 27296 
0 0 0 0 0 0 0 5 3010 27287 
0 0 0 0 0 0 0 5 3020 27278 
0 0 0 0 0 0 0 5 3030 27269 
0 0 0 0 0 0 0 5 3040 27260 
0 0 0 0 0 0 0 5 3050 27251 
0 0 0 0 0 0 0 5 3060 27242 
0 0 0 0 0 0 0 5 3070 27233 
0 0 0 0 0 0 0 5 3080 27224 
0 0 0 0 0 0 0 5 3090 27215 
0 0 0 0 0 0 0 5 3100 27206 
0 0 0 0 0 0 0 5 3110 27197 
0 0 0 0 0 0 0 5 3120 27188 
0 0 0 0 0 0 0 5 3130 27179 
0 0 0 0 0 0 0 5 3140 27170 
0 0 0 0 0 0 0 5 3150 27161 
0 0 0 0 0 0 0 5 3160 27152 
0 0 0 0 0 0 0 5 3170 27143 
0 0 0 0 0 0 0 5 3180 27134 
0 0 0 0 0 0 0 5 3190 27125 
0 0 0 0 0 0 0 5 3200 27116 
0 0 0 0 0 0 0 5 3210 27107 
0 0 0 0 0 0 0 5 3220 27098 
0 0 0 0 0 0 0 5 3230 27089 
0 0 0 0 0 0 0 5 3240 27080 
0 0 0 0 0 0 0 5 3250 27071 
0 0 0 0 0 0 0 5 3260 27062 
0 0 0 0 0 0 0 5 3270 27053 
0 0 0 0 0 0 0 5 3280 27044 
0 0 0 0 0 0 0 5 3290 27035 
0 0 0 0 0 0 0 5 3300 27026 
0 0 0 0 0 0 0 5 3310 27017 
0 0 0 0 0 0 0 5 3320 27008 
0 0 0 0 0 0 0 5 3330 26999 
0 0 0 0 0 0 0 5 3340 26990 
0 0 0 0 0 0 0 5 3350 26981 
0 0 0 0 0 0 0 5 3360 26972 
0 0 0 0 0 0 0 5 3370 26963 
0 0 0 0 0 0 0 5 3380 26954 
0 0 0 0 0 0 0 5 3390 26945 
0 0 0 0 0 0 0 5 3400 26936 
0 0 0 0 0 0 0 5 3410 26927 
0 0 0 0 0 0 0 5 3420 26918 
0 0 0 0 0 0 0 5 3430 26909 
0 0 0 0 0 0 0 5 3440 26900 
0 0 0 0 0 0 0 5 3450 26891 
0 0 0 0 0 0 0 5 3460 26882 
0 0 0 0 0 0 0 5 3470 26873 
0 0 0 0 0 0 0 5 3480 26864 
0 0 0 0 0 0 0 5 3490 26855 
0 0 0 0 0 0 0 5 3500 26846 
0 0 0 0 0 0 0 5 3510 26837 
0 0 0 0 0 0 0 5 3520 26828 
0 0 0 0 0 0 0 5 3530 26819 
0 0 0 0 0 0 0 5 3540 26810 
0 0 0 0 0 0 0 5 3550 26801 
0 0 0 0 0 0 0 5 3560 26792 
0 0 0 0 0 0 0 5 3570 26783 
0 0 0 0 0 0 0 5 3580 26774 
0 0 0 0 0 0 0 5 3590 26765 
0 0 0 0 0 0 0 5 3600 26756 
0 0 0 0 0 0 0 5 3610 26747 
0 0 0 0 0 0 0 5 3620 26738 
0 0 0 0 0 0 0 5 3630 26729 
0 0 0 0 0 0 0 5 3640 26720 
0 0 0 0 0 0 0 5 3650 26711 
0 0 0 0 0 0 0 5 3660 26702 
0 0 0 0 0 0 0 5 3670 26693 
0 0 0 0 0 0 0 5 3680 26684 
0 0 0 0 0 0 0 5 3690 26675 
0 0 0 0 0 0 0 5 3700 26666 
0 0 0 0 0 0 0 5 3710 26657 
0 0 0 0 0 0 0 5 3720 26648 
0 0 0 0 0 0 0 5 3730 26639 
0 0 0 0 0 0 0 5 3740 26630 
0 0 0 0 0 0 0 5 3750 26621 
0 0 0 0 0 0 0 5 3760 26612 
0 0 0 0 0 0 0 5 3770 26603 
0 0 0 0 0 0 0 5 3780 26594 
0 0 0 0 0 0 0 5 3790 26585 
0 0 0 0 0 0 0 5 3800 26576 
0 0 0 0 0 0 0 5 3810 26567 
0 0 0 0 0 0 0 5 3820 26558 
0 0 0 0 0 0 0 5 3830 26549 
0 0 0 0 0 0 0 5 3840 26540 
0 0 0 0 0 0 0 5 3850 26531 
0 0 0 0 0 0 0 5 3860 26522 
0 0 0 0 0 0 0 5 3870 26513 
0 0 0 0 0 0 0 5 3880 26504 
0 0 0 0 0 0 0 5 3890 26495 
0 0 0 0 0 0 0 5 3900 26486 
0 0 0 0 0 0 0 5 3910 26477 
0 0 0 0 0 0 0 5 3920 26468 
0 0 0 0 0 0 0 5 3930 26459 
0 0 0 0 0 0 0 5 3940 26450 
0 0 0 0 0 0 0 5 3950 26441 
0 0 0 0 0 0 0 5 3960 26432 
0 0 0 0 0 0 0 5 3970 26423 
0 0 0 0 0 0 0 5 3980 26414 
0 0 0 0 0 0 0 5 3990 26405 
0 0 0 0 0 0 0 5 4000 26396 
0 0 0 0 0 0 0 5 4010 26387 
0 0 0 0 0 0 0 5 4020 26378 
0 0 0 0 0 0 0 5 4030 26369 
0 0 0 0 0 0 0 5 4040 26360 
0 0 0 0 0 0 0 5 4050 26351 
0 0 0 0 0 0 0 5 4060 26342 
0 0 0 0 0 0 0 5 4070 26333 
0 0 0 0 0 0 0 5 4080 26324 
0 0 0 0 0 0 0 5 4090 26315 
0 0 0 0 0 0 0 5 4100 26306 
0 0 0 0 0 0 0 5 4110 26297 
0 0 0 0 0 0 0 5 4120 26288 
0 0 0 0 0 0 0 5 4130 26279 
0 0 0 0 0 0 0 5 4140 26270 
0 0 0 0 0 0 0 5 4150 26261 
0 0 0 0 0 0 0 5 4160 26252 
0 0 0 0 0 0 0 5 4170 26243 
0 0 0 0 0 0 0 5 4180 26234 
0 0 0 0 0 0 0 5 4190 26225 
0 0 0 0 0 0 0 5 4200 26216 
0 0 0 0 0 0 0 5 4210 26207 
0 0 0 0 0 0 0 5 4220 26198 
0 0 0 0 0 0 0 5 4230 26189 
0 0 0 0 0 0 0 5 4240 26180 
0 0 0 0 0 0 0 5 4250 26171 
0 0 0 0 0 0 0 5 4260 26162 
0 0 0 0 0 0 0 5 4270 26153 
0 0 0 0 0 0 0 5 4280 26144 
0 0 0 0 0 0 0 5 4290 26135 
0 0 0 0 0 0 0 5 4300 26126 
0 0 0 0 0 0 0 5 4310 26117 
0 0 0 0 0 0 0 5 4320 26108 
0 0 0 0 0 0 0 5 4330 26099 
0 0 0 0 0 0 0 5 4340 26090 
0 0 0 0 0 0 0 5 4350 26081 
0 0 0 0 0 0 0 5 4360 26072 
0 0 0 0 0 0 0 5 4370 26063 
0 0 0 0 0 0 0 5 4380 26054 
0 0 0 0 0 0 0 5 4390 26045 
0 0 0 0 0 0 0 5 4400 26036 
0 0 0 0 0 0 0 5 4410 26027 
0 0 0 0 0 0 0 5 4420 26018 
0 0 0 0 0 0 0 5 4430 26009 
0 0 0 0 0 0 0 5 4440 26000 
0 0 0 0 0 0 0 5 4450 25991 
0 0 0 0 0 0 0 5 4460 25982 
0 0 0 0 0 0 0 5 4470 25973 
0 0 0 0 0 0 0 5 4480 25964 
0 0 0 0 0 0 0 5 4490 25955 
0 0 0 0 0 0 0 5 4500 25946 
0 0 0 0 0 0 0 5 4510 25937 
0 0 0 0 0 0 0 5 4520 25928 
0 0 0 0 0 0 0 5 4530 25919 
0 0 0 0 0 0 0 5 4540 25910 
0 0 0 0 0 0 0 5 4550 25901 
0 0 0 0 0 0 0 5 4560 25892 
0 0 0 0 0 0 0 5 4570 25883 
0 0 0 0 0 0 0 5 4580 25874 
0 0 0 0 0 0 0 5 4590 25865 
0 0 0 0 0 0 0 5 4600 25856 
0 0 0 0 0 0 0 5 4610 25847 
0 0 0 0 0 0 0 5 4620 25838 
0 0 0 0 0 0 0 5 4630 25829 
0 0 0 0 0 0 0 5 4640 25820 
0 0 0 0 0 0 0 5 4650 25811 
0 0 0 0 0 0 0 5 4660 25802 
0 0 0 0 0 0 0 5 4670 25793 
0 0 0 0 0 0 0 5 4680 25784 
0 0 0 0 0 0 0 5 4690 25775 
0 0 0 0 0 0 0 5 4700 25766 
0 0 0 0 0 0 0 5 4710 25757 
0 0 0 0 0 0 0 5 4720 25748 
0 0 0 0 0 0 0 5 4730 25739 
0 0 0 0 0 0 0 5 4740 25730 
0 0 0 0 0 0 0 5 4750 25721 
0 0 0 0 0 0 0 5 4760 25712 
0 0 0 0 0 0 0 5 4770 25703 
0 0 0 0 0 0 0 5 4780 25694 
0 0 0 0 0 0 0 5 4790 25685 
0 0 0 0 0 0 0 5 4800 25676 
0 0 0 0 0 0 0 5 4810 25667 
0 0 0 0 0 0 0 5 4820 25658 
0 0 0 0 0 0 0 5 4830 25649 
0 0 0 0 0 0 0 5 4840 25640 
0 0 0 0 0 0 0 5 4850 25631 
0 0 0 0 0 0 0 5 4860 25622 
0 0 0 0 0 0 0 5 4870 25613 
0 0 0 0 0 0 0 5 4880 25604 
0 0 0 0 0 0 0 5 4890 25595 
0 0 0 0 0 0 0 5 4900 25586 
0 0 0 0 0 0 0 5 4910 25577 
0 0 0 0 0 0 0 5 4920 25568 
0 0 0 0 0 0 0 5 4930 25559 
0 0 0 0 0 0 0 5 4940 25550 
0 0 0 0 0 0 0 5 4950 25541 
0 0 0 0 0 0 0 5 4960 25532 
0 0 0 0 0 0 0 5 4970 25523 
0 0 0 0 0 0 0 5 4980 25514 
0 0 0 0 0 0 0 5 4990 25505 
0 0 0 0 0 0 0 5 5000 25496 
0 0 0 0 0 0 0 5 5010 25487 
0 0 0 0 0 0 0 5 5020 25478 
0 0 0 0 0 0 0 5 5030 25469 
0 0 0 0 0 0 0 5 5040 25460 
0 0 0 0 0 0 0 5 5050 25451 
0 0 0 0 0 0 0 5 5060 25442 
0 0 0 0 0 0 0 5 5070 25433 
0 0 0 0 0 0 0 5 5080 25424 
0 0 0 0 0 0 0 5 5090 25415 
0 0 0 0 0 0 0 5 5100 25406 
0 0 0 0 0 0 0 5 5110 25397 
0 0 0 0 0 0 0 5 5120 25388 
0 0 0 0 0 0 0 5 5130 25379 
0 0 0 0 0 0 0 5 5140 25370 
0 0 0 0 0 0 0 5 5150 25361 
0 0 0 0 0 0 0 5 5160 25352 
0 0 0 0 0 0 0 5 5170 25343 
0 0 0 0 0 0 0 5 5180 25334 
0 0 0 0 0 0 0 5 5190 25325 
0 0 0 0 0 0 0 5 5200 25316 
0 0 0 0 0 0 0 5 5210 25307 
0 0 0 0 0 0 0 5 5220 25298 
0 0 0 0 0 0 0 5 5230 25289 
0 0 0 0 0 0 0 5 5240 25280 
0 0 0 0 0 0 0 5 5250 25271 
0 0 0 0 0 0 0 5 5260 25262 
0 0 0 0 0 0 0 5 5270 25253 
0 0 0 0 0 0 0 5 5280 25244 
0 0 0 0 0 0 0 5 5290 25235 
0 0 0 0 0 0 0 5 5300 25226 
0 0 0 0 0 0 0 5 5310 25217 
0 0 0 0 0 0 0 5 5320 25208 
0 0 0 0 0 0 0 5 5330 25199 
0 0 0 0 0 0 0 5 5340 25190 
0 0 0 0 0 0 0 5 5350 25181 
0 0 0 0 0 0 0 5 5360 25172 
0 0 0 0 0 0 0 5 5370 25163 
0 0 0 0 0 0 0 5 5380 25154 
0 0 0 0 0 0 0 5 5390 25145 
0 0 0 0 0 0 0 5 5400 25136 
0 0 0 0 0 0 0 5 5410 25127 
0 0 0 0 0 0 0 5 5420 25118 
0 0 0 0 0 0 0 5 5430 25109 
0 0 0 0 0 0 0 5 5440 25100 
0 0 0 0 0 0 0 5 5450 25091 
0 0 0 0 0 0 0 5 5460 25082 
0 0 0 0 0 0 0 5 5470 25073 
0 0 0 0 0 0 0 5 5480 25064 
0 0 0 0 0 0 0 5 5490 25055 
0 0 0 0 0 0 0 5 5500 25046 
0 0 0 0 0 0 0 5 5510 25037 
0 0 0 0 0 0 0 5 5520 25028 
0 0 0 0 0 0 0 5 5530 25019 
0 0 0 0 0 0 0 5 5540 25010 
0 0 0 0 0 0 0 5 5550 25001 
0 0 0 0 0 0 0 5 5560 24992 
0 0 0 0 0 0 0 5 5570 24983 
0 0 0 0 0 0 0 5 5580 24974 
0 0 0 0 0 0 0 5 5590 24965 
0 0 0 0 0 0 0 5 5600 24956 
0 0 0 0 0 0 0 5 5610 24947 
0 0 0 0 0 0 0 5 5620 24938 
0 0 0 0 0 0 0 5 5630 24929 
0 0 0 0 0 0 0 5 5640 24920 
0 0 0 0 0 0 0 5 5650 24911 
0 0 0 0 0 0 0 5 5660 24902 
0 0 0 0 0 0 0 5 5670 24893 
0 0 0 0 0 0 0 5 5680 24884 
0 0 0 0 0 0 0 5 5690 24875 
0 0 0 0 0 0 0 5 5700 24866 
0 0 0 0 0 0 0 5 5710 24857 
0 0 0 0 0 0 0 5 5720 24848 
0 0 0 0 0 0 0 5 5730 24839 
0 0 0 0 0 0 0 5 5740 24830 
0 0 0 0 0 0 0 5 5750 24821 
0 0 0 0 0 0 0 5 5760 24812 
0 0 0 0 0 0 0 5 5770 24803 
0 0 0 0 0 0 0 5 5780 24794 
0 0 0 0 0 0 0 5 5790 24785 
0 0 0 0 0 0 0 5 5800 24776 
0 0 0 0 0 0 0 5 5810 24767 
0 0 0 0 0 0 0 5 5820 24758 
0 0 0 0 0 0 0 5 5830 24749 
0 0 0 0 0 0 0 5 5840 24740 
0 0 0 0 0 0 0 5 5850 24731 
0 0 0 0 0 0 0 5 5860 24722 
0 0 0 0 0 0 0 5 5870 24713 
0 0 0 0 0 0 0 5 5880 24704 
0 0 0 0 0 0 0 5 5890 24695 
0 0 0 0 0 0 0 5 5900 24686 
0 0 0 0 0 0 0 5 5910 24677 
0 0 0 0 0 0 0 5 5920 24668 
0 0 0 0 0 0 0 5 5930 24659 
0 0 0 0 0 0 0 5 5940 24650 
0 0 0 0 0 0 0 5 5950 24641 
0 0 0 0 0 0 0 5 5960 24632 
0 0 0 0 0 0 0 5 5970 24623 
0 0 0 0 0 0 0 5 5980 24614 
0 0 0 0 0 0 0 5 5990 24605 
0 0 0 0 0 0 0 5 6000 24596 
0 0 0 0 0 0 0 5 6010 24587 
0 0 0 0 0 0 0 5 6020 24578 
0 0 0 0 0 0 0 5 6030 24569 
0 0 0 0 0 0 0 5 6040 24560 
0 0 0 0 0 0 0 5 6050 24551 
0 0 0 0 0 0 0 5 6060 24542 
0 0 0 0 0 0 0 5 6070 24533 
0 0 0 0 0 0 0 5 6080 24524 
0 0 0 0 0 0 0 5 6090 24515 
0 0 0 0 0 0 0 5 6100 24506 
0 0 0 0 0 0 0 5 6110 24497 
0 0 0 0 0 0 0 5 6120 24488 
0 0 0 0 0 0 0 5 6130 24479 
0 0 0 0 0 0 0 5 6140 24470 
0 0 0 0 0 0 0 5 6150 24461 
0 0 0 0 0 0 0 5 6160 24452 
0 0 0 0 0 0 0 5 6170 24443 
0 0 0 0 0 0 0 5 6180 24434 
0 0 0 0 0 0 0 5 6190 24425 
0 0 0 0 0 0 0 5 6200 24416 
0 0 0 0 0 0 0 5 6210 24407 
0 0 0 0 0 0 0 5 6220 24398 
0 0 0 0 0 0 0 5 6230 24389 
0 0 0 0 0 0 0 5 6240 24380 
0 0 0 0 0 0 0 5 6250 24371 
0 0 0 0 0 0 0 5 6260 24362 
0 0 0 0 0 0 0 5 6270 24353 
0 0 0 0 0 0 0 5 6280 24344 
0 0 0 0 0 0 0 5 6290 24335 
0 0 0 0 0 0 0 5 6300 24326 
0 0 0 0 0 0 0 5 6310 24317 
0 0 0 0 0 0 0 5 6320 24308 
0 0 0 0 0 0 0 5 6330 24299 
0 0 0 0 0 0 0 5 6340 24290 
0 0 0 0 0 0 0 5 6350 24281 
0 0 0 0 0 0 0 5 6360 24272 
0 0 0 0 0 0 0 5 6370 24263 
0 0 0 0 0 0 0 5 6380 24254 
0 0 0 0 0 0 0 5 6390 24245 
0 0 0 0 0 0 0 5 6400 24236 
0 0 0 0 0 0 0 5 6410 24227 
0 0 0 0 0 0 0 5 6420 24218 
0 0 0 0 0 0 0 5 6430 24209 
0 0 0 0 0 0 0 5 6440 24200 
0 0 0 0 0 0 0 5 6450 24191 
0 0 0 0 0 0 0 5 6460 24182 
0 0 0 0 0 0 0 5 6470 24173 
0 0 0 0 0 0 0 5 6480 24164 
0 0 0 0 0 0 0 5 6490 24155 
0 0 0 0 0 0 0 5 6500 24146 
0 0 0 0 0 0 0 5 6510 24137 
0 0 0 0 0 0 0 5 6520 24128 
0 0 0 0 0 0 0 5 6530 24119 
0 0 0 0 0 0 0 5 6540 24110 
0 0 0 0 0 0 0 5 6550 24101 
0 0 0 0 0 0 0 5 6560 24092 
0 0 0 0 0 0 0 5 6570 24083 
0 0 0 0 0 0 0 5 6580 24074 
0 0 0 0 0 0 0 5 6590 24065 
0 0 0 0 0 0 0 5 6600 24056 
0 0 0 0 0 0 0 5 6610 24047 
0 0 0 0 0 0 0 5 6620 24038 
0 0 0 0 0 0 0 5 6630 24029 
0 0 0 0 0 0 0 5 6640 24020 
0 0 0 0 0 0 0 5 6650 24011 
0 0 0 0 0 0 0 5 6660 24002 
0 0 0 0 0 0 0 5 6670 23993 
0 0 0 0 0 0 0 5 6680 23984 
0 0 0 0 0 0 0 5 6690 23975 
0 0 0 0 0 0 0 5 6700 23966 
0 0 0 0 0 0 0 5 6710 23957 
0 0 0 0 0 0 0 5 6720 23948 
0 0 0 0 0 0 0 5 6730 23939 
0 0 0 0 0 0 0 5 6740 23930 
0 0 0 0 0 0 0 5 6750 23921 
0 0 0 0 0 0 0 5 6760 23912 
0 0 0 0 0 0 0 5 6770 23903 
0 0 0 0 0 0 0 5 6780 23894 
0 0 0 0 0 0 0 5 6790 23885 
0 0 0 0 0 0 0 5 6800 23876 
0 0 0 0 0 0 0 5 6810 23867 
0 0 0 0 0 0 0 5 6820 23858 
0 0 0 0 0 0 0 5 6830 23849 
0 0 0 0 0 0 0 5 6840 23840 
0 0 0 0 0 0 0 5 6850 23831 
0 0 0 0 0 0 0 5 6860 23822 
0 0 0 0 0 0 0 5 6870 23813 
0 0 0 0 0 0 0 5 6880 23804 
0 0 0 0 0 0 0 5 6890 23795 
0 0 0 0 0 0 0 5 6900 23786 
0 0 0 0 0 0 0 5 6910 23777 
0 0 0 0 0 0 0 5 6920 23768 
0 0 0 0 0 0 0 5 6930 23759 
0 0 0 0 0 0 0 5 6940 23750 
0 0 0 0 0 0 0 5 6950 23741 
0 0 0 0 0 0 0 5 6960 23732 
0 0 0 0 0 0 0 5 6970 23723 
0 0 0 0 0 0 0 5 6980 23714 
0 0 0 0 0 0 0 5 6990 23705 
0 0 0 0 0 0 0 5 7000 23696 
0 0 0 0 0 0 0 5 7010 23687 
0 0 0 0 0 0 0 5 7020 23678 
0 0 0 0 0 0 0 5 7030 23669 
0 0 0 0 0 0 0 5 7040 23660 
0 0 0 0 0 0 0 5 7050 23651 
0 0 0 0 0 0 0 5 7060 23642 
0 0 0 0 0 0 0 5 7070 23633 
0 0 0 0 0 0 0 5 7080 23624 
0 0 0 0 0 0 0 5 7090 23615 
0 0 0 0 0 0 0 5 7100 23606 
0 0 0 0 0 0 0 5 7110 23597 
0 0 0 0 0 0 0 5 7120 23588 
0 0 0 0 0 0 0 5 7130 23579 
0 0 0 0 0 0 0 5 7140 23570 
0 0 0 0 0 0 0 5 7150 23561 
0 0 0 0 0 0 0 5 7160 23552 
0 0 0 0 0 0 0 5 7170 23543 
0 0 0 0 0 0 0 5 7180 23534 
0 0 0 0 0 0 0 5 7190 23525 
0 0 0 0 0 0 0 5 7200 23516 
0 0 0 0 0 0 0 5 7210 23507 
0 0 0 0 0 0 0 5 7220 23498 
0 0 0 0 0 0 0 5 7230 23489 
0 0 0 0 0 0 0 5 7240 23480 
0 0 0 0 0 0 0 5 7250 23471 
0 0 0 0 0 0 0 5 7260 23462 
0 0 0 0 0 0 0 5 7270 23453 
0 0 0 0 0 0 0 5 7280 23444 
0 0 0 0 0 0 0 5 7290 23435 
0 0 0 0 0 0 0 5 7300 23426 
0 0 0 0 0 0 0 5 7310 23417 
0 0 0 0 0 0 0 5 7320 23408 
0 0 0 0 0 0 0 5 7330 23399 
0 0 0 0 0 0 0 5 7340 23390 
0 0 0 0 0 0 0 5 7350 23381 
0 0 0 0 0 0 0 5 7360 23372 
0 0 0 0 0 0 0 5 7370 23363 
0 0 0 0 0 0 0 5 7380 23354 
0 0 0 0 0 0 0 5 7390 23345 
0 0 0 0 0 0 0 5 7400 23336 
0 0 0 0 0 0 0 5 7410 23327 
0 0 0 0 0 0 0 5 7420 23318 
0 0 0 0 0 0 0 5 7430 23309 
0 0 0 0 0 0 0 5 7440 23300 
0 0 0 0 0 0 0 5 7450 23291 
0 0 0 0 0 0 0 5 7460 23282 
0 0 0 0 0 0 0 5 7470 23273 
0 0 0 0 0 0 0 5 7480 23264 
0 0 0 0 0 0 0 5 7490 23255 
0 0 0 0 0 0 0 5 7500 23246 
0 0 0 0 0 0 0 5 7510 23237 
0 0 0 0 0 0 0 5 7520 23228 
0 0 0 0 0 0 0 5 7530 23219 
0 0 0 0 0 0 0 5 7540 23210 
0 0 0 0 0 0 0 5 7550 23201 
0 0 0 0 0 0 0 5 7560 23192 
0 0 0 0 0 0 0 5 7570 23183 
0 0 0 0 0 0 0 5 7580 23174 
0 0 0 0 0 0 0 5 7590 23165 
0 0 0 0 0 0 0 5 7600 23156 
0 0 0 0 0 0 0 5 7610 23147 
0 0 0 0 0 0 0 5 7620 23138 
0 0 0 0 0 0 0 5 7630 23129 
0 0 0 0 0 0 0 5 7640 23120 
0 0 0 0 0 0 0 5 7650 23111 
0 0 0 0 0 0 0 5 7660 23102 
0 0 0 0 0 0 0 5 7670 23093 
0 0 0 0 0 0 0 5 7680 23084 
0 0 0 0 0 0 0 5 7690 23075 
0 0 0 0 0 0 0 5 7700 23066 
0 0 0 0 0 0 0 5 7710 23057 
0 0 0 0 0 0 0 5 7720 23048 
0 0 0 0 0 0 0 5 7730 23039 
0 0 0 0 0 0 0 5 7740 23030 
0 0 0 0 0 0 0 5 7750 23021 
0 0 0 0 0 0 0 5 7760 23012 
0 0 0 0 0 0 0 5 7770 23003 
0 0 0 0 0 0 0 5 7780 22994 
0 0 0 0 0 0 0 5 7790 22985 
0 0 0 0 0 0 0 5 7800 22976 
0 0 0 0 0 0 0 5 7810 22967 
0 0 0 0 0 0 0 5 7820 22958 
0 0 0 0 0 0 0 5 7830 22949 
0 0 0 0 0 0 0 5 7840 22940 
0 0 0 0 0 0 0 5 7850 22931 
0 0 0 0 0 0 0 5 7860 22922 
0 0 0 0 0 0 0 5 7870 22913 
0 0 0 0 0 0 0 5 7880 22904 
0 0 0 0 0 0 0 5 7890 22895 
0 0 0 0 0 0 0 5 7900 22886 
0 0 0 0 0 0 0 5 7910 22877 
0 0 0 0 0 0 0 5 7920 22868 
0 0 0 0 0 0 0 5 7930 22859 
0 0 0 0 0 0 0 5 7940 22850 
0 0 0 0 0 0 0 5 7950 22841 
0 0 0 0 0 0 0 5 7960 22832 
0 0 0 0 0 0 0 5 7970 22823 
0 0 0 0 0 0 0 5 7980 22814 
0 0 0 0 0 0 0 5 7990 22805 
0 0 0 0 0 0 0 5 8000 22796 
0 0 0 0 0 0 0 5 8010 22787 
0 0 0 0 0 0 0 5 8020 22778 
0 0 0 0 0 0 0 5 8030 22769 
0 0 0 0 0 0 0 5 8040 22760 
0 0 0 0 0 0 0 5 8050 22751 
0 0 0 0 0 0 0 5 8060 22742 
0 0 0 0 0 0 0 5 8070 22733 
0 0 0 0 0 0 0 5 8080 22724 
0 0 0 0 0 0 0 5 8090 22715 
0 0 0 0 0 0 0 5 8100 22706 
0 0 0 0 0 0 0 5 8110 22697 
0 0 0 0 0 0 0 5 8120 22688 
0 0 0 0 0 0 0 5 8130 22679 
0 0 0 0 0 0 0 5 8140 22670 
0 0 0 0 0 0 0 5 8150 22661 
0 0 0 0 0 0 0 5 8160 22652 
0 0 0 0 0 0 0 5 8170 22643 
0 0 0 0 0 0 0 5 8180 22634 
0 0 0 0 0 0 0 5 8190 22625 
0 0 0 0 0 0 0 5 8200 22616 
0 0 0 0 0 0 0 5 8210 22607 
0 0 0 0 0 0 0 5 8220 22598 
0 0 0 0 0 0 0 5 8230 22589 
0 0 0 0 0 0 0 5 8240 22580 
0 0 0 0 0 0 0 5 8250 22571 
0 0 0 0 0 0 0 5 8260 22562 
0 0 0 0 0 0 0 5 8270 22553 
0 0 0 0 0 0 0 5 8280 22544 
0 0 0 0 0 0 0 5 8290 22535 
0 0 0 0 0 0 0 5 8300 22526 
0 0 0 0 0 0 0 5 8310 22517 
0 0 0 0 0 0 0 5 8320 22508 
0 0 0 0 0 0 0 5 8330 22499 
0 0 0 0 0 0 0 5 8340 22490 
0 0 0 0 0 0 0 5 8350 22481 
0 0 0 0 0 0 0 5 8360 22472 
0 0 0 0 0 0 0 5 8370 22463 
0 0 0 0 0 0 0 5 8380 22454 
0 0 0 0 0 0 0 5 8390 22445 
0 0 0 0 0 0 0 5 8400 22436 
0 0 0 0 0 0 0 5 8410 22427 
0 0 0 0 0 0 0 5 8420 22418 
0 0 0 0 0 0 0 5 8430 22409 
0 0 0 0 0 0 0 5 8440 22400 
0 0 0 0 0 0 0 5 8450 22391 
0 0 0 0 0 0 0 5 8460 22382 
0 0 0 0 0 0 0 5 8470 22373 
0 0 0 0 0 0 0 5 8480 22364 
0 0 0 0 0 0 0 5 8490 22355 
0 0 0 0 0 0 0 5 8500 22346 
0 0 0 0 0 0 0 5 8510 22337 
0 0 0 0 0 0 0 5 8520 22328 
0 0 0 0 0 0 0 5 8530 22319 
0 0 0 0 0 0 0 5 8540 22310 
0 0 0 0 0 0 0 5 8550 22301 
0 0 0 0 0 0 0 5 8560 22292 
0 0 0 0 0 0 0 5 8570 22283 
0 0 0 0 0 0 0 5 8580 22274 
0 0 0 0 0 0 0 5 8590 22265 
0 0 0 0 0 0 0 5 8600 22256 
0 0 0 0 0 0 0 5 8610 22247 
0 0 0 0 0 0 0 5 8620 22238 
0 0 0 0 0 0 0 5 8630 22229 
0 0 0 0 0 0 0 5 8640 22220 
0 0 0 0 0 0 0 5 8650 22211 
0 0 0 0 0 0 0 5 8660 22202 
0 0 0 0 0 0 0 5 8670 22193 
0 0 0 0 0 0 0 5 8680 22184 
0 0 0 0 0 0 0 5 8690 22175 
0 0 0 0 0 0 0 5 8700 22166 
0 0 0 0 0 0 0 5 8710 22157 
0 0 0 0 0 0 0 5 8720 22148 
0 0 0 0 0 0 0 5 8730 22139 
0 0 0 0 0 0 0 5 8740 22130 
0 0 0 0 0 0 0 5 8750 22121 
0 0 0 0 0 0 0 5 8760 22112 
0 0 0 0 0 0 0 5 8770 22103 
0 0 0 0 0 0 0 5 8780 22094 
0 0 0 0 0 0 0 5 8790 22085 
0 0 0 0 0 0 0 5 8800 22076 
0 0 0 0 0 0 0 5 8810 22067 
0 0 0 0 0 0 0 5 8820 22058 
0 0 0 0 0 0 0 5 8830 22049 
0 0 0 0 0 0 0 5 8840 22040 
0 0 0 0 0 0 0 5 8850 22031 
0 0 0 0 0 0 0 5 8860 22022 
0 0 0 0 0 0 0 5 8870 22013 
0 0 0 0 0 0 0 5 8880 22004 
0 0 0 0 0 0 0 5 8890 21995 
0 0 0 0 0 0 0 5 8900 21986 
0 0 0 0 0 0 0 5 8910 21977 
0 0 0 0 0 0 0 5 8920 21968 
0 0 0 0 0 0 0 5 8930 21959 
0 0 0 0 0 0 0 5 8940 21950 
0 0 0 0 0 0 0 5 8950 21941 
0 0 0 0 0 0 0 5 8960 21932 
0 0 0 0 0 0 0 5 8970 21923 
0 0 0 0 0 0 0 5 8980 21914 
0 0 0 0 0 0 0 5 8990 21905 
0 0 0 0 0 0 0 5 9000 21896 
0 0 0 0 0 0 0 5 9010 21887 
0 0 0 0 0 0 0 5 9020 21878 
0 0 0 0 0 0 0 5 9030 21869 
0 0 0 0 0 0 0 5 9040 21860 
0 0 0 0 0 0 0 5 9050 21851 
0 0 0 0 0 0 0 5 9060 21842 
0 0 0 0 0 0 0 5 9070 21833 
0 0 0 0 0 0 0 5 9080 21824 
0 0 0 0 0 0 0 5 9090 21815 
0 0 0 0 0 0 0 5 9100 21806 
0 0 0 0 0 0 0 5 9110 21797 
0 0 0 0 0 0 0 5 9120 21788 
0 0 0 0 0 0 0 5 9130 21779 
0 0 0 0 0 0 0 5 9140 21770 
0 0 0 0 0 0 0 5 9150 21761 
0 0 0 0 0 0 0 5 9160 21752 
0 0 0 0 0 0 0 5 9170 21743 
0 0 0 0 0 0 0 5 9180 21734 
0 0 0 0 0 0 0 5 9190 21725 
0 0 0 0 0 0 0 5 9200 21716 
0 0 0 0 0 0 0 5 9210 21707 
0 0 0 0 0 0 0 5 9220 21698 
0 0 0 0 0 0 0 5 9230 21689 
0 0 0 0 0 0 0 5 9240 21680 
0 0 0 0 0 0 0 5 9250 21671 
0 0 0 0 0 0 0 5 9260 21662 
0 0 0 0 0 0 0 5 9270 21653 
0 0 0 0 0 0 0 5 9280 21644 
0 0 0 0 0 0 0 5 9290 21635 
0 0 0 0 0 0 0 5 9300 21626 
0 0 0 0 0 0 0 5 9310 21617 
0 0 0 0 0 0 0 5 9320 21608 
0 0 0 0 0 0 0 5 9330 21599 
0 0 0 0 0 0 0 5 9340 21590 
0 0 0 0 0 0 0 5 9350 21581 
0 0 0 0 0 0 0 5 9360 21572 
0 0 0 0 0 0 0 5 9370 21563 
0 0 0 0 0 0 0 5 9380 21554 
0 0 0 0 0 0 0 5 9390 21545 
0 0 0 0 0 0 0 5 9400 21536 
0 0 0 0 0 0 0 5 9410 21527 
0 0 0 0 0 0 0 5 9420 21518 
0 0 0 0 0 0 0 5 9430 21509 
0 0 0 0 0 0 0 5 9440 21500 
0 0 0 0 0 0 0 5 9450 21491 
0 0 0 0 0 0 0 5 9460 21482 
0 0 0 0 0 0 0 5 9470 21473 
0 0 0 0 0 0 0 5 9480 21464 
0 0 0 0 0 0 0 5 9490 21455 
0 0 0 0 0 0 0 5 9500 21446 
0 0 0 0 0 0 0 5 9510 21437 
0 0 0 0 0 0 0 5 9520 21428 
0 0 0 0 0 0 0 5 9530 21419 
0 0 0 0 0 0 0 5 9540 21410 
0 0 0 0 0 0 0 5 9550 21401 
0 0 0 0 0 0 0 5 9560 21392 
0 0 0 0 0 0 0 5 9570 21383 
0 0 0 0 0 0 0 5 9580 21374 
0 0 0 0 0 0 0 5 9590 21365 
0 0 0 0 0 0 0 5 9600 21356 
0 0 0 0 0 0 0 5 9610 21347 
0 0 0 0 0 0 0 5 9620 21338 
0 0 0 0 0 0 0 5 9630 21329 
0 0 0 0 0 0 0 5 9640 21320 
0 0 0 0 0 0 0 5 9650 21311 
0 0 0 0 0 0 0 5 9660 21302 
0 0 0 0 0 0 0 5 9670 21293 
0 0 0 0 0 0 0 5 9680 21284 
0 0 0 0 0 0 0 5 9690 21275 
0 0 0 0 0 0 0 5 9700 21266 
0 0 0 0 0 0 0 5 9710 21257 
0 0 0 0 0 0 0 5 9720 21248 
0 0 0 0 0 0 0 5 9730 21239 
0 0 0 0 0 0 0 5 9740 21230 
0 0 0 0 0 0 0 5 9750 21221 
0 0 0 0 0 0 0 5 9760 21212 
0 0 0 0 0 0 0 5 9770 21203 
0 0 0 0 0 0 0 5 9780 21194 
0 0 0 0 0 0 0 5 9790 21185 
0 0 0 0 0 0 0 5 9800 21176 
0 0 0 0 0 0 0 5 9810 21167 
0 0 0 0 0 0 0 5 9820 21158 
0 0 0 0 0 0 0 5 9830 21149 
0 0 0 0 0 0 0 5 9840 21140 
0 0 0 0 0 0 0 5 9850 21131 
0 0 0 0 0 0 0 5 9860 21122 
0 0 0 0 0 0 0 5 9870 21113 
0 0 0 0 0 0 0 5 9880 21104 
0 0 0 0 0 0 0 5 9890 21095 
0 0 0 0 0 0 0 5 9900 21086 
0 0 0 0 0 0 0 5 9910 21077 
0 0 0 0 0 0 0 5 9920 21068 
0 0 0 0 0 0 0 5 9930 21059 
0 0 0 0 0 0 0 5 9940 21050 
0 0 0 0 0 0 0 5 9950 21041 
0 0 0 0 0 0 0 5 9960 21032 
0 0 0 0 0 0 0 5 9970 21023 
0 0 0 0 0 0 0 5 9980 21014 
0 0 0 0 0 0 0 5 9990 21005 
0 0 0 0 0 0 0 5 10000 20996 
0 0 0 0 0 0 0 5 10010 20987 
0 0 0 0 0 0 0 5 10020 20978 
0 0 0 0 0 0 0 5 10030 20969 
0 0 0 0 0 0 0 5 10040 20960 
0 0 0 0 0 0 0 5 10050 20951 
0 0 0 0 0 0 0 5 10060 20942 
0 0 0 0 0 0 0 5 10070 20933 
0 0 0 0 0 0 0 5 10080 20924 
0 0 0 0 0 0 0 5 10090 20915 
0 0 0 0 0 0 0 5 10100 20906 
0 0 0 0 0 0 0 5 10110 20897 
0 0 0 0 0 0 0 5 10120 20888 
0 0 0 0 0 0 0 5 10130 20879 
0 0 0 0 0 0 0 5 10140 20870 
0 0 0 0 0 0 0 5 10150 20861 
0 0 0 0 0 0 0 5 10160 20852 
0 0 0 0 0 0 0 5 10170 20843 
0 0 0 0 0 0 0 5 10180 20834 
0 0 0 0 0 0 0 5 10190 20825 
0 0 0 0 0 0 0 5 10200 20816 
0 0 0 0 0 0 0 5 10210 20807 
0 0 0 0 0 0 0 5 10220 20798 
0 0 0 0 0 0 0 5 10230 20789 
0 0 0 0 0 0 0 5 10240 20780 
0 0 0 0 0 0 0 5 10250 20771 
0 0 0 0 0 0 0 5 10260 20762 
0 0 0 0 0 0 0 5 10270 20753 
0 0 0 0 0 0 0 5 10280 20744 
0 0 0 0 0 0 0 5 10290 20735 
0 0 0 0 0 0 0 5 10300 20726 
0 0 0 0 0 0 0 5 10310 20717 
0 0 0 0 0 0 0 5 10320 20708 
0 0 0 0 0 0 0 5 10330 20699 
0 0 0 0 0 0 0 5 10340 20690 
0 0 0 0 0 0 0 5 10350 20681 
0 0 0 0 0 0 0 5 10360 20672 
0 0 0 0 0 0 0 5 10370 20663 
0 0 0 0 0 0 0 5 10380 20654 
0 0 0 0 0 0 0 5 10390 20645 
0 0 0 0 0 0 0 5 10400 20636 
0 0 0 0 0 0 0 5 10410 20627 
0 0 0 0 0 0 0 5 10420 20618 
0 0 0 0 0 0 0 5 10430 20609 
0 0 0 0 0 0 0 5 10440 20600 
0 0 0 0 0 0 0 5 10450 20591 
0 0 0 0 0 0 0 5 10460 20582 
0 0 0 0 0 0 0 5 10470 20573 
0 0 0 0 0 0 0 5 10480 20564 
0 0 0 0 0 0 0 5 10490 20555 
0 0 0 0 0 0 0 5 10500 20546 
0 0 0 0 0 0 0 5 10510 20537 
0 0 0 0 0 0 0 5 10520 20528 
0 0 0 0 0 0 0 5 10530 20519 
0 0 0 0 0 0 0 5 10540 20510 
0 0 0 0 0 0 0 5 10550 20501 
0 0 0 0 0 0 0 5 10560 20492 
0 0 0 0 0 0 0 5 10570 20483 
0 0 0 0 0 0 0 5 10580 20474 
0 0 0 0 0 0 0 5 10590 20465 
0 0 0 0 0 0 0 5 10600 20456 
0 0 0 0 0 0 0 5 10610 20447 
0 0 0 0 0 0 0 5 10620 20438 
0 0 0 0 0 0 0 5 10630 20429 
0 0 0 0 0 0 0 5 10640 20420 
0 0 0 0 0 0 0 5 10650 20411 
0 0 0 0 0 0 0 5 10660 20402 
0 0 0 0 0 0 0 5 10670 20393 
0 0 0 0 0 0 0 5 10680 20384 
0 0 0 0 0 0 0 5 10690 20375 
0 0 0 0 0 0 0 5 10700 20366 
0 0 0 0 0 0 0 5 10710 20357 
0 0 0 0 0 0 0 5 10720 20348 
0 0 0 0 0 0 0 5 10730 20339 
0 0 0 0 0 0 0 5 10740 20330 
0 0 0 0 0 0 0 5 10750 20321 
0 0 0 0 0 0 0 5 10760 20312 
0 0 0 0 0 0 0 5 10770 20303 
0 0 0 0 0 0 0 5 10780 20294 
0 0 0 0 0 0 0 5 10790 20285 
0 0 0 0 0 0 0 5 10800 20276 
0 0 0 0 0 0 0 5 10810 20267 
0 0 0 0 0 0 0 5 10820 20258 
0 0 0 0 0 0 0 5 10830 20249 
0 0 0 0 0 0 0 5 10840 20240 
0 0 0 0 0 0 0 5 10850 20231 
0 0 0 0 0 0 0 5 10860 20222 
0 0 0 0 0 0 0 5 10870 20213 
0 0 0 0 0 0 0 5 10880 20204 
0 0 0 0 0 0 0 5 10890 20195 
0 0 0 0 0 0 0 5 10900 20186 
0 0 0 0 0 0 0 5 10910 20177 
0 0 0 0 0 0 0 5 10920 20168 
0 0 0 0 0 0 0 5 10930 20159 
0 0 0 0 0 0 0 5 10940 20150 
0 0 0 0 0 0 0 5 10950 20141 
0 0 0 0 0 0 0 5 10960 20132 
0 0 0 0 0 0 0 5 10970 20123 
0 0 0 0 0 0 0 5 10980 20114 
0 0 0 0 0 0 0 5 10990 20105 
0 0 0 0 0 0 0 5 11000 20096 
0 0 0 0 0 0 0 5 11010 20087 
0 0 0 0 0 0 0 5 11020 20078 
0 0 0 0 0 0 0 5 11030 20069 
0 0 0 0 0 0 0 5 11040 20060 
0 0 0 0 0 0 0 5 11050 20051 
0 0 0 0 0 0 0 5 11060 20042 
0 0 0 0 0 0 0 5 11070 20033 
0 0 0 0 0 0 0 5 11080 20024 
0 0 0 0 0 0 0 5 11090 20015 
0 0 0 0 0 0 0 5 11100 20006 
0 0 0 0 0 0 0 5 11110 19997 
0 0 0 0 0 0 0 5 11120 19988 
0 0 0 0 0 0 0 5 11130 19979 
0 0 0 0 0 0 0 5 11140 19970 
0 0 0 0 0 0 0 5 11150 19961 
0 0 0 0 0 0 0 5 11160 19952 
0 0 0 0 0 0 0 5 11170 19943 
0 0 0 0 0 0 0 5 11180 19934 
0 0 0 0 0 0 0 5 11190 19925 
0 0 0 0 0 0 0 5 11200 19916 
0 0 0 0 0 0 0 5 11210 19907 
0 0 0 0 0 0 0 5 11220 19898 
0 0 0 0 0 0 0 5 11230 19889 
0 0 0 0 0 0 0 5 11240 19880 
0 0 0 0 0 0 0 5 11250 19871 
0 0 0 0 0 0 0 5 11260 19862 
0 0 0 0 0 0 0 5 11270 19853 
0 0 0 0 0 0 0 5 11280 19844 
0 0 0 0 0 0 0 5 11290 19835 
0 0 0 0 0 0 0 5 11300 19826 
0 0 0 0 0 0 0 5 11310 19817 
0 0 0 0 0 0 0 5 11320 19808 
0 0 0 0 0 0 0 5 11330 19799 
0 0 0 0 0 0 0 5 11340 19790 
0 0 0 0 0 0 0 5 11350 19781 
0 0 0 0 0 0 0 5 11360 19772 
0 0 0 0 0 0 0 5 11370 19763 
0 0 0 0 0 0 0 5 11380 19754 
0 0 0 0 0 0 0 5 11390 19745 
0 0 0 0 0 0 0 5 11400 19736 
0 0 0 0 0 0 0 5 11410 19727 
0 0 0 0 0 0 0 5 11420 19718 
0 0 0 0 0 0 0 5 11430 19709 
0 0 0 0 0 0 0 5 11440 19700 
0 0 0 0 0 0 0 5 11450 19691 
0 0 0 0 0 0 0 5 11460 19682 
0 0 0 0 0 0 0 5 11470 19673 
0 0 0 0 0 0 0 5 11480 19664 
0 0 0 0 0 0 0 5 11490 19655 
0 0 0 0 0 0 0 5 11500 19646 
0 0 0 0 0 0 0 5 11510 19637 
0 0 0 0 0 0 0 5 11520 19628 
0 0 0 0 0 0 0 5 11530 19619 
0 0 0 0 0 0 0 5 11540 19610 
0 0 0 0 0 0 0 5 11550 19601 
0 0 0 0 0 0 0 5 11560 19592 
0 0 0 0 0 0 0 5 11570 19583 
0 0 0 0 0 0 0 5 11580 19574 
0 0 0 0 0 0 0 5 11590 19565 
0 0 0 0 0 0 0 5 11600 19556 
0 0 0 0 0 0 0 5 11610 19547 
0 0 0 0 0 0 0 5 11620 19538 
0 0 0 0 0 0 0 5 11630 19529 
0 0 0 0 0 0 0 5 11640 19520 
0 0 0 0 0 0 0 5 11650 19511 
0 0 0 0 0 0 0 5 11660 19502 
0 0 0 0 0 0 0 5 11670 19493 
0 0 0 0 0 0 0 5 11680 19484 
0 0 0 0 0 0 0 5 11690 19475 
0 0 0 0 0 0 0 5 11700 19466 
0 0 0 0 0 0 0 5 11710 19457 
0 0 0 0 0 0 0 5 11720 19448 
0 0 0 0 0 0 0 5 11730 19439 
0 0 0 0 0 0 0 5 11740 19430 
0 0 0 0 0 0 0 5 11750 19421 
0 0 0 0 0 0 0 5 11760 19412 
0 0 0 0 0 0 0 5 11770 19403 
0 0 0 0 0 0 0 5 11780 19394 
0 0 0 0 0 0 0 5 11790 19385 
0 0 0 0 0 0 0 5 11800 19376 
0 0 0 0 0 0 0 5 11810 19367 
0 0 0 0 0 0 0 5 11820 19358 
0 0 0 0 0 0 0 5 11830 19349 
0 0 0 0 0 0 0 5 11840 19340 
0 0 0 0 0 0 0 5 11850 19331 
0 0 0 0 0 0 0 5 11860 19322 
0 0 0 0 0 0 0 5 11870 19313 
0 0 0 0 0 0 0 5 11880 19304 
0 0 0 0 0 0 0 5 11890 19295 
0 0 0 0 0 0 0 5 11900 19286 
0 0 0 0 0 0 0 5 11910 19277 
0 0 0 0 0 0 0 5 11920 19268 
0 0 0 0 0 0 0 5 11930 19259 
0 0 0 0 0 0 0 5 11940 19250 
0 0 0 0 0 0 0 5 11950 19241 
0 0 0 0 0 0 0 5 11960 19232 
0 0 0 0 0 0 0 5 11970 19223 
0 0 0 0 0 0 0 5 11980 19214 
0 0 0 0 0 0 0 5 11990 19205 
0 0 0 0 0 0 0 5 12000 19196 
0 0 0 0 0 0 0 5 12010 19187 
0 0 0 0 0 0 0 5 12020 19178 
0 0 0 0 0 0 0 5 12030 19169 
0 0 0 0 0 0 0 5 12040 19160 
0 0 0 0 0 0 0 5 12050 19151 
0 0 0 0 0 0 0 5 12060 19142 
0 0 0 0 0 0 0 5 12070 19133 
0 0 0 0 0 0 0 5 12080 19124 
0 0 0 0 0 0 0 5 12090 19115 
0 0 0 0 0 0 0 5 12100 19106 
0 0 0 0 0 0 0 5 12110 19097 
0 0 0 0 0 0 0 5 12120 19088 
0 0 0 0 0 0 0 5 12130 19079 
0 0 0 0 0 0 0 5 12140 19070 
0 0 0 0 0 0 0 5 12150 19061 
0 0 0 0 0 0 0 5 12160 19052 
0 0 0 0 0 0 0 5 12170 19043 
0 0 0 0 0 0 0 5 12180 19034 
0 0 0 0 0 0 0 5 12190 19025 
0 0 0 0 0 0 0 5 12200 19016 
0 0 0 0 0 0 0 5 12210 19007 
0 0 0 0 0 0 0 5 12220 18998 
0 0 0 0 0 0 0 5 12230 18989 
0 0 0 0 0 0 0 5 12240 18980 
0 0 0 0 0 0 0 5 12250 18971 
0 0 0 0 0 0 0 5 12260 18962 
0 0 0 0 0 0 0 5 12270 18953 
0 0 0 0 0 0 0 5 12280 18944 
0 0 0 0 0 0 0 5 12290 18935 
0 0 0 0 0 0 0 5 12300 18926 
0 0 0 0 0 0 0 5 12310 18917 
0 0 0 0 0 0 0 5 12320 18908 
0 0 0 0 0 0 0 5 12330 18899 
0 0 0 0 0 0 0 5 12340 18890 
0 0 0 0 0 0 0 5 12350 18881 
0 0 0 0 0 0 0 5 12360 18872 
0 0 0 0 0 0 0 5 12370 18863 
0 0 0 0 0 0 0 5 12380 18854 
0 0 0 0 0 0 0 5 12390 18845 
0 0 0 0 0 0 0 5 12400 18836 
0 0 0 0 0 0 0 5 12410 18827 
0 0 0 0 0 0 0 5 12420 18818 
0 0 0 0 0 0 0 5 12430 18809 
0 0 0 0 0 0 0 5 12440 18800 
0 0 0 0 0 0 0 5 12450 18791 
0 0 0 0 0 0 0 5 12460 18782 
0 0 0 0 0 0 0 5 12470 18773 
0 0 0 0 0 0 0 5 12480 18764 
0 0 0 0 0 0 0 5 12490 18755 
0 0 0 0 0 0 0 5 12500 18746 
0 0 0 0 0 0 0 5 12510 18737 
0 0 0 0 0 0 0 5 12520 18728 
0 0 0 0 0 0 0 5 12530 18719 
0 0 0 0 0 0 0 5 12540 18710 
0 0 0 0 0 0 0 5 12550 18701 
0 0 0 0 0 0 0 5 12560 18692 
0 0 0 0 0 0 0 5 12570 18683 
0 0 0 0 0 0 0 5 12580 18674 
0 0 0 0 0 0 0 5 12590 18665 
0 0 0 0 0 0 0 5 12600 18656 
0 0 0 0 0 0 0 5 12610 18647 
0 0 0 0 0 0 0 5 12620 18638 
0 0 0 0 0 0 0 5 12630 18629 
0 0 0 0 0 0 0 5 12640 18620 
0 0 0 0 0 0 0 5 12650 18611 
0 0 0 0 0 0 0 5 12660 18602 
0 0 0 0 0 0 0 5 12670 18593 
0 0 0 0 0 0 0 5 12680 18584 
0 0 0 0 0 0 0 5 12690 18575 
0 0 0 0 0 0 0 5 12700 18566 
0 0 0 0 0 0 0 5 12710 18557 
0 0 0 0 0 0 0 5 12720 18548 
0 0 0 0 0 0 0 5 12730 18539 
0 0 0 0 0 0 0 5 12740 18530 
0 0 0 0 0 0 0 5 12750 18521 
0 0 0 0 0 0 0 5 12760 18512 
0 0 0 0 0 0 0 5 12770 18503 
0 0 0 0 0 0 0 5 12780 18494 
0 0 0 0 0 0 0 5 12790 18485 
0 0 0 0 0 0 0 5 12800 18476 
0 0 0 0 0 0 0 5 12810 18467 
0 0 0 0 0 0 0 5 12820 18458 
0 0 0 0 0 0 0 5 12830 18449 
0 0 0 0 0 0 0 5 12840 18440 
0 0 0 0 0 0 0 5 12850 18431 
0 0 0 0 0 0 0 5 12860 18422 
0 0 0 0 0 0 0 5 12870 18413 
0 0 0 0 0 0 0 5 12880 18404 
0 0 0 0 0 0 0 5 12890 18395 
0 0 0 0 0 0 0 5 12900 18386 
0 0 0 0 0 0 0 5 12910 18377 
0 0 0 0 0 0 0 5 12920 18368 
0 0 0 0 0 0 0 5 12930 18359 
0 0 0 0 0 0 0 5 12940 18350 
0 0 0 0 0 0 0 5 12950 18341 
0 0 0 0 0 0 0 5 12960 18332 
0 0 0 0 0 0 0 5 12970 18323 
0 0 0 0 0 0 0 5 12980 18314 
0 0 0 0 0 0 0 5 12990 18305 
0 0 0 0 0 0 0 5 13000 18296 
0 0 0 0 0 0 0 5 13010 18287 
0 0 0 0 0 0 0 5 13020 18278 
0 0 0 0 0 0 0 5 13030 18269 
0 0 0 0 0 0 0 5 13040 18260 
0 0 0 0 0 0 0 5 13050 18251 
0 0 0 0 0 0 0 5 13060 18242 
0 0 0 0 0 0 0 5 13070 18233 
0 0 0 0 0 0 0 5 13080 18224 
0 0 0 0 0 0 0 5 13090 18215 
0 0 0 0 0 0 0 5 13100 18206 
0 0 0 0 0 0 0 5 13110 18197 
0 0 0 0 0 0 0 5 13120 18188 
0 0 0 0 0 0 0 5 13130 18179 
0 0 0 0 0 0 0 5 13140 18170 
0 0 0 0 0 0 0 5 13150 18161 
0 0 0 0 0 0 0 5 13160 18152 
0 0 0 0 0 0 0 5 13170 18143 
0 0 0 0 0 0 0 5 13180 18134 
0 0 0 0 0 0 0 5 13190 18125 
0 0 0 0 0 0 0 5 13200 18116 
0 0 0 0 0 0 0 5 13210 18107 
0 0 0 0 0 0 0 5 13220 18098 
0 0 0 0 0 0 0 5 13230 18089 
0 0 0 0 0 0 0 5 13240 18080 
0 0 0 0 0 0 0 5 13250 18071 
0 0 0 0 0 0 0 5 13260 18062 
0 0 0 0 0 0 0 5 13270 18053 
0 0 0 0 0 0 0 5 13280 18044 
0 0 0 0 0 0 0 5 13290 18035 
0 0 0 0 0 0 0 5 13300 18026 
0 0 0 0 0 0 0 5 13310 18017 
0 0 0 0 0 0 0 5 13320 18008 
0 0 0 0 0 0 0 5 13330 17999 
0 0 0 0 0 0 0 5 13340 17990 
0 0 0 0 0 0 0 5 13350 17981 
0 0 0 0 0 0 0 5 13360 17972 
0 0 0 0 0 0 0 5 13370 17963 
0 0 0 0 0 0 0 5 13380 17954 
0 0 0 0 0 0 0 5 13390 17945 
0 0 0 0 0 0 0 5 13400 17936 
0 0 0 0 0 0 0 5 13410 17927 
0 0 0 0 0 0 0 5 13420 17918 
0 0 0 0 0 0 0 5 13430 17909 
0 0 0 0 0 0 0 5 13440 17900 
0 0 0 0 0 0 0 5 13450 17891 
0 0 0 0 0 0 0 5 13460 17882 
0 0 0 0 0 0 0 5 13470 17873 
0 0 0 0 0 0 0 5 13480 17864 
0 0 0 0 0 0 0 5 13490 17855 
0 0 0 0 0 0 0 5 13500 17846 
0 0 0 0 0 0 0 5 13510 17837 
0 0 0 0 0 0 0 5 13520 17828 
0 0 0 0 0 0 0 5 13530 17819 
0 0 0 0 0 0 0 5 13540 17810 
0 0 0 0 0 0 0 5 13550 17801 
0 0 0 0 0 0 0 5 13560 17792 
0 0 0 0 0 0 0 5 13570 17783 
0 0 0 0 0 0 0 5 13580 17774 
0 0 0 0 0 0 0 5 13590 17765 
0 0 0 0 0 0 0 5 13600 17756 
0 0 0 0 0 0 0 5 13610 17747 
0 0 0 0 0 0 0 5 13620 17738 
0 0 0 0 0 0 0 5 13630 17729 
0 0 0 0 0 0 0 5 13640 17720 
0 0 0 0 0 0 0 5 13650 17711 
0 0 0 0 0 0 0 5 13660 17702 
0 0 0 0 0 0 0 5 13670 17693 
0 0 0 0 0 0 0 5 13680 17684 
0 0 0 0 0 0 0 5 13690 17675 
0 0 0 0 0 0 0 5 13700 17666 
0 0 0 0 0 0 0 5 13710 17657 
0 0 0 0 0 0 0 5 13720 17648 
0 0 0 0 0 0 0 5 13730 17639 
0 0 0 0 0 0 0 5 13740 17630 
0 0 0 0 0 0 0 5 13750 17621 
0 0 0 0 0 0 0 5 13760 17612 
0 0 0 0 0 0 0 5 13770 17603 
0 0 0 0 0 0 0 5 13780 17594 
0 0 0 0 0 0 0 5 13790 17585 
0 0 0 0 0 0 0 5 13800 17576 
0 0 0 0 0 0 0 5 13810 17567 
0 0 0 0 0 0 0 5 13820 17558 
0 0 0 0 0 0 0 5 13830 17549 
0 0 0 0 0 0 0 5 13840 17540 
0 0 0 0 0 0 0 5 13850 17531 
0 0 0 0 0 0 0 5 13860 17522 
0 0 0 0 0 0 0 5 13870 17513 
0 0 0 0 0 0 0 5 13880 17504 
0 0 0 0 0 0 0 5 13890 17495 
0 0 0 0 0 0 0 5 13900 17486 
0 0 0 0 0 0 0 5 13910 17477 
0 0 0 0 0 0 0 5 13920 17468 
0 0 0 0 0 0 0 5 13930 17459 
0 0 0 0 0 0 0 5 13940 17450 
0 0 0 0 0 0 0 5 13950 17441 
0 0 0 0 0 0 0 5 13960 17432 
0 0 0 0 0 0 0 5 13970 17423 
0 0 0 0 0 0 0 5 13980 17414 
0 0 0 0 0 0 0 5 13990 17405 
0 0 0 0 0 0 0 5 14000 17396 
0 0 0 0 0 0 0 5 14010 17387 
0 0 0 0 0 0 0 5 14020 17378 
0 0 0 0 0 0 0 5 14030 17369 
0 0 0 0 0 0 0 5 14040 17360 
0 0 0 0 0 0 0 5 14050 17351 
0 0 0 0 0 0 0 5 14060 17342 
0 0 0 0 0 0 0 5 14070 17333 
0 0 0 0 0 0 0 5 14080 17324 
0 0 0 0 0 0 0 5 14090 17315 
0 0 0 0 0 0 0 5 14100 17306 
0 0 0 0 0 0 0 5 14110 17297 
0 0 0 0 0 0 0 5 14120 17288 
0 0 0 0 0 0 0 5 14130 17279 
0 0 0 0 0 0 0 5 14140 17270 
0 0 0 0 0 0 0 5 14150 17261 
0 0 0 0 0 0 0 5 14160 17252 
0 0 0 0 0 0 0 5 14170 17243 
0 0 0 0 0 0 0 5 14180 17234 
0 0 0 0 0 0 0 5 14190 17225 
0 0 0 0 0 0 0 5 14200 17216 
0 0 0 0 0 0 0 5 14210 17207 
0 0 0 0 0 0 0 5 14220 17198 
0 0 0 0 0 0 0 5 14230 17189 
0 0 0 0 0 0 0 5 14240 17180 
0 0 0 0 0 0 0 5 14250 17171 
0 0 0 0 0 0 0 5 14260 17162 
0 0 0 0 0 0 0 5 14270 17153 
0 0 0 0 0 0 0 5 14280 17144 
0 0 0 0 0 0 0 5 14290 17135 
0 0 0 0 0 0 0 5 14300 17126 
0 0 0 0 0 0 0 5 14310 17117 
0 0 0 0 0 0 0 5 14320 17108 
0 0 0 0 0 0 0 5 14330 17099 
0 0 0 0 0 0 0 5 14340 17090 
0 0 0 0 0 0 0 5 14350 17081 
0 0 0 0 0 0 0 5 14360 17072 
0 0 0 0 0 0 0 5 14370 17063 
0 0 0 0 0 0 0 5 14380 17054 
0 0 0 0 0 0 0 5 14390 17045 
0 0 0 0 0 0 0 5 14400 17036 
0 0 0 0 0 0 0 5 14410 17027 
0 0 0 0 0 0 0 5 14420 17018 
0 0 0 0 0 0 0 5 14430 17009 
0 0 0 0 0 0 0 5 14440 17000 
0 0 0 0 0 0 0 5 14450 16991 
0 0 0 0 0 0 0 5 14460 16982 
0 0 0 0 0 0 0 5 14470 16973 
0 0 0 0 0 0 0 5 14480 16964 
0 0 0 0 0 0 0 5 14490 16955 
0 0 0 0 0 0 0 5 14500 16946 
0 0 0 0 0 0 0 5 14510 16937 
0 0 0 0 0 0 0 5 14520 16928 
0 0 0 0 0 0 0 5 14530 16919 
0 0 0 0 0 0 0 5 14540 16910 
0 0 0 0 0 0 0 5 14550 16901 
0 0 0 0 0 0 0 5 14560 16892 
0 0 0 0 0 0 0 5 14570 16883 
0 0 0 0 0 0 0 5 14580 16874 
0 0 0 0 0 0 0 5 14590 16865 
0 0 0 0 0 0 0 5 14600 16856 
0 0 0 0 0 0 0 5 14610 16847 
0 0 0 0 0 0 0 5 14620 16838 
0 0 0 0 0 0 0 5 14630 16829 
0 0 0 0 0 0 0 5 14640 16820 
0 0 0 0 0 0 0 5 14650 16811 
0 0 0 0 0 0 0 5 14660 16802 
0 0 0 0 0 0 0 5 14670 16793 
0 0 0 0 0 0 0 5 14680 16784 
0 0 0 0 0 0 0 5 14690 16775 
0 0 0 0 0 0 0 5 14700 16766 
0 0 0 0 0 0 0 5 14710 16757 
0 0 0 0 0 0 0 5 14720 16748 
0 0 0 0 0 0 0 5 14730 16739 
0 0 0 0 0 0 0 5 14740 16730 
0 0 0 0 0 0 0 5 14750 16721 
0 0 0 0 0 0 0 5 14760 16712 
0 0 0 0 0 0 0 5 14770 16703 
0 0 0 0 0 0 0 5 14780 16694 
0 0 0 0 0 0 0 5 14790 16685 
0 0 0 0 0 0 0 5 14800 16676 
0 0 0 0 0 0 0 5 14810 16667 
0 0 0 0 0 0 0 5 14820 16658 
0 0 0 0 0 0 0 5 14830 16649 
0 0 0 0 0 0 0 5 14840 16640 
0 0 0 0 0 0 0 5 14850 16631 
0 0 0 0 0 0 0 5 14860 16622 
0 0 0 0 0 0 0 5 14870 16613 
0 0 0 0 0 0 0 5 14880 16604 
0 0 0 0 0 0 0 5 14890 16595 
0 0 0 0 0 0 0 5 14900 16586 
0 0 0 0 0 0 0 5 14910 16577 
0 0 0 0 0 0 0 5 14920 16568 
0 0 0 0 0 0 0 5 14930 16559 
0 0 0 0 0 0 0 5 14940 16550 
0 0 0 0 0 0 0 5 14950 16541 
0 0 0 0 0 0 0 5 14960 16532 
0 0 0 0 0 0 0 5 14970 16523 
0 0 0 0 0 0 0 5 14980 16514 
0 0 0 0 0 0 0 5 14990 16505 
0 0 0 0 0 0 0 5 15000 16496 
0 0 0 0 0 0 0 5 15010 16487 
0 0 0 0 0 0 0 5 15020 16478 
0 0 0 0 0 0 0 5 15030 16469 
0 0 0 0 0 0 0 5 15040 16460 
0 0 0 0 0 0 0 5 15050 16451 
0 0 0 0 0 0 0 5 15060 16442 
0 0 0 0 0 0 0 5 15070 16433 
0 0 0 0 0 0 0 5 15080 16424 
0 0 0 0 0 0 0 5 15090 16415 
0 0 0 0 0 0 0 5 15100 16406 
0 0 0 0 0 0 0 5 15110 16397 
0 0 0 0 0 0 0 5 15120 16388 
0 0 0 0 0 0 0 5 15130 16379 
0 0 0 0 0 0 0 5 15140 16370 
0 0 0 0 0 0 0 5 15150 16361 
0 0 0 0 0 0 0 5 15160 16352 
0 0 0 0 0 0 0 5 15170 16343 
0 0 0 0 0 0 0 5 15180 16334 
0 0 0 0 0 0 0 5 15190 16325 
0 0 0 0 0 0 0 5 15200 16316 
0 0 0 0 0 0 0 5 15210 16307 
0 0 0 0 0 0 0 5 15220 16298 
0 0 0 0 0 0 0 5 15230 16289 
0 0 0 0 0 0 0 5 15240 16280 
0 0 0 0 0 0 0 5 15250 16271 
0 0 0 0 0 0 0 5 15260 16262 
0 0 0 0 0 0 0 5 15270 16253 
0 0 0 0 0 0 0 5 15280 16244 
0 0 0 0 0 0 0 5 15290 16235 
0 0 0 0 0 0 0 5 15300 16226 
0 0 0 0 0 0 0 5 15310 16217 
0 0 0 0 0 0 0 5 15320 16208 
0 0 0 0 0 0 0 5 15330 16199 
0 0 0 0 0 0 0 5 15340 16190 
0 0 0 0 0 0 0 5 15350 16181 
0 0 0 0 0 0 0 5 15360 16172 
0 0 0 0 0 0 0 5 15370 16163 
0 0 0 0 0 0 0 5 15380 16154 
0 0 0 0 0 0 0 5 15390 16145 
0 0 0 0 0 0 0 5 15400 16136 
0 0 0 0 0 0 0 5 15410 16127 
0 0 0 0 0 0 0 5 15420 16118 
0 0 0 0 0 0 0 5 15430 16109 
0 0 0 0 0 0 0 5 15440 16100 
0 0 0 0 0 0 0 5 15450 16091 
0 0 0 0 0 0 0 5 15460 16082 
0 0 0 0 0 0 0 5 15470 16073 
0 0 0 0 0 0 0 5 15480 16064 
0 0 0 0 0 0 0 5 15490 16055 
0 0 0 0 0 0 0 5 15500 16046 
0 0 0 0 0 0 0 5 15510 16037 
0 0 0 0 0 0 0 5 15520 16028 
0 0 0 0 0 0 0 5 15530 16019 
0 0 0 0 0 0 0 5 15540 16010 
0 0 0 0 0 0 0 5 15550 16001 
0 0 0 0 0 0 0 5 15560 15992 
0 0 0 0 0 0 0 5 15570 15983 
0 0 0 0 0 0 0 5 15580 15974 
0 0 0 0 0 0 0 5 15590 15965 
0 0 0 0 0 0 0 5 15600 15956 
0 0 0 0 0 0 0 5 15610 15947 
0 0 0 0 0 0 0 5 15620 15938 
0 0 0 0 0 0 0 5 15630 15929 
0 0 0 0 0 0 0 5 15640 15920 
0 0 0 0 0 0 0 5 15650 15911 
0 0 0 0 0 0 0 5 15660 15902 
0 0 0 0 0 0 0 5 15670 15893 
0 0 0 0 0 0 0 5 15680 15884 
0 0 0 0 0 0 0 5 15690 15875 
0 0 0 0 0 0 0 5 15700 15866 
0 0 0 0 0 0 0 5 15710 15857 
0 0 0 0 0 0 0 5 15720 15848 
0 0 0 0 0 0 0 5 15730 15839 
0 0 0 0 0 0 0 5 15740 15830 
0 0 0 0 0 0 0 5 15750 15821 
0 0 0 0 0 0 0 5 15760 15812 
0 0 0 0 0 0 0 5 15770 15803 
0 0 0 0 0 0 0 5 15780 15794 
0 0 0 0 0 0 0 5 15790 15785 
0 0 0 0 0 0 0 5 15800 15776 
0 0 0 0 0 0 0 5 15810 15767 
0 0 0 0 0 0 0 5 15820 15758 
0 0 0 0 0 0 0 5 15830 15749 
0 0 0 0 0 0 0 5 15840 15740 
0 0 0 0 0 0 0 5 15850 15731 
0 0 0 0 0 0 0 5 15860 15722 
0 0 0 0 0 0 0 5 15870 15713 
0 0 0 0 0 0 0 5 15880 15704 
0 0 0 0 0 0 0 5 15890 15695 
0 0 0 0 0 0 0 5 15900 15686 
0 0 0 0 0 0 0 5 15910 15677 
0 0 0 0 0 0 0 5 15920 15668 
0 0 0 0 0 0 0 5 15930 15659 
0 0 0 0 0 0 0 5 15940 15650 
0 0 0 0 0 0 0 5 15950 15641 
0 0 0 0 0 0 0 5 15960 15632 
0 0 0 0 0 0 0 5 15970 15623 
0 0 0 0 0 0 0 5 15980 15614 
0 0 0 0 0 0 0 5 15990 15605 
0 0 0 0 0 0 0 5 16000 15596 
0 0 0 0 0 0 0 5 16010 15587 
0 0 0 0 0 0 0 5 16020 15578 
0 0 0 0 0 0 0 5 16030 15569 
0 0 0 0 0 0 0 5 16040 15560 
0 0 0 0 0 0 0 5 16050 15551 
0 0 0 0 0 0 0 5 16060 15542 
0 0 0 0 0 0 0 5 16070 15533 
0 0 0 0 0 0 0 5 16080 15524 
0 0 0 0 0 0 0 5 16090 15515 
0 0 0 0 0 0 0 5 16100 15506 
0 0 0 0 0 0 0 5 16110 15497 
0 0 0 0 0 0 0 5 16120 15488 
0 0 0 0 0 0 0 5 16130 15479 
0 0 0 0 0 0 0 5 16140 15470 
0 0 0 0 0 0 0 5 16150 15461 
0 0 0 0 0 0 0 5 16160 15452 
0 0 0 0 0 0 0 5 16170 15443 
0 0 0 0 0 0 0 5 16180 15434 
0 0 0 0 0 0 0 5 16190 15425 
0 0 0 0 0 0 0 5 16200 15416 
0 0 0 0 0 0 0 5 16210 15407 
0 0 0 0 0 0 0 5 16220 15398 
0 0 0 0 0 0 0 5 16230 15389 
0 0 0 0 0 0 0 5 16240 15380 
0 0 0 0 0 0 0 5 16250 15371 
0 0 0 0 0 0 0 5 16260 15362 
0 0 0 0 0 0 0 5 16270 15353 
0 0 0 0 0 0 0 5 16280 15344 
0 0 0 0 0 0 0 5 16290 15335 
0 0 0 0 0 0 0 5 16300 15326 
0 0 0 0 0 0 0 5 16310 15317 
0 0 0 0 0 0 0 5 16320 15308 
0 0 0 0 0 0 0 5 16330 15299 
0 0 0 0 0 0 0 5 16340 15290 
0 0 0 0 0 0 0 5 16350 15281 
0 0 0 0 0 0 0 5 16360 15272 
0 0 0 0 0 0 0 5 16370 15263 
0 0 0 0 0 0 0 5 16380 15254 
0 0 0 0 0 0 0 5 16390 15245 
0 0 0 0 0 0 0 5 16400 15236 
0 0 0 0 0 0 0 5 16410 15227 
0 0 0 0 0 0 0 5 16420 15218 
0 0 0 0 0 0 0 5 16430 15209 
0 0 0 0 0 0 0 5 16440 15200 
0 0 0 0 0 0 0 5 16450 15191 
0 0 0 0 0 0 0 5 16460 15182 
0 0 0 0 0 0 0 5 16470 15173 
0 0 0 0 0 0 0 5 16480 15164 
0 0 0 0 0 0 0 5 16490 15155 
0 0 0 0 0 0 0 5 16500 15146 
0 0 0 0 0 0 0 5 16510 15137 
0 0 0 0 0 0 0 5 16520 15128 
0 0 0 0 0 0 0 5 16530 15119 
0 0 0 0 0 0 0 5 16540 15110 
0 0 0 0 0 0 0 5 16550 15101 
0 0 0 0 0 0 0 5 16560 15092 
